-0.00,-0.00,-0.00,-0.00,-0.00
-0.00,-0.00,-0.00,-0.00,-0.00
-0.00,-0.00,-0.00,-0.00,-0.00
-0.00,-0.00,-0.00,-0.00,-0.00
-0.00,-0.00,-0.00,-0.00,-0.00
-0.00,-0.00,-0.00,-0.00,-0.00
-0.00,-0.00,-0.00,-0.00,-0.00
-0.00,-0.00,1.07,2.11,-0.00
1.79,1.79,13.70,8.08,5.71
6.47,6.47,29.17,14.02,10.91
6.31,6.31,29.89,14.24,11.31
5.83,5.83,30.61,13.54,9.97
5.24,5.24,30.24,11.67,9.41
4.79,4.79,29.33,10.30,7.49
5.51,5.51,29.32,11.66,8.88
6.48,6.48,27.96,12.07,6.43
7.86,7.86,27.27,12.72,7.46
12.89,12.89,26.40,12.24,7.54
26.35,26.35,30.95,14.74,17.82
34.82,34.82,48.15,23.34,34.68
34.81,34.81,61.89,38.59,49.47
22.66,22.66,59.79,56.05,57.24
20.03,20.03,58.10,62.51,69.26
22.39,22.39,56.13,67.12,71.65
20.84,20.84,56.49,66.20,72.91
17.59,17.59,56.29,66.16,75.32
20.02,20.02,58.22,62.64,75.99
20.13,20.13,59.49,65.13,76.61
21.11,21.11,58.52,68.52,77.69
21.66,21.66,59.71,69.57,77.73
21.71,21.71,58.29,68.70,77.39
19.75,19.75,58.17,68.68,76.11
13.30,13.30,57.85,63.87,77.85
8.24,8.24,60.15,64.57,77.80
8.90,8.90,60.59,67.03,77.90
8.31,8.31,60.58,66.75,77.57
6.98,6.98,59.21,68.68,77.68
9.55,9.55,59.43,68.49,77.54
15.36,15.36,60.45,69.40,77.39
15.01,15.01,59.44,70.03,77.72
9.13,9.13,58.20,69.11,76.51
5.82,5.82,58.79,69.74,77.47
7.90,7.90,57.57,68.85,77.52
9.77,9.77,56.63,69.91,77.53
11.22,11.22,56.82,69.64,76.98
13.09,13.09,55.11,70.88,76.90
18.20,18.20,54.72,69.51,77.05
17.80,17.80,54.36,69.26,75.89
20.37,20.37,53.91,67.54,76.80
21.54,21.54,53.96,66.89,76.63
24.14,24.14,53.51,67.64,77.37
23.39,23.39,53.06,66.96,76.98
24.37,24.37,52.79,66.66,77.03
23.61,23.61,51.91,65.44,76.53
26.19,26.19,51.51,65.50,76.59
26.80,26.80,50.00,57.39,76.05
27.81,27.81,50.01,56.06,77.13
27.82,27.82,49.79,53.44,77.19
28.02,28.02,48.66,58.79,77.72
29.35,29.35,47.71,65.84,79.30
29.00,29.00,45.57,65.97,78.06
29.11,29.11,44.86,66.63,78.13
28.41,28.41,43.01,65.87,78.44
27.35,27.35,42.37,65.91,78.62
28.62,28.62,42.88,63.67,78.83
29.10,29.10,43.98,63.35,78.09
28.67,28.67,42.92,63.17,77.40
28.61,28.61,44.14,63.89,76.60
27.15,27.15,44.15,58.58,76.61
27.80,27.80,43.59,55.54,77.63
27.99,27.99,41.08,63.56,78.46
29.17,29.17,41.87,65.75,77.08
27.62,27.62,41.72,66.49,78.59
28.66,28.66,40.76,65.25,76.96
27.80,27.80,41.74,64.95,77.20
27.50,27.50,41.63,65.26,77.55
26.84,26.84,40.68,64.48,76.95
26.71,26.71,39.56,66.35,77.85
25.95,25.95,35.94,64.95,77.97
24.69,24.69,35.93,64.49,77.93
23.58,23.58,35.47,60.71,79.12
23.80,23.80,37.09,56.05,77.10
27.47,27.47,40.35,60.08,78.45
23.82,23.82,36.84,62.87,77.22
23.28,23.28,36.90,61.80,74.92
21.00,21.00,34.94,63.16,75.51
18.93,18.93,32.42,63.55,76.72
20.64,20.64,31.96,63.56,75.86
21.95,21.95,34.73,64.29,77.45
21.20,21.20,31.62,64.57,76.48
19.11,19.11,30.35,66.31,77.91
18.63,18.63,30.26,65.78,77.50
19.91,19.91,31.83,66.10,76.67
18.27,18.27,30.75,62.08,77.31
20.49,20.49,31.62,62.39,77.00
21.74,21.74,28.24,64.42,77.03
22.16,22.16,27.62,66.13,76.88
20.30,20.30,27.03,66.39,75.38
17.89,17.89,25.23,65.63,77.27
17.62,17.62,25.24,65.28,77.37
18.95,18.95,25.58,65.71,76.07
20.48,20.48,24.41,66.80,78.15
19.69,19.69,24.11,65.93,77.46
16.65,16.65,23.39,66.89,77.31
16.19,16.19,20.71,66.04,77.64
15.38,15.38,22.18,63.85,75.88
14.42,14.42,23.52,55.02,76.73
17.87,17.87,29.58,62.29,77.68
22.99,22.99,34.50,66.14,77.90
18.23,18.23,29.23,65.91,76.95
17.68,17.68,23.98,65.41,76.43
19.83,19.83,24.48,65.86,76.49
15.40,15.40,21.58,64.98,76.41
16.05,16.05,21.89,65.09,77.83
14.83,14.83,19.58,62.93,77.37
15.57,15.57,19.67,63.91,77.82
14.65,14.65,19.72,63.65,78.12
11.90,11.90,20.81,61.23,77.02
13.92,13.92,22.45,48.00,76.43
14.25,14.25,21.37,53.99,77.71
14.81,14.81,23.49,61.24,76.52
13.55,13.55,21.75,65.64,78.74
12.39,12.39,23.26,64.39,76.69
13.96,13.96,20.97,64.27,76.73
12.84,12.84,19.81,63.71,76.93
15.66,15.66,19.19,65.16,76.17
16.45,16.45,19.63,64.68,75.97
18.88,18.88,20.56,65.38,76.35
18.80,18.80,20.12,64.60,74.23
18.63,18.63,22.27,64.65,76.30
17.86,17.86,23.24,64.90,75.90
13.49,13.49,21.74,61.70,75.51
13.60,13.60,26.82,57.62,75.47
19.28,19.28,33.06,62.99,76.18
18.08,18.08,26.38,65.06,76.35
20.51,20.51,24.63,65.40,76.56
21.39,21.39,24.49,64.65,76.63
18.08,18.08,24.51,66.06,77.33
14.82,14.82,23.45,65.40,77.08
15.31,15.31,22.84,65.97,77.49
14.87,14.87,20.91,66.43,77.92
15.29,15.29,19.48,65.73,76.70
18.01,18.01,18.89,66.71,77.94
19.76,19.76,21.89,65.70,76.87
18.11,18.11,21.59,62.04,75.01
20.23,20.23,21.42,54.75,75.80
17.28,17.28,19.97,54.91,75.99
16.82,16.82,21.92,57.66,76.21
13.50,13.50,20.30,57.68,76.03
17.75,17.75,20.68,60.00,75.61
14.38,14.38,21.45,60.71,75.26
14.41,14.41,22.21,62.06,75.31
16.61,16.61,24.51,62.61,75.33
14.11,14.11,23.89,63.44,74.13
17.22,17.22,22.96,63.92,75.44
17.50,17.50,23.33,63.94,75.48
16.57,16.57,23.54,64.39,75.70
13.97,13.97,24.38,58.80,75.19
18.99,18.99,31.94,55.09,74.72
20.97,20.97,29.88,60.46,76.43
24.61,24.61,29.91,62.01,76.64
22.20,22.20,25.08,61.72,76.55
15.52,15.52,21.43,60.65,76.08
15.24,15.24,21.20,59.26,77.09
16.10,16.10,24.30,59.59,75.18
16.78,16.78,23.48,60.35,74.70
17.42,17.42,21.41,60.42,76.02
14.99,14.99,18.27,59.17,75.93
12.69,12.69,16.97,60.02,76.29
11.77,11.77,17.81,57.36,76.48
12.61,12.61,21.74,49.72,75.82
12.68,12.68,22.92,62.28,76.52
12.68,12.68,22.86,65.95,76.04
11.73,11.73,22.35,60.37,75.68
13.13,13.13,22.26,57.64,76.37
13.29,13.29,22.04,55.97,76.76
11.23,11.23,23.69,59.26,75.27
11.23,11.23,21.81,60.18,75.49
13.55,13.55,21.05,60.37,76.11
15.28,15.28,24.30,61.17,75.06
12.99,12.99,23.07,60.75,74.97
12.12,12.12,23.14,54.04,75.51
13.13,13.13,25.88,54.58,75.21
19.08,19.08,31.88,57.06,75.03
18.55,18.55,33.94,65.06,75.52
13.89,13.89,26.02,69.22,75.82
12.87,12.87,23.69,68.17,76.26
14.13,14.13,20.81,68.53,76.71
15.89,15.89,19.06,67.46,75.19
17.54,17.54,19.87,68.42,75.90
17.51,17.51,23.02,66.86,74.51
19.51,19.51,20.97,67.78,72.47
19.21,19.21,20.97,66.78,74.17
17.32,17.32,22.77,65.65,74.15
12.14,12.14,24.64,60.39,75.63
14.57,14.57,25.78,63.42,76.08
16.73,16.73,26.76,66.90,75.19
17.68,17.68,26.06,65.28,76.03
16.57,16.57,24.48,67.27,74.66
15.99,15.99,23.66,66.87,75.69
14.16,14.16,21.42,67.65,76.65
15.71,15.71,20.27,67.39,75.69
18.85,18.85,18.68,68.02,75.63
18.08,18.08,19.64,67.10,75.55
14.43,14.43,19.56,68.10,74.33
14.50,14.50,19.29,67.62,73.18
10.45,10.45,20.56,66.94,74.07
9.05,9.05,22.38,63.98,73.94
15.81,15.81,32.82,63.31,75.55
13.63,13.63,32.64,62.38,75.14
9.40,9.40,28.45,63.11,75.95
8.45,8.45,24.75,65.31,77.18
10.42,10.42,21.10,67.15,76.88
10.70,10.70,18.61,66.28,76.36
11.54,11.54,17.72,67.71,75.79
11.97,11.97,19.20,66.75,76.33
12.33,12.33,20.45,67.59,75.30
11.10,11.10,20.85,66.98,75.95
9.86,9.86,21.08,65.16,75.85
8.02,8.02,20.91,54.89,74.37
14.41,14.41,28.78,62.72,75.69
12.68,12.68,28.43,67.58,74.24
12.50,12.50,29.56,66.14,77.33
10.94,10.94,26.30,65.91,74.76
9.61,9.61,22.31,66.14,75.57
9.47,9.47,23.69,66.50,75.38
9.59,9.59,22.49,66.35,74.27
9.51,9.51,21.95,67.26,74.84
11.40,11.40,21.99,66.33,75.54
14.40,14.40,22.24,67.37,74.87
14.07,14.07,19.96,66.45,75.69
13.92,13.92,23.18,65.00,75.14
10.09,10.09,23.07,61.01,75.43
13.57,13.57,31.07,63.35,74.91
15.00,15.00,36.59,66.10,75.06
17.17,17.17,41.41,65.69,75.67
12.88,12.88,36.95,65.89,74.31
12.01,12.01,32.31,66.06,74.33
12.51,12.51,27.71,67.20,74.54
13.89,13.89,25.76,66.31,74.21
15.34,15.34,22.51,66.38,75.76
16.19,16.19,22.79,65.29,74.23
15.23,15.23,21.54,66.43,74.93
13.08,13.08,23.38,64.92,74.56
10.48,10.48,21.49,63.93,74.01
12.45,12.45,22.80,62.40,75.03
13.60,13.60,26.52,62.22,74.24
12.18,12.18,27.39,63.11,73.97
10.06,10.06,24.31,62.52,76.48
11.94,11.94,26.00,63.38,74.61
13.75,13.75,26.08,62.16,75.60
17.12,17.12,24.45,63.63,77.04
19.83,19.83,24.42,64.31,75.47
17.16,17.16,22.52,64.40,75.60
14.37,14.37,22.34,65.43,75.07
13.23,13.23,22.33,65.35,73.78
10.83,10.83,21.29,63.84,73.82
15.68,15.68,27.68,57.26,75.29
18.12,18.12,31.25,58.88,73.64
14.49,14.49,30.35,58.55,73.26
20.90,20.90,35.34,65.25,72.65
16.32,16.32,30.81,66.89,75.93
17.02,17.02,29.31,66.36,74.60
16.55,16.55,27.43,65.71,76.51
16.82,16.82,25.77,65.45,77.53
13.95,13.95,24.71,65.30,77.00
14.08,14.08,23.45,67.10,76.51
15.24,15.24,22.82,66.43,76.67
15.01,15.01,22.19,67.30,76.72
14.34,14.34,23.60,66.61,74.43
17.35,17.35,30.20,56.84,72.71
15.60,15.60,28.11,59.71,71.97
14.01,14.01,25.00,61.49,72.80
14.30,14.30,26.04,67.56,75.74
14.96,14.96,27.15,70.17,74.40
13.26,13.26,24.72,69.59,76.39
14.34,14.34,23.60,69.82,75.22
18.44,18.44,22.98,69.21,75.42
17.63,17.63,23.26,69.37,74.80
17.13,17.13,21.72,68.45,74.12
15.53,15.53,22.30,68.16,75.36
13.53,13.53,20.32,68.65,75.86
15.20,15.20,22.73,67.91,76.63
17.95,17.95,28.10,66.27,75.84
19.81,19.81,33.11,61.57,73.55
22.22,22.22,37.08,58.09,73.77
16.74,16.74,31.88,67.32,75.22
16.96,16.96,29.13,67.12,75.37
14.07,14.07,26.11,63.85,73.52
16.98,16.98,26.96,64.17,75.98
17.67,17.67,26.80,62.99,74.20
17.97,17.97,23.85,62.67,75.25
20.90,20.90,26.28,61.37,76.93
16.60,16.60,23.88,61.98,74.94
14.44,14.44,25.04,60.48,76.62
16.13,16.13,26.67,59.93,75.10
17.26,17.26,31.79,59.82,74.38
14.63,14.63,26.98,61.60,73.98
14.91,14.91,25.40,68.27,74.52
16.79,16.79,25.29,68.72,75.58
16.45,16.45,25.23,69.90,73.10
15.25,15.25,24.31,69.39,72.73
17.26,17.26,24.29,68.76,72.82
18.13,18.13,25.22,69.60,73.27
18.60,18.60,23.96,68.92,73.97
16.71,16.71,21.89,68.96,74.24
14.48,14.48,21.36,68.30,71.58
12.97,12.97,22.94,68.12,74.56
14.97,14.97,28.12,64.14,74.48
15.47,15.47,33.68,65.89,74.52
18.31,18.31,38.37,63.06,73.66
13.41,13.41,32.98,62.71,74.49
11.51,11.51,25.62,59.67,74.50
14.49,14.49,24.52,60.12,73.82
16.36,16.36,25.37,62.27,73.36
15.82,15.82,25.24,60.25,74.72
15.42,15.42,25.32,61.67,74.36
15.22,15.22,21.33,61.87,74.27
15.92,15.92,22.29,63.31,74.61
14.19,14.19,24.10,63.92,74.12
14.14,14.14,26.83,65.97,74.70
21.40,21.40,34.33,61.60,73.98
15.67,15.67,29.93,56.79,74.07
11.71,11.71,24.68,57.07,73.56
10.43,10.43,23.80,62.24,73.91
9.26,9.26,24.55,59.66,75.60
14.54,14.54,26.30,59.19,74.82
18.21,18.21,27.95,60.41,74.72
17.53,17.53,27.94,61.85,75.60
18.03,18.03,26.31,62.20,75.81
17.99,17.99,25.29,63.12,75.38
17.19,17.19,25.63,62.17,75.47
16.55,16.55,25.40,62.62,75.61
16.04,16.04,26.00,60.09,75.58
17.53,17.53,29.23,56.09,74.60
24.01,24.01,34.90,59.15,74.94
21.35,21.35,29.67,66.47,75.26
23.39,23.39,28.85,62.65,76.10
31.93,31.93,31.70,62.23,76.08
39.95,39.95,33.36,64.46,74.11
45.55,45.55,33.28,63.58,73.00
51.97,51.97,33.20,64.89,74.48
55.84,55.84,31.76,64.58,74.08
56.80,56.80,31.84,65.60,73.46
56.78,56.78,33.64,64.98,73.64
54.19,54.19,35.21,64.89,73.62
48.69,48.69,35.31,61.24,74.49
49.35,49.35,35.86,57.30,73.45
59.13,59.13,37.37,66.07,75.13
71.23,71.23,39.28,66.17,75.15
71.49,71.49,38.97,62.70,74.66
70.53,70.53,35.35,64.97,75.71
71.16,71.16,31.73,66.28,74.53
69.49,69.49,29.73,65.80,75.94
70.02,70.02,30.70,66.78,76.04
69.78,69.78,29.76,65.32,75.45
69.69,69.69,28.49,65.65,74.58
69.54,69.54,32.04,65.45,74.79
70.41,70.41,32.02,63.74,73.92
69.75,69.75,32.86,60.76,75.96
65.78,65.78,36.04,64.02,75.81
69.18,69.18,33.03,65.71,75.40
71.29,71.29,30.33,65.41,73.01
72.42,72.42,28.85,66.22,74.09
72.85,72.85,26.93,67.23,74.59
72.82,72.82,28.38,68.61,73.00
72.78,72.78,29.98,67.81,73.63
74.73,74.73,31.41,68.40,74.74
74.65,74.65,33.16,67.04,74.14
73.95,73.95,33.54,67.07,73.48
73.09,73.09,34.21,64.84,73.09
73.90,73.90,35.46,65.73,72.75
73.27,73.27,34.97,62.77,73.99
74.34,74.34,32.65,64.77,74.30
74.62,74.62,29.68,65.93,74.40
73.33,73.33,28.87,68.51,73.62
72.79,72.79,29.68,67.56,75.05
72.14,72.14,29.96,66.57,76.62
68.38,68.38,30.37,65.42,74.58
62.36,62.36,31.50,66.24,74.74
58.37,58.37,31.09,63.42,74.94
57.35,57.35,30.45,63.33,74.99
54.14,54.14,26.68,61.44,74.76
61.33,61.33,30.47,59.45,75.91
66.52,66.52,29.61,60.50,74.70
70.12,70.12,30.52,64.09,74.44
69.37,69.37,30.12,64.56,71.79
69.67,69.67,31.46,59.43,73.29
70.55,70.55,32.81,62.28,73.98
71.52,71.52,32.50,61.98,73.85
74.77,74.77,33.89,63.79,73.80
72.80,72.80,33.56,63.86,72.39
74.05,74.05,32.31,63.73,72.50
72.42,72.42,33.38,61.56,71.26
72.84,72.84,37.30,60.17,72.77
68.24,68.24,37.24,61.11,73.56
60.61,60.61,39.35,51.50,72.70
57.85,57.85,49.69,53.19,70.90
58.66,58.66,59.19,58.09,72.39
60.49,60.49,59.02,64.39,74.80
60.83,60.83,55.11,63.07,75.34
61.13,61.13,48.32,63.81,75.84
62.35,62.35,43.08,64.19,77.68
62.34,62.34,40.81,65.07,76.63
64.89,64.89,41.07,63.26,76.66
67.05,67.05,40.31,62.58,77.00
67.90,67.90,43.15,63.01,76.09
67.75,67.75,37.60,62.12,76.84
67.58,67.58,34.97,50.08,75.00
69.06,69.06,36.81,50.24,76.06
71.49,71.49,36.86,65.34,74.64
70.54,70.54,35.50,64.69,74.76
69.68,69.68,34.98,63.12,73.99
71.97,71.97,34.87,65.39,73.63
71.61,71.61,31.83,65.51,73.13
72.76,72.76,32.73,66.40,74.60
71.10,71.10,32.90,64.47,74.77
70.89,70.89,40.00,62.55,73.05
68.23,68.23,37.19,61.11,73.20
70.03,70.03,39.16,59.83,73.78
71.49,71.49,39.46,56.66,74.02
71.33,71.33,36.92,52.63,72.60
70.35,70.35,39.27,62.52,73.30
70.88,70.88,43.77,67.37,72.05
71.51,71.51,46.98,68.55,75.00
73.53,73.53,45.05,68.34,75.39
72.72,72.72,44.23,67.83,74.17
71.16,71.16,42.01,69.27,74.88
71.96,71.96,39.11,67.81,74.05
71.96,71.96,39.16,69.07,73.68
68.90,68.90,37.29,68.70,74.25
72.01,72.01,39.59,68.48,73.59
72.08,72.08,37.93,66.32,73.23
70.19,70.19,37.53,66.66,72.59
70.87,70.87,45.90,68.63,72.04
71.90,71.90,52.90,75.09,70.44
68.47,68.47,65.86,72.65,71.62
67.29,67.29,61.09,73.85,74.93
68.60,68.60,58.39,78.12,74.65
66.37,66.37,52.67,75.06,75.51
67.34,67.34,48.34,76.89,75.67
67.24,67.24,45.75,76.84,73.99
68.58,68.58,42.69,77.03,75.02
70.93,70.93,41.24,76.86,73.94
71.58,71.58,37.86,76.27,74.31
69.76,69.76,37.68,75.69,75.59
67.32,67.32,37.29,67.18,75.77
74.02,74.02,45.73,61.16,73.00
71.82,71.82,49.82,73.30,71.74
70.89,70.89,46.89,73.11,72.86
68.97,68.97,41.63,73.69,74.01
69.14,69.14,40.61,74.49,73.73
69.31,69.31,36.41,73.09,74.29
69.40,69.40,35.45,72.49,75.13
69.84,69.84,34.50,73.00,74.49
69.01,69.01,32.73,72.64,73.32
70.73,70.73,28.40,72.56,73.86
72.24,72.24,29.20,73.46,73.00
70.27,70.27,29.98,68.43,73.16
70.34,70.34,36.37,58.48,72.74
69.29,69.29,48.29,70.23,74.70
68.64,68.64,55.93,76.57,72.09
68.50,68.50,57.73,73.03,71.81
69.58,69.58,57.19,75.08,72.90
69.70,69.70,55.11,75.14,74.11
70.97,70.97,49.15,76.05,73.02
71.05,71.05,45.39,74.50,72.83
71.58,71.58,41.80,74.94,73.51
71.13,71.13,38.60,75.61,72.62
67.69,67.69,39.36,74.94,72.87
65.81,65.81,38.07,75.02,72.19
65.76,65.76,38.92,73.36,72.88
65.49,65.49,45.20,68.73,72.39
63.97,63.97,47.38,67.69,73.08
65.73,65.73,42.32,72.84,73.93
64.69,64.69,40.64,74.64,74.43
66.76,66.76,41.98,74.10,73.78
67.34,67.34,39.30,74.60,74.54
69.34,69.34,38.47,74.93,74.78
67.73,67.73,38.17,74.49,72.67
67.02,67.02,37.48,73.67,73.60
64.97,64.97,38.63,74.19,73.63
62.00,62.00,38.85,73.99,73.36
60.00,60.00,41.07,71.62,74.17
61.02,61.02,45.73,71.78,74.13
60.78,60.78,52.91,67.54,75.11
61.78,61.78,59.39,72.85,73.13
60.87,60.87,58.87,76.33,73.45
61.08,61.08,59.03,75.90,74.10
60.50,60.50,57.23,76.39,74.85
60.32,60.32,53.41,77.09,75.41
58.03,58.03,49.33,76.18,74.58
54.89,54.89,47.55,76.24,75.69
54.29,54.29,46.70,77.09,74.64
51.46,51.46,44.74,76.41,75.00
46.70,46.70,41.85,76.55,74.28
49.81,49.81,44.31,77.00,74.46
45.70,45.70,46.68,71.92,73.65
42.40,42.40,51.72,72.32,72.40
43.40,43.40,49.14,74.52,73.50
39.00,39.00,43.41,76.77,74.05
38.47,38.47,38.48,77.74,74.99
36.46,36.46,34.40,76.17,75.14
32.35,32.35,29.77,76.05,74.89
35.54,35.54,28.29,76.73,74.72
34.28,34.28,25.71,76.04,74.63
32.39,32.39,23.36,75.83,75.13
34.16,34.16,25.02,76.55,74.57
30.18,30.18,26.63,74.85,75.63
24.29,24.29,33.24,74.13,75.06
12.61,12.61,42.74,66.92,71.06
12.81,12.81,59.94,67.09,73.20
18.06,18.06,59.68,72.18,75.05
16.07,16.07,61.07,74.36,73.70
14.36,14.36,58.09,72.92,73.35
19.10,19.10,55.89,72.57,74.97
20.42,20.42,51.97,72.00,75.02
21.56,21.56,47.64,71.79,74.52
20.54,20.54,41.15,71.85,74.80
21.44,21.44,36.93,72.99,74.63
23.73,23.73,34.27,71.93,73.59
22.30,22.30,34.56,68.62,74.13
19.41,19.41,36.00,66.14,73.22
18.08,18.08,38.84,58.76,72.03
22.82,22.82,46.76,69.57,74.54
22.35,22.35,44.88,76.25,75.14
20.29,20.29,38.71,75.64,75.17
25.31,25.31,40.50,76.57,73.95
29.33,29.33,39.40,75.00,74.00
30.26,30.26,37.86,73.90,74.46
30.99,30.99,39.82,75.54,74.48
32.46,32.46,41.17,74.80,73.98
36.16,36.16,43.68,74.71,73.56
35.39,35.39,45.08,75.08,73.76
31.98,31.98,47.55,74.82,72.61
26.55,26.55,49.42,75.35,71.64
22.24,22.24,58.72,76.29,72.11
21.89,21.89,60.46,67.77,74.24
26.87,26.87,61.13,69.52,72.99
34.26,34.26,61.25,71.15,74.45
38.63,38.63,60.09,69.43,75.43
34.45,34.45,55.33,71.02,75.72
30.78,30.78,51.83,69.20,72.75
27.88,27.88,46.79,69.83,72.75
23.41,23.41,40.01,70.36,74.47
22.97,22.97,35.82,69.44,73.45
33.54,33.54,31.70,70.08,72.99
45.22,45.22,36.35,67.72,74.12
50.77,50.77,45.65,68.63,71.70
63.23,63.23,51.32,71.06,74.02
68.90,68.90,48.07,70.31,74.02
67.96,67.96,45.58,68.98,73.40
65.89,65.89,43.54,70.07,74.45
65.53,65.53,41.18,68.89,74.35
63.61,63.61,36.77,66.90,75.16
66.07,66.07,38.18,67.36,73.65
65.38,65.38,40.65,69.09,73.00
66.12,66.12,40.83,66.10,74.14
66.35,66.35,38.30,66.82,72.44
67.22,67.22,38.92,66.68,71.74
64.73,64.73,42.96,61.36,70.35
65.80,65.80,52.62,56.38,71.53
69.46,69.46,58.85,69.26,74.38
72.56,72.56,59.00,68.52,74.37
72.81,72.81,57.50,66.56,73.43
70.14,70.14,56.51,66.97,74.74
68.44,68.44,52.61,68.62,73.30
71.10,71.10,47.52,67.40,71.70
72.65,72.65,44.62,66.77,72.43
72.76,72.76,42.66,67.68,72.22
72.61,72.61,39.08,67.48,71.75
71.78,71.78,35.04,68.72,73.07
68.04,68.04,33.76,62.40,72.19
68.19,68.19,42.48,60.16,71.67
68.33,68.33,47.46,68.32,69.61
67.34,67.34,44.73,67.55,73.45
67.56,67.56,40.70,67.09,73.54
67.35,67.35,37.36,67.37,74.45
66.99,66.99,37.49,68.49,73.73
66.17,66.17,40.65,66.68,72.14
67.34,67.34,44.53,67.49,74.16
69.35,69.35,42.93,68.48,74.35
69.02,69.02,42.94,66.95,73.75
71.90,71.90,39.84,64.74,72.98
78.37,78.37,41.30,53.34,69.89
74.40,74.40,42.81,58.29,70.45
74.41,74.41,54.48,66.83,68.46
74.34,74.34,60.35,67.09,70.70
73.79,73.79,59.12,67.73,72.87
72.70,72.70,59.48,68.31,71.71
75.45,75.45,59.24,67.47,72.38
75.76,75.76,59.53,65.53,71.88
75.41,75.41,56.20,67.66,73.00
75.29,75.29,54.66,68.32,72.30
74.96,74.96,51.51,66.01,72.26
73.96,73.96,47.97,66.92,72.69
74.16,74.16,44.47,66.92,71.70
75.35,75.35,41.88,57.42,71.53
77.15,77.15,40.47,56.37,71.61
76.14,76.14,45.42,65.12,70.67
74.73,74.73,45.97,70.30,70.99
74.71,74.71,44.35,69.84,73.45
73.20,73.20,39.26,68.53,73.36
72.40,72.40,36.84,69.05,74.78
72.25,72.25,37.19,68.89,75.52
73.27,73.27,34.94,68.00,73.98
74.52,74.52,34.41,69.42,76.16
75.23,75.23,35.48,68.45,75.96
77.00,77.00,36.73,68.22,73.49
76.43,76.43,38.24,65.70,73.13
77.48,77.48,43.96,59.87,70.66
76.98,76.98,48.01,61.77,71.57
75.72,75.72,58.62,66.68,70.62
73.88,73.88,60.33,65.88,73.54
73.46,73.46,59.75,68.13,74.08
72.84,72.84,59.62,68.15,73.21
74.42,74.42,57.87,66.04,75.68
74.76,74.76,57.63,67.20,74.76
74.50,74.50,54.27,67.69,74.26
73.59,73.59,53.04,66.78,72.93
72.92,72.92,49.23,66.61,73.37
72.93,72.93,47.80,65.43,72.43
74.63,74.63,46.75,62.53,71.92
75.13,75.13,48.48,58.85,73.32
74.77,74.77,50.92,70.07,70.94
75.59,75.59,47.57,72.86,71.49
72.08,72.08,43.61,70.62,72.52
64.23,64.23,38.54,70.34,72.05
64.60,64.60,35.82,70.07,72.62
61.43,61.43,30.70,70.33,73.34
62.46,62.46,33.05,69.60,74.03
59.68,59.68,38.74,70.72,74.54
63.65,63.65,42.51,71.48,73.62
68.21,68.21,42.76,72.02,73.61
69.85,69.85,45.12,71.46,72.79
69.30,69.30,48.36,71.74,70.76
69.86,69.86,56.99,68.83,70.51
70.40,70.40,59.91,68.03,70.21
67.77,67.77,62.15,78.48,70.31
69.91,69.91,62.10,77.10,71.04
71.08,71.08,59.95,78.48,72.68
71.80,71.80,57.49,78.26,72.83
72.87,72.87,55.71,77.19,73.13
71.75,71.75,52.91,78.56,73.14
72.29,72.29,51.45,77.25,74.22
71.22,71.22,49.22,77.61,74.36
71.49,71.49,48.37,79.49,74.87
71.67,71.67,49.24,77.83,74.24
71.45,71.45,52.91,75.84,73.88
72.72,72.72,52.04,65.41,70.59
72.34,72.34,48.93,78.05,72.28
70.60,70.60,44.10,75.52,74.04
70.22,70.22,41.18,74.86,73.71
70.75,70.75,39.29,78.23,73.13
72.50,72.50,36.63,74.59,73.97
73.47,73.47,37.11,74.92,72.07
73.67,73.67,34.51,77.62,72.50
72.93,72.93,33.05,77.41,72.24
73.50,73.50,33.10,76.32,70.23
73.57,73.57,36.13,75.20,70.72
73.44,73.44,41.18,72.14,71.37
72.77,72.77,52.45,72.86,71.62
72.50,72.50,62.97,72.84,68.46
71.83,71.83,61.25,77.16,70.77
70.65,70.65,62.86,78.99,72.89
71.66,71.66,62.47,78.24,73.51
71.21,71.21,61.68,78.51,74.32
70.20,70.20,60.80,78.05,72.99
69.69,69.69,58.51,79.59,72.99
69.47,69.47,56.46,78.82,72.85
68.97,68.97,55.93,77.57,71.30
69.63,69.63,53.75,78.44,70.92
69.51,69.51,49.98,77.98,72.28
69.16,69.16,48.72,71.70,73.37
69.36,69.36,51.84,60.12,72.63
69.85,69.85,52.08,74.21,71.23
69.76,69.76,50.12,79.47,71.23
69.77,69.77,46.37,77.39,70.94
69.30,69.30,42.96,77.40,71.27
70.30,70.30,41.48,78.58,71.95
72.33,72.33,38.22,77.23,71.97
73.25,73.25,35.82,76.49,72.34
71.68,71.68,33.24,78.01,73.17
70.18,70.18,35.04,77.40,72.46
69.32,69.32,37.09,78.34,75.32
68.04,68.04,40.93,78.69,74.82
69.06,69.06,48.22,78.94,71.17
72.64,72.64,58.38,71.27,72.44
72.54,72.54,62.54,74.72,71.78
70.24,70.24,60.76,71.46,72.58
71.54,71.54,60.58,72.72,71.83
70.38,70.38,58.41,71.03,73.58
71.14,71.14,59.15,66.68,75.40
71.63,71.63,56.26,69.78,72.92
68.88,68.88,54.72,66.86,72.78
72.04,72.04,50.39,67.76,72.95
70.86,70.86,49.17,68.81,72.34
65.65,65.65,47.02,63.21,71.84
62.86,62.86,43.49,66.93,71.63
72.17,72.17,44.69,64.94,73.30
73.64,73.64,49.57,64.28,71.21
73.64,73.64,52.34,67.51,71.75
70.96,70.96,50.22,69.76,71.83
70.04,70.04,48.03,66.86,73.49
66.91,66.91,49.80,64.66,73.92
58.65,58.65,49.50,64.41,75.93
62.59,62.59,57.82,64.76,74.60
64.21,64.21,58.90,61.95,75.73
64.49,64.49,58.59,61.56,76.74
64.82,64.82,57.08,61.80,76.12
63.82,63.82,57.35,62.36,74.61
63.96,63.96,54.62,58.55,73.25
69.69,69.69,56.73,63.55,70.47
71.33,71.33,63.32,66.72,73.63
69.22,69.22,63.48,69.14,72.36
69.42,69.42,64.64,66.74,72.97
66.69,66.69,63.77,67.03,73.84
63.73,63.73,62.59,68.21,72.83
64.14,64.14,60.91,69.28,73.05
65.97,65.97,56.32,66.20,73.19
65.86,65.86,54.76,63.52,71.89
67.97,67.97,53.51,56.21,72.33
68.48,68.48,53.08,61.28,72.43
66.37,66.37,51.34,61.89,71.82
64.35,64.35,52.80,65.88,72.06
67.20,67.20,54.94,73.35,72.56
68.28,68.28,52.90,70.75,72.27
67.91,67.91,49.41,70.84,73.21
70.82,70.82,45.51,69.88,72.66
72.78,72.78,43.65,70.44,71.54
70.79,70.79,41.77,69.91,72.83
70.42,70.42,40.80,69.68,73.03
72.35,72.35,40.15,71.16,71.77
70.20,70.20,40.28,69.71,72.30
69.58,69.58,38.57,64.37,72.49
69.84,69.84,40.24,68.45,72.59
70.80,70.80,41.77,68.29,73.56
70.13,70.13,48.63,64.18,69.82
70.55,70.55,59.18,68.81,71.30
71.42,71.42,64.23,71.37,72.48
70.61,70.61,64.01,73.51,70.68
70.86,70.86,64.51,73.11,71.75
69.87,69.87,63.88,73.66,73.73
67.68,67.68,61.40,73.10,72.21
65.94,65.94,60.30,74.05,73.53
63.57,63.57,58.03,72.00,74.94
64.54,64.54,56.21,70.85,75.11
62.94,62.94,55.03,67.84,74.70
63.60,63.60,52.59,67.05,74.67
64.27,64.27,52.51,64.45,74.84
64.37,64.37,50.67,59.70,73.06
67.36,67.36,51.87,66.51,71.69
69.48,69.48,50.54,69.74,70.81
70.08,70.08,47.78,71.22,72.89
70.69,70.69,46.80,68.67,71.32
71.92,71.92,45.46,67.45,72.71
72.44,72.44,42.72,66.38,73.77
73.29,73.29,47.28,65.21,74.13
70.84,70.84,43.86,64.74,73.56
71.19,71.19,47.50,63.31,72.94
74.18,74.18,42.79,61.36,72.19
68.94,68.94,43.44,58.61,72.22
68.96,68.96,45.46,55.20,71.21
68.43,68.43,55.76,60.92,70.52
69.63,69.63,63.43,66.95,72.61
70.12,70.12,63.47,66.49,72.73
70.48,70.48,62.98,67.89,73.87
69.23,69.23,60.71,68.04,74.18
70.49,70.49,60.82,68.54,74.48
69.90,69.90,56.98,67.29,71.91
71.34,71.34,56.81,66.54,73.00
71.80,71.80,52.07,65.74,73.01
71.46,71.46,48.82,67.01,73.42
74.10,74.10,45.44,66.45,72.95
73.49,73.49,43.53,58.17,72.82
72.35,72.35,47.37,58.52,69.94
73.23,73.23,57.54,68.43,71.21
64.96,64.96,57.92,71.62,72.94
62.28,62.28,53.44,70.65,73.02
62.77,62.77,50.19,71.87,74.60
59.23,59.23,45.75,71.60,76.18
57.85,57.85,42.45,73.88,75.97
52.90,52.90,39.37,73.74,75.99
56.18,56.18,44.51,73.42,75.80
68.13,68.13,42.28,71.65,75.28
70.30,70.30,38.25,69.79,74.70
71.52,71.52,37.93,67.72,73.43
65.66,65.66,46.11,59.75,72.54
67.22,67.22,54.65,66.14,72.68
70.24,70.24,63.49,54.15,72.61
73.42,73.42,64.25,62.76,73.85
72.28,72.28,62.70,63.06,73.78
72.31,72.31,64.56,64.95,72.56
72.73,72.73,63.74,64.91,72.07
72.79,72.79,61.59,66.14,73.04
73.23,73.23,59.30,66.84,73.25
73.79,73.79,56.11,68.20,73.26
70.90,70.90,53.74,67.45,73.80
68.77,68.77,50.83,67.91,75.15
70.77,70.77,48.10,65.98,73.55
69.68,69.68,49.42,62.19,72.94
70.84,70.84,49.92,58.92,70.47
69.87,69.87,50.52,65.12,72.38
70.70,70.70,46.59,72.21,72.56
69.86,69.86,44.23,74.21,73.12
69.17,69.17,44.06,73.39,73.98
69.08,69.08,43.63,72.48,74.11
70.37,70.37,45.73,70.42,74.23
69.11,69.11,44.40,69.51,74.21
67.11,67.11,42.76,67.90,75.24
62.42,62.42,42.12,70.24,74.26
65.62,65.62,46.49,71.22,74.06
71.10,71.10,49.23,68.57,73.97
76.34,76.34,47.94,57.49,70.05
74.44,74.44,60.15,65.36,70.94
69.71,69.71,65.05,71.50,73.83
65.63,65.63,64.03,69.78,75.70
57.62,57.62,63.71,72.31,74.24
53.98,53.98,62.87,74.44,73.78
51.80,51.80,62.43,72.93,73.94
55.70,55.70,59.47,72.39,75.26
65.30,65.30,58.25,73.70,74.96
66.89,66.89,55.54,70.93,75.24
73.84,73.84,55.24,68.58,74.64
73.27,73.27,54.43,67.36,73.59
68.35,68.35,56.68,68.09,72.99
67.77,67.77,63.12,71.84,73.22
67.19,67.19,79.51,73.07,70.07
71.47,71.47,82.84,70.74,73.05
70.54,70.54,80.88,69.25,72.81
71.63,71.63,78.14,70.83,74.71
70.90,70.90,74.87,71.20,74.69
75.64,75.64,68.72,72.99,75.78
75.99,75.99,67.61,74.89,74.10
76.10,76.10,60.63,73.81,73.07
73.64,73.64,54.38,69.87,73.17
74.07,74.07,55.82,68.60,72.21
73.63,73.63,58.78,63.93,72.20
67.11,67.11,67.65,58.51,71.93
61.69,61.69,80.24,62.54,71.60
66.67,66.67,78.22,66.29,71.95
71.62,71.62,72.35,68.39,73.24
70.74,70.74,69.95,73.51,73.69
70.12,70.12,65.08,76.17,74.94
69.90,69.90,62.89,77.40,75.71
69.76,69.76,61.60,75.10,74.96
69.12,69.12,52.85,75.18,74.91
62.54,62.54,58.23,78.62,74.17
56.45,56.45,54.01,77.44,75.07
63.20,63.20,49.90,76.67,74.52
72.29,72.29,47.15,74.98,75.08
70.39,70.39,42.73,68.15,74.93
69.56,69.56,45.68,71.74,73.81
69.95,69.95,53.23,78.81,70.52
67.74,67.74,49.63,77.83,72.42
68.62,68.62,45.52,77.61,73.05
68.55,68.55,39.69,76.91,73.81
68.50,68.50,36.39,77.35,74.37
68.85,68.85,34.50,76.85,75.05
68.04,68.04,35.72,77.44,74.02
66.85,66.85,35.57,76.46,72.83
68.56,68.56,35.29,76.55,73.73
67.94,67.94,35.43,74.27,74.70
68.38,68.38,42.54,63.52,74.32
67.50,67.50,49.08,67.48,73.03
67.39,67.39,65.12,71.35,72.74
67.51,67.51,66.10,77.49,69.94
67.17,67.17,65.84,78.34,72.19
67.14,67.14,66.09,77.11,74.05
69.23,69.23,62.44,77.24,74.63
68.42,68.42,61.89,77.88,74.60
68.93,68.93,57.67,76.89,74.05
69.45,69.45,55.75,76.53,72.72
69.71,69.71,53.69,77.62,72.61
69.69,69.69,52.25,76.73,73.72
69.73,69.73,50.99,72.43,73.56
70.77,70.77,52.64,66.67,73.29
70.37,70.37,58.93,70.32,73.66
68.75,68.75,56.37,77.16,72.14
70.64,70.64,54.14,77.63,72.55
71.46,71.46,49.60,79.31,72.41
71.40,71.40,44.93,78.30,73.16
69.87,69.87,43.77,78.33,75.17
70.44,70.44,40.70,78.72,74.61
69.79,69.79,39.45,78.06,74.29
69.00,69.00,37.76,78.17,73.80
67.71,67.71,36.76,79.20,73.60
66.84,66.84,36.90,77.49,74.30
68.23,68.23,43.02,73.20,73.86
67.98,67.98,49.85,67.22,71.99
65.86,65.86,64.00,69.64,71.60
62.98,62.98,64.84,76.15,72.99
64.45,64.45,65.27,76.98,74.69
62.14,62.14,65.29,76.05,74.11
59.57,59.57,63.60,78.14,75.10
59.26,59.26,63.94,76.53,76.06
54.62,54.62,62.16,76.07,74.84
52.26,52.26,58.43,77.07,75.21
47.88,47.88,56.04,76.31,75.71
49.02,49.02,51.52,75.99,75.08
47.18,47.18,49.58,73.61,73.93
49.10,49.10,51.55,67.07,74.94
46.88,46.88,58.96,70.28,74.03
43.87,43.87,58.49,77.21,70.64
45.08,45.08,53.86,78.90,74.00
44.98,44.98,51.75,78.41,74.34
43.38,43.38,48.62,77.99,74.96
40.54,40.54,44.53,78.93,74.86
45.48,45.48,46.61,79.37,75.29
44.32,44.32,47.91,78.13,75.24
43.46,43.46,47.00,78.21,74.77
45.77,45.77,50.29,79.36,74.21
43.97,43.97,48.55,77.42,74.95
43.34,43.34,50.62,73.07,74.49
36.99,36.99,51.98,73.03,73.89
24.46,24.46,58.98,77.41,73.53
19.33,19.33,65.99,80.68,73.59
20.33,20.33,64.86,79.00,74.45
31.05,31.05,65.31,79.31,73.42
37.39,37.39,64.02,79.49,74.52
41.71,41.71,62.15,78.29,73.68
37.06,37.06,61.18,78.70,73.78
38.75,38.75,59.86,79.40,74.04
42.31,42.31,56.40,78.59,74.64
43.36,43.36,55.03,78.01,74.12
42.13,42.13,51.19,78.07,73.92
35.76,35.76,50.68,72.57,74.01
40.09,40.09,57.37,69.85,71.95
44.85,44.85,57.88,66.44,72.09
45.31,45.31,52.37,78.18,71.54
46.97,46.97,49.13,78.45,71.97
51.15,51.15,43.61,78.04,73.77
52.10,52.10,44.03,78.25,73.88
56.27,56.27,41.63,79.14,73.26
65.87,65.87,41.52,77.51,74.47
66.05,66.05,39.59,77.95,74.07
63.54,63.54,40.44,78.44,73.55
64.09,64.09,41.07,78.32,73.32
65.31,65.31,45.58,77.01,74.54
68.36,68.36,49.04,79.66,73.02
68.08,68.08,55.64,74.60,71.03
66.42,66.42,63.54,73.76,73.66
69.20,69.20,64.24,72.43,75.28
69.80,69.80,64.26,72.16,74.26
66.48,66.48,63.10,73.50,75.46
69.84,69.84,61.86,71.87,75.25
65.55,65.55,62.44,71.10,74.08
62.79,62.79,58.93,72.38,74.18
61.12,61.12,55.21,72.56,73.16
59.12,59.12,54.39,72.78,72.99
52.09,52.09,52.18,71.90,73.29
48.23,48.23,49.34,73.11,73.41
47.13,47.13,53.47,62.25,72.69
40.93,40.93,61.02,65.86,71.96
41.68,41.68,58.90,73.03,74.77
41.28,41.28,54.78,70.91,73.10
43.28,43.28,50.02,71.98,73.45
38.31,38.31,44.03,72.32,72.69
30.54,30.54,35.98,71.90,71.18
23.19,23.19,40.48,70.73,70.72
32.98,32.98,37.19,71.52,71.26
48.17,48.17,32.50,71.45,72.11
55.86,55.86,32.19,69.78,70.40
66.95,66.95,45.53,70.70,72.42
71.82,71.82,44.58,67.41,69.76
72.28,72.28,48.74,58.61,68.82
71.12,71.12,61.15,69.86,69.82
69.24,69.24,64.78,65.42,74.37
71.26,71.26,66.33,69.68,73.26
69.14,69.14,64.83,69.66,74.35
69.33,69.33,64.80,67.10,74.83
70.14,70.14,63.09,67.60,73.58
71.91,71.91,61.09,68.27,74.35
71.17,71.17,59.07,68.38,75.33
71.22,71.22,56.02,66.62,76.22
69.44,69.44,54.50,69.00,75.39
72.19,72.19,52.94,63.93,74.54
63.22,63.22,51.76,55.39,73.54
59.08,59.08,55.15,62.96,70.39
58.78,58.78,57.55,70.33,72.74
52.78,52.78,58.80,70.06,74.44
55.04,55.04,54.74,69.54,73.30
55.92,55.92,48.90,70.92,74.57
51.36,51.36,45.84,69.97,74.01
47.87,47.87,38.10,70.14,73.81
55.57,55.57,39.62,70.57,74.37
69.02,69.02,39.16,71.06,73.79
70.21,70.21,36.45,69.74,73.01
70.46,70.46,36.38,69.43,71.46
68.59,68.59,44.79,67.61,72.08
67.11,67.11,48.20,66.14,71.62
68.05,68.05,56.20,62.80,72.99
69.47,69.47,65.50,69.26,71.46
71.69,71.69,65.33,68.58,73.98
73.24,73.24,66.13,68.12,73.27
73.85,73.85,66.33,67.82,73.60
76.27,76.27,65.43,69.51,72.72
76.35,76.35,62.49,68.82,73.33
75.07,75.07,60.71,68.56,72.93
73.07,73.07,59.25,69.14,72.74
69.31,69.31,55.49,69.58,73.22
68.42,68.42,50.69,67.54,72.13
70.65,70.65,44.35,68.33,71.67
70.07,70.07,42.62,58.74,73.69
69.87,69.87,45.52,69.97,72.02
70.10,70.10,46.43,68.27,73.88
70.88,70.88,47.23,71.65,73.77
69.79,69.79,44.06,70.61,74.47
68.79,68.79,40.35,69.78,75.88
68.98,68.98,40.28,68.53,74.90
68.59,68.59,42.36,70.29,75.41
59.87,59.87,39.74,69.66,75.67
53.86,53.86,37.53,70.19,74.37
57.04,57.04,39.85,68.36,73.11
69.27,69.27,47.73,67.40,70.16
68.40,68.40,49.63,63.05,72.54
71.52,71.52,52.73,65.15,70.58
73.25,73.25,64.52,69.37,71.94
71.53,71.53,64.49,69.96,71.73
71.06,71.06,65.66,69.98,71.18
73.73,73.73,66.17,68.98,73.68
74.15,74.15,65.11,68.76,73.69
71.48,71.48,65.10,69.11,73.28
73.33,73.33,62.87,69.48,73.41
73.98,73.98,60.42,68.57,73.61
72.30,72.30,59.87,69.59,73.26
70.40,70.40,59.19,67.95,72.75
65.39,65.39,57.04,65.32,73.27
62.53,62.53,53.63,52.47,72.60
67.18,67.18,55.46,58.08,72.64
69.05,69.05,55.07,70.53,73.55
67.79,67.79,53.95,70.70,72.32
69.71,69.71,53.11,71.26,72.16
68.28,68.28,51.76,71.04,74.56
67.36,67.36,49.59,71.48,74.34
67.02,67.02,49.23,70.59,74.62
67.43,67.43,48.37,72.14,73.67
68.32,68.32,45.99,72.32,73.81
67.81,67.81,44.62,70.66,74.26
67.63,67.63,46.16,69.59,72.19
63.60,63.60,46.93,61.64,71.28
68.85,68.85,50.65,68.61,71.34
69.13,69.13,64.69,77.73,70.14
70.87,70.87,65.27,77.93,71.05
71.32,71.32,65.80,77.75,71.74
73.67,73.67,63.67,77.96,72.34
74.11,74.11,64.94,78.81,71.81
74.19,74.19,62.66,76.84,71.68
71.75,71.75,63.26,77.83,71.16
72.63,72.63,60.40,78.25,72.00
71.98,71.98,57.19,77.24,73.92
72.60,72.60,55.37,78.17,74.58
73.50,73.50,54.19,79.30,74.69
73.36,73.36,51.78,76.82,70.30
72.04,72.04,56.96,69.56,70.35
75.13,75.13,57.56,73.72,72.70
75.18,75.18,56.97,77.97,71.58
76.07,76.07,53.65,78.16,71.21
75.96,75.96,50.43,77.11,71.91
74.95,74.95,49.21,76.96,70.78
74.31,74.31,47.75,78.29,72.02
75.56,75.56,44.70,78.71,71.90
76.67,76.67,43.29,77.44,71.69
75.88,75.88,43.07,78.63,72.12
73.28,73.28,45.71,78.18,72.82
73.41,73.41,48.81,77.05,72.41
74.39,74.39,52.01,71.89,71.13
74.15,74.15,65.32,71.04,72.05
74.47,74.47,65.57,75.90,71.52
74.97,74.97,64.97,78.51,71.29
75.07,75.07,64.11,78.28,70.80
73.86,73.86,64.50,77.92,70.23
74.22,74.22,62.77,77.81,70.93
73.17,73.17,60.71,78.15,70.76
72.96,72.96,58.70,77.99,71.28
74.43,74.43,56.73,76.96,71.65
76.60,76.60,54.86,77.02,72.48
76.43,76.43,52.42,76.37,73.90
67.30,67.30,50.62,69.09,72.45
72.46,72.46,56.06,64.42,70.40
73.42,73.42,60.48,73.92,70.26
73.70,73.70,58.87,79.33,70.73
72.90,72.90,55.51,79.27,72.74
73.98,73.98,51.04,76.20,73.34
73.98,73.98,48.24,75.41,74.31
73.63,73.63,46.68,77.31,73.87
72.49,72.49,43.51,76.90,72.84
71.00,71.00,43.78,78.66,73.18
67.55,67.55,43.91,78.16,73.53
68.01,68.01,46.09,78.30,73.78
74.72,74.72,51.21,77.57,75.07
73.79,73.79,55.04,74.72,73.72
68.55,68.55,62.52,73.62,70.76
67.16,67.16,67.91,71.48,72.62
68.59,68.59,65.23,78.32,72.29
68.59,68.59,64.45,66.97,73.96
68.82,68.82,65.70,71.35,74.24
66.42,66.42,63.35,71.87,75.55
68.41,68.41,61.18,66.64,74.72
68.79,68.79,60.03,67.43,73.87
66.64,66.64,57.48,68.09,72.99
70.72,70.72,56.18,64.69,72.39
72.27,72.27,54.32,64.45,72.91
68.43,68.43,54.95,58.69,73.88
69.99,69.99,59.04,64.43,73.58
68.97,68.97,56.27,70.90,71.99
69.41,69.41,54.35,71.90,73.31
70.28,70.28,51.61,71.05,72.42
70.98,70.98,47.52,68.91,74.02
70.00,70.00,45.65,69.39,73.62
59.71,59.71,43.88,68.67,73.84
58.25,58.25,44.56,63.46,72.14
64.02,64.02,47.71,60.65,74.09
66.17,66.17,46.82,55.34,73.55
67.07,67.07,48.36,64.82,72.32
63.55,63.55,50.94,65.67,71.76
68.37,68.37,53.32,63.43,73.00
69.55,69.55,56.21,72.46,73.28
66.09,66.09,66.56,73.14,72.79
65.36,65.36,66.01,66.61,73.38
64.99,64.99,65.07,70.10,73.85
68.12,68.12,64.04,70.96,74.26
66.65,66.65,64.96,70.04,72.50
67.45,67.45,64.65,70.57,72.31
68.70,68.70,62.22,69.14,74.50
67.96,67.96,59.37,69.19,72.93
68.79,68.79,57.74,65.01,72.24
67.40,67.40,55.11,59.81,72.34
66.82,66.82,52.26,66.88,72.64
67.40,67.40,54.42,66.02,72.90
66.01,66.01,55.17,75.80,72.46
64.67,64.67,53.33,75.19,72.93
67.14,67.14,50.38,71.87,73.25
69.33,69.33,46.47,70.63,71.07
68.35,68.35,44.55,72.02,72.40
67.71,67.71,44.34,73.96,71.55
71.07,71.07,40.63,72.13,72.42
70.59,70.59,42.50,72.39,71.23
70.28,70.28,38.88,70.13,71.66
68.37,68.37,40.07,70.60,71.74
67.57,67.57,43.83,72.38,72.18
69.21,69.21,48.03,61.89,72.05
68.88,68.88,60.14,57.80,72.18
67.14,67.14,65.18,65.87,71.92
64.82,64.82,67.25,69.93,72.43
67.28,67.28,66.53,72.34,70.68
69.81,69.81,65.81,73.90,72.61
69.46,69.46,64.20,74.15,73.62
68.03,68.03,63.17,73.91,74.25
70.12,70.12,62.90,72.37,74.22
67.32,67.32,59.88,71.85,75.25
67.63,67.63,59.58,68.14,72.45
70.02,70.02,59.19,67.29,73.54
71.61,71.61,58.01,67.25,74.06
70.41,70.41,60.04,65.81,73.27
70.48,70.48,61.46,62.20,71.56
67.30,67.30,59.86,64.03,75.10
68.34,68.34,56.71,72.81,75.38
68.23,68.23,54.42,72.02,74.24
67.63,67.63,51.35,72.14,74.49
68.03,68.03,46.84,73.14,74.91
68.75,68.75,47.36,74.77,74.66
71.12,71.12,46.61,73.79,73.98
69.88,69.88,47.34,72.02,74.59
72.44,72.44,43.12,69.06,75.51
68.60,68.60,48.60,69.48,73.54
65.64,65.64,46.76,67.13,72.69
66.88,66.88,52.50,58.58,70.28
74.04,74.04,66.19,62.52,72.10
68.22,68.22,66.59,68.34,70.87
67.04,67.04,66.58,72.56,72.30
68.18,68.18,66.26,72.18,73.96
68.42,68.42,65.70,70.79,74.89
67.62,67.62,64.38,71.63,73.05
67.81,67.81,62.32,72.23,73.44
68.06,68.06,59.79,73.04,71.70
67.53,67.53,57.77,72.72,73.70
68.52,68.52,56.48,72.62,72.03
68.16,68.16,54.18,70.77,71.83
68.14,68.14,54.24,57.11,70.29
69.21,69.21,59.67,59.94,71.51
68.76,68.76,60.10,71.09,74.62
67.03,67.03,56.71,71.71,71.89
61.14,61.14,56.00,73.96,73.22
60.97,60.97,52.64,74.93,73.89
60.06,60.06,50.54,74.59,73.96
59.94,59.94,50.58,72.85,72.64
62.85,62.85,51.23,71.46,73.42
63.10,63.10,51.25,71.03,74.46
58.52,58.52,44.86,72.00,73.41
54.44,54.44,44.57,72.12,71.87
63.46,63.46,53.56,71.07,72.01
71.73,71.73,51.75,65.31,71.05
72.82,72.82,60.81,61.05,69.15
72.18,72.18,66.03,68.41,72.45
71.45,71.45,65.70,66.98,71.71
60.40,60.40,65.64,62.43,73.33
52.84,52.84,64.23,60.63,71.98
48.02,48.02,64.21,60.71,71.82
43.28,43.28,63.72,62.54,73.72
41.19,41.19,63.41,57.24,73.87
40.04,40.04,62.38,58.15,71.71
44.76,44.76,60.11,60.61,72.26
52.54,52.54,60.68,60.34,72.64
59.78,59.78,60.68,56.51,72.91
65.73,65.73,61.38,62.57,73.33
69.90,69.90,61.77,65.83,72.09
71.92,71.92,60.46,70.77,71.32
70.20,70.20,57.47,73.85,73.03
67.21,67.21,55.23,73.03,73.25
70.26,70.26,51.36,72.99,72.65
68.86,68.86,48.56,72.82,74.73
67.60,67.60,48.15,74.05,75.26
70.05,70.05,46.40,74.29,74.46
69.57,69.57,48.31,73.89,74.06
71.10,71.10,49.50,71.17,74.17
65.34,65.34,51.26,63.27,73.92
65.07,65.07,55.17,57.61,74.95
66.43,66.43,58.31,63.81,75.25
68.01,68.01,66.11,67.21,72.70
69.01,69.01,65.66,70.13,73.03
68.76,68.76,65.39,71.58,73.79
65.00,65.00,65.52,71.78,74.38
62.76,62.76,65.75,70.47,74.31
63.33,63.33,64.13,70.35,74.81
63.74,63.74,62.75,69.54,73.91
64.81,64.81,60.57,71.11,73.69
66.42,66.42,58.72,69.17,72.20
70.45,70.45,56.94,69.59,73.10
71.74,71.74,56.81,68.21,72.72
72.06,72.06,63.49,57.50,73.59
67.27,67.27,76.33,65.57,74.42
64.39,64.39,83.88,63.85,71.85
68.71,68.71,83.58,61.98,72.38
68.51,68.51,81.64,67.95,70.87
69.60,69.60,76.60,69.62,71.92
69.05,69.05,75.29,71.45,71.38
72.59,72.59,72.55,68.44,72.19
73.74,73.74,68.88,65.24,73.19
74.10,74.10,60.95,64.55,71.75
72.68,72.68,64.57,66.23,71.69
71.03,71.03,57.64,65.91,73.12
69.72,69.72,69.37,61.05,72.11
67.61,67.61,74.09,52.64,73.32
62.76,62.76,85.77,66.73,71.59
61.92,61.92,81.54,70.17,71.98
63.55,63.55,78.82,74.30,73.17
63.67,63.67,75.47,73.92,74.61
60.51,60.51,71.35,77.42,73.76
54.60,54.60,68.75,80.58,74.26
50.49,50.49,67.08,79.88,73.99
52.11,52.11,64.84,79.34,75.32
59.81,59.81,65.10,78.20,75.96
62.94,62.94,61.63,77.34,74.45
63.51,63.51,60.17,75.71,74.02
64.47,64.47,58.01,76.17,73.79
62.79,62.79,56.82,73.74,73.95
60.92,60.92,58.24,74.94,73.96
60.15,60.15,57.33,77.88,74.21
68.12,68.12,52.69,79.71,73.98
70.83,70.83,47.84,78.80,73.32
70.49,70.49,46.72,77.85,72.70
69.73,69.73,43.68,78.31,73.71
69.88,69.88,39.36,78.77,73.77
68.98,68.98,39.15,77.57,75.64
68.80,68.80,36.80,77.61,75.03
67.76,67.76,48.83,77.83,73.42
69.50,69.50,62.92,72.68,72.42
69.63,69.63,66.23,68.55,71.63
68.79,68.79,79.56,63.00,71.98
68.26,68.26,84.52,69.67,70.87
69.01,69.01,81.62,74.64,69.49
68.84,68.84,77.61,77.33,71.67
69.07,69.07,72.51,77.61,71.77
69.62,69.62,69.91,78.83,72.41
68.90,68.90,71.17,79.37,74.33
70.36,70.36,63.00,76.67,72.24
71.98,71.98,65.23,74.42,72.72
71.75,71.75,64.22,75.07,73.72
71.44,71.44,63.86,75.07,71.93
71.02,71.02,58.00,71.93,73.52
70.20,70.20,60.91,73.53,72.40
69.39,69.39,61.13,76.36,73.05
71.96,71.96,58.08,78.91,71.44
72.77,72.77,56.02,76.27,71.30
72.91,72.91,50.02,75.35,72.61
72.05,72.05,46.48,77.52,71.78
71.63,71.63,41.57,78.03,72.35
71.12,71.12,39.20,78.42,72.79
72.07,72.07,38.09,79.00,74.02
72.95,72.95,36.78,77.72,72.50
72.59,72.59,32.53,77.77,73.53
72.43,72.43,43.74,78.55,72.14
72.23,72.23,57.36,73.07,71.60
72.28,72.28,69.59,66.53,72.35
70.18,70.18,80.98,67.19,70.09
69.13,69.13,84.11,64.21,70.85
70.02,70.02,81.75,69.28,71.12
67.76,67.76,76.48,75.18,72.83
65.54,65.54,77.83,77.17,71.60
66.97,66.97,76.54,75.46,73.11
66.26,66.26,68.92,75.75,73.52
65.60,65.60,62.32,78.30,74.59
67.00,67.00,59.54,79.45,73.25
61.56,61.56,65.50,79.61,73.00
61.95,61.95,59.85,76.44,72.91
54.53,54.53,61.96,70.91,73.52
55.81,55.81,59.71,71.62,72.96
56.60,56.60,58.07,75.67,73.76
56.22,56.22,57.00,74.68,74.50
52.26,52.26,52.66,75.22,73.91
52.51,52.51,48.91,76.85,73.89
46.81,46.81,44.68,75.92,75.12
42.14,42.14,43.81,75.95,74.54
41.60,41.60,42.35,77.28,74.10
42.33,42.33,41.81,76.97,74.07
39.49,39.49,37.81,76.07,74.14
36.42,36.42,48.28,74.24,74.20
29.78,29.78,59.72,60.20,72.95
20.35,20.35,63.43,56.18,72.91
17.42,17.42,80.82,62.02,70.39
16.08,16.08,85.23,67.85,69.39
19.83,19.83,81.85,71.65,71.19
21.22,21.22,84.07,76.18,71.79
19.43,19.43,75.62,76.27,73.90
27.71,27.71,73.54,76.71,75.11
28.19,28.19,73.16,78.01,74.99
24.21,24.21,65.56,76.29,74.35
19.19,19.19,65.07,73.65,73.94
21.69,21.69,63.12,74.41,74.53
22.29,22.29,60.74,74.59,73.51
18.31,18.31,53.91,67.86,72.94
13.75,13.75,58.34,71.27,74.90
12.26,12.26,59.59,78.73,73.61
13.60,13.60,57.77,77.99,72.71
16.02,16.02,55.45,79.98,73.26
16.33,16.33,50.35,78.66,73.41
19.55,19.55,48.09,79.07,74.33
23.00,23.00,48.07,78.80,72.31
23.88,23.88,46.81,79.04,74.17
27.46,27.46,46.81,78.03,72.89
26.75,26.75,45.75,78.76,74.04
26.30,26.30,48.10,77.80,73.49
22.57,22.57,60.27,75.61,74.02
14.01,14.01,67.50,71.35,73.04
9.39,9.39,72.99,63.27,73.73
13.40,13.40,86.34,56.28,70.86
19.33,19.33,82.32,56.44,71.40
19.62,19.62,78.10,69.46,73.87
25.92,25.92,78.44,71.11,72.75
26.32,26.32,70.87,73.64,73.76
28.39,28.39,72.09,70.70,74.50
29.60,29.60,76.68,70.25,74.42
36.13,36.13,75.24,68.78,74.58
42.29,42.29,70.91,70.20,75.30
46.21,46.21,57.20,66.23,74.53
49.37,49.37,56.48,59.16,73.41
56.32,56.32,58.26,64.45,72.31
65.17,65.17,61.91,66.15,72.19
72.61,72.61,57.77,70.15,70.84
73.03,73.03,60.80,67.61,70.81
71.53,71.53,57.99,69.99,70.86
66.64,66.64,57.18,68.60,72.92
64.80,64.80,52.61,70.80,73.56
64.70,64.70,46.29,70.20,74.30
67.65,67.65,47.34,69.91,74.55
67.65,67.65,39.48,70.04,73.79
67.81,67.81,40.81,70.09,73.00
69.12,69.12,49.42,61.24,72.61
70.28,70.28,56.00,59.88,72.22
70.39,70.39,68.74,64.35,71.59
65.18,65.18,84.75,65.21,70.59
64.93,64.93,83.94,66.98,70.58
67.96,67.96,76.10,68.46,73.99
65.87,65.87,72.83,65.92,72.25
64.21,64.21,72.32,63.00,73.79
62.57,62.57,75.41,69.21,75.29
61.55,61.55,74.99,70.57,75.12
59.74,59.74,68.92,69.04,74.20
59.07,59.07,67.20,70.90,74.58
60.73,60.73,66.52,67.39,73.84
61.90,61.90,64.22,65.53,74.91
65.72,65.72,59.07,64.83,73.94
67.83,67.83,60.22,68.07,72.09
68.32,68.32,59.29,69.34,72.42
68.75,68.75,61.12,71.36,72.28
69.95,69.95,58.92,68.67,71.74
68.85,68.85,56.45,65.47,73.17
69.31,69.31,54.62,68.36,73.36
70.28,70.28,50.81,68.65,74.42
68.34,68.34,50.82,69.92,74.72
69.74,69.74,50.14,67.06,74.23
69.61,69.61,52.33,68.74,74.19
67.15,67.15,62.06,63.16,73.47
67.21,67.21,64.41,57.62,73.07
66.21,66.21,82.16,57.70,72.03
65.75,65.75,84.07,58.48,72.15
62.95,62.95,83.10,65.51,73.69
61.70,61.70,74.81,68.33,76.07
65.20,65.20,75.57,69.54,73.95
66.24,66.24,69.78,70.97,75.59
65.83,65.83,76.12,66.30,75.52
65.50,65.50,75.77,66.13,74.10
64.91,64.91,74.59,66.76,74.31
64.32,64.32,63.18,67.79,74.18
62.55,62.55,61.97,64.82,75.60
61.57,61.57,61.21,63.69,75.61
58.41,58.41,56.43,61.58,76.75
56.51,56.51,60.80,62.52,75.96
53.41,53.41,63.01,69.21,74.42
50.73,50.73,63.14,71.79,75.71
48.79,48.79,60.33,68.47,76.41
49.48,49.48,56.84,68.41,76.44
46.81,46.81,55.13,69.46,77.31
49.26,49.26,55.04,68.41,75.67
52.90,52.90,55.98,70.63,76.26
54.95,54.95,51.98,69.64,74.38
60.17,60.17,45.80,68.49,74.02
66.69,66.69,50.36,59.20,73.35
70.08,70.08,62.27,53.07,73.63
71.72,71.72,76.21,62.32,73.73
70.36,70.36,85.36,60.95,70.61
72.12,72.12,82.16,62.17,71.14
70.50,70.50,77.49,63.67,70.51
72.20,72.20,76.55,64.70,71.27
71.72,71.72,71.93,67.81,72.38
73.22,73.22,70.88,69.79,73.11
75.51,75.51,73.36,68.43,73.74
75.21,75.21,73.98,68.81,72.63
74.28,74.28,68.26,69.66,73.06
72.54,72.54,56.64,66.82,71.81
72.57,72.57,55.33,56.90,72.57
73.39,73.39,55.74,54.04,72.86
71.56,71.56,62.62,67.69,71.92
71.53,71.53,61.19,71.81,71.21
72.59,72.59,61.84,70.18,72.98
73.81,73.81,57.48,71.15,71.35
72.25,72.25,54.17,72.69,71.27
64.51,64.51,50.54,72.31,72.60
55.31,55.31,42.78,73.00,70.46
48.98,48.98,40.37,72.31,71.41
44.91,44.91,39.27,72.39,72.37
40.85,40.85,45.40,72.83,72.59
43.41,43.41,49.70,67.28,71.91
47.77,47.77,61.43,61.56,72.03
59.85,59.85,71.36,58.46,71.88
67.50,67.50,84.84,67.55,70.30
71.18,71.18,83.73,70.18,71.27
71.73,71.73,81.48,73.66,71.80
73.30,73.30,71.32,76.42,73.04
72.34,72.34,74.79,74.53,73.51
71.28,71.28,73.30,73.93,75.67
70.69,70.69,73.69,78.78,72.62
71.67,71.67,69.04,77.86,72.69
69.71,69.71,67.87,76.97,73.10
70.45,70.45,64.26,76.01,72.38
70.46,70.46,63.19,72.59,71.24
70.09,70.09,53.96,66.67,72.69
69.55,69.55,56.84,71.91,72.83
70.75,70.75,60.45,77.23,71.00
73.44,73.44,58.44,77.35,71.46
74.61,74.61,54.77,76.17,71.62
74.86,74.86,52.26,74.34,73.80
73.63,73.63,52.79,75.67,74.15
70.04,70.04,52.87,76.66,72.43
67.71,67.71,52.87,76.11,74.34
61.24,61.24,46.93,75.75,73.55
57.35,57.35,40.17,75.43,74.13
63.25,63.25,49.74,74.90,74.49
70.30,70.30,56.78,69.15,73.03
68.56,68.56,61.47,61.84,72.46
67.97,67.97,77.53,61.90,73.16
66.84,66.84,84.87,66.59,71.59
67.42,67.42,82.74,70.87,72.15
72.05,72.05,78.07,67.58,73.78
71.06,71.06,73.55,70.89,74.10
70.70,70.70,68.72,71.03,75.17
71.11,71.11,71.90,68.48,74.60
72.01,72.01,64.34,73.71,71.43
71.65,71.65,66.43,75.79,71.92
72.32,72.32,67.48,76.40,73.66
72.82,72.82,59.27,74.13,74.02
72.52,72.52,54.97,66.15,74.72
71.28,71.28,59.97,62.23,72.37
66.72,66.72,60.32,66.17,73.04
67.86,67.86,58.44,76.79,74.67
67.80,67.80,54.53,72.71,75.67
67.18,67.18,49.61,73.47,75.73
65.91,65.91,45.58,74.77,76.81
67.56,67.56,46.67,75.14,75.28
66.74,66.74,48.12,74.17,76.64
66.51,66.51,46.30,75.33,75.61
67.26,67.26,46.84,73.67,75.85
68.48,68.48,50.44,71.56,75.65
68.98,68.98,59.46,67.10,74.65
67.69,67.69,60.72,63.04,73.60
66.06,66.06,79.16,64.46,70.68
62.81,62.81,84.92,60.84,71.96
67.04,67.04,84.57,63.64,73.54
68.25,68.25,78.04,65.49,75.29
70.38,70.38,75.15,68.81,75.14
72.59,72.59,70.66,65.68,75.69
74.07,74.07,72.94,63.52,74.91
73.67,73.67,72.48,65.84,73.03
70.96,70.96,74.48,68.37,74.22
72.07,72.07,74.33,62.27,72.10
73.11,73.11,72.89,63.26,74.32
73.04,73.04,63.67,59.14,72.57
64.04,64.04,63.25,56.71,70.26
74.69,74.69,65.89,60.37,71.65
74.63,74.63,65.52,65.85,72.66
73.68,73.68,58.01,70.35,73.66
74.81,74.81,53.86,67.89,73.69
75.30,75.30,53.93,64.82,75.09
74.92,74.92,49.79,65.12,75.36
74.53,74.53,46.82,66.85,75.49
74.63,74.63,45.77,67.11,74.55
72.35,72.35,43.30,64.84,73.92
65.28,65.28,50.06,61.10,73.81
69.21,69.21,55.45,56.47,72.56
74.25,74.25,67.09,57.18,72.14
73.68,73.68,80.36,61.21,71.98
73.37,73.37,84.80,61.36,71.52
72.26,72.26,82.73,68.53,73.86
70.64,70.64,75.36,68.02,74.61
71.50,71.50,67.83,69.19,74.46
72.56,72.56,69.68,69.86,74.02
72.65,72.65,70.09,71.07,74.31
74.76,74.76,63.80,69.73,72.92
73.65,73.65,66.57,69.71,73.67
71.64,71.64,66.39,68.82,74.71
71.53,71.53,61.49,60.79,72.43
73.12,73.12,61.71,57.47,71.21
72.69,72.69,62.86,67.14,70.11
74.60,74.60,65.95,68.73,71.74
74.81,74.81,60.98,67.02,72.10
75.19,75.19,57.24,72.91,71.89
73.23,73.23,51.67,68.92,73.77
71.98,71.98,47.56,68.29,74.77
71.50,71.50,45.77,70.48,73.16
71.62,71.62,45.85,68.73,75.20
74.52,74.52,42.87,68.11,74.94
73.88,73.88,43.50,69.26,73.11
72.96,72.96,48.34,69.72,72.50
72.39,72.39,51.07,60.56,70.65
72.48,72.48,61.34,54.60,70.93
69.76,69.76,78.72,60.55,69.97
68.76,68.76,84.27,55.88,71.51
71.32,71.32,82.52,52.02,73.27
69.95,69.95,84.05,54.38,73.82
71.61,71.61,78.53,56.20,76.23
72.18,72.18,78.15,61.48,75.30
72.88,72.88,75.44,64.21,73.31
71.60,71.60,69.11,65.64,73.61
70.89,70.89,74.30,65.30,73.84
70.87,70.87,73.55,62.47,72.86
70.94,70.94,62.46,64.07,74.04
70.84,70.84,60.27,65.28,73.81
69.89,69.89,58.18,63.12,70.23
71.21,71.21,65.68,65.52,74.09
71.51,71.51,66.38,64.36,73.08
70.49,70.49,64.16,64.35,72.46
71.31,71.31,55.66,57.88,73.49
71.72,71.72,57.51,58.44,75.86
70.07,70.07,57.16,62.31,75.55
71.07,71.07,54.06,60.20,75.61
73.23,73.23,50.01,63.78,74.29
74.90,74.90,43.54,65.08,74.72
67.36,67.36,44.07,63.97,72.81
59.63,59.63,54.35,60.68,72.49
52.75,52.75,56.92,57.92,69.88
56.57,56.57,70.13,61.05,71.76
59.14,59.14,85.90,62.79,71.26
64.60,64.60,84.35,65.24,73.90
69.00,69.00,78.00,69.40,75.54
69.27,69.27,72.77,72.48,75.46
70.92,70.92,69.99,73.24,75.40
72.67,72.67,74.36,72.55,75.50
72.08,72.08,68.75,73.56,74.26
72.35,72.35,62.28,73.12,73.30
73.12,73.12,59.49,74.56,71.50
73.61,73.61,59.68,73.03,71.21
74.52,74.52,58.33,68.45,72.80
74.32,74.32,58.17,59.59,70.09
74.36,74.36,61.95,67.51,71.30
72.03,72.03,61.83,68.40,72.50
69.53,69.53,58.33,70.90,74.00
64.83,64.83,53.51,69.23,73.48
64.49,64.49,48.91,70.20,73.54
63.32,63.32,45.95,69.22,73.95
62.27,62.27,49.23,69.42,76.78
61.18,61.18,49.84,69.28,74.41
57.66,57.66,42.18,70.83,74.31
62.88,62.88,48.01,71.00,74.33
69.56,69.56,53.42,69.21,73.93
69.04,69.04,55.20,65.62,72.56
67.13,67.13,61.71,60.90,70.59
65.35,65.35,79.87,58.92,72.94
65.39,65.39,83.54,54.00,71.59
69.61,69.61,83.90,66.54,74.05
71.34,71.34,82.20,70.41,75.10
72.90,72.90,76.09,69.01,74.02
70.84,70.84,77.74,69.06,75.97
72.12,72.12,70.35,69.50,74.45
73.10,73.10,67.19,70.15,73.85
72.97,72.97,65.86,70.92,73.43
71.27,71.27,65.50,71.37,74.80
69.38,69.38,65.50,70.76,73.26
67.58,67.58,62.34,67.71,72.12
69.45,69.45,63.07,62.00,71.87
68.83,68.83,64.81,71.80,73.43
69.23,69.23,63.34,68.70,75.21
69.67,69.67,56.85,70.61,75.51
70.12,70.12,52.69,71.35,77.41
70.21,70.21,58.06,70.64,76.48
70.05,70.05,50.46,72.39,76.94
69.87,69.87,54.54,73.32,76.81
69.10,69.10,51.87,72.08,77.11
65.89,65.89,50.14,71.67,76.49
54.52,54.52,43.20,70.46,76.61
50.33,50.33,53.16,69.98,76.18
57.56,57.56,65.66,64.37,71.98
58.77,58.77,74.16,63.58,73.12
66.72,66.72,86.01,67.55,72.60
67.09,67.09,83.46,65.39,73.70
65.13,65.13,76.92,62.92,74.52
58.73,58.73,74.11,63.18,75.21
50.47,50.47,71.68,66.77,75.76
49.78,49.78,75.68,68.64,76.04
51.29,51.29,67.54,67.99,75.31
59.79,59.79,64.23,69.11,74.72
67.77,67.77,66.83,69.27,73.53
69.47,69.47,63.53,67.15,75.70
70.19,70.19,67.81,57.30,73.43
68.63,68.63,62.31,57.11,72.58
66.42,66.42,59.45,67.90,70.47
71.95,71.95,61.79,70.09,73.71
72.80,72.80,57.10,70.13,72.95
73.04,73.04,58.37,70.54,74.34
75.52,75.52,53.97,69.36,75.94
75.00,75.00,54.50,69.19,74.71
75.89,75.89,52.03,68.26,73.49
75.21,75.21,49.18,66.45,73.97
73.45,73.45,45.96,67.10,72.92
73.01,73.01,47.97,69.11,74.02
71.35,71.35,54.84,68.34,73.43
70.18,70.18,66.73,62.54,74.57
69.06,69.06,76.58,61.40,73.34
63.01,63.01,83.59,69.24,71.22
66.79,66.79,82.64,70.34,72.74
67.89,67.89,80.74,72.23,72.57
70.14,70.14,74.47,72.91,75.49
69.85,69.85,75.24,74.96,74.37
69.94,69.94,76.39,72.44,74.47
70.44,70.44,70.06,69.75,75.71
69.06,69.06,67.34,68.07,75.95
67.42,67.42,62.45,70.31,77.13
61.69,61.69,67.38,73.95,75.75
62.87,62.87,64.75,70.21,74.99
73.16,73.16,62.25,54.47,72.39
73.01,73.01,51.86,72.52,70.61
72.76,72.76,51.63,78.86,72.23
71.42,71.42,52.53,77.26,70.41
71.65,71.65,51.85,75.52,72.51
71.63,71.63,47.22,76.31,72.02
69.78,69.78,44.24,75.04,72.77
71.02,71.02,42.60,75.61,73.34
70.02,70.02,40.44,74.80,73.52
71.31,71.31,35.83,74.12,73.78
70.09,70.09,34.46,74.71,74.28
68.75,68.75,52.19,70.36,71.87
68.60,68.60,53.76,61.48,73.01
68.25,68.25,73.47,59.30,72.57
65.86,65.86,85.32,61.96,70.16
67.13,67.13,83.03,68.20,72.30
67.96,67.96,80.96,73.22,72.45
68.68,68.68,81.99,74.68,74.32
69.34,69.34,78.83,77.44,76.31
70.78,70.78,71.61,76.61,75.02
71.20,71.20,70.31,74.86,75.32
70.91,70.91,65.48,73.33,74.98
71.37,71.37,64.12,70.32,73.19
71.30,71.30,61.17,69.69,73.90
71.69,71.69,65.72,68.05,72.88
70.76,70.76,59.50,65.22,72.65
69.86,69.86,58.04,73.64,71.61
71.48,71.48,60.48,76.81,70.95
70.33,70.33,58.86,78.25,70.87
70.85,70.85,53.66,77.09,71.85
71.15,71.15,48.85,77.91,73.60
67.71,67.71,46.59,76.04,73.61
68.87,68.87,42.67,74.65,74.88
66.64,66.64,41.59,76.58,72.79
65.92,65.92,38.19,76.40,72.04
65.90,65.90,39.86,76.17,72.79
62.83,62.83,57.09,72.86,73.52
60.86,60.86,64.65,63.17,74.00
61.80,61.80,69.44,62.42,73.34
56.45,56.45,85.99,69.23,70.65
58.29,58.29,83.40,69.99,72.47
59.25,59.25,78.99,73.69,72.76
52.14,52.14,73.11,72.92,73.51
48.38,48.38,70.69,75.05,75.22
47.11,47.11,68.31,76.79,76.98
46.16,46.16,66.99,77.16,76.41
49.15,49.15,63.32,74.28,75.65
44.60,44.60,57.86,74.79,74.99
44.66,44.66,63.72,75.35,74.59
36.05,36.05,56.10,68.95,72.64
33.42,33.42,54.40,64.32,73.74
33.44,33.44,58.02,71.34,73.71
32.65,32.65,58.87,76.56,74.34
33.76,33.76,56.68,77.44,75.29
34.65,34.65,53.27,76.46,75.85
35.75,35.75,48.93,76.91,76.32
30.96,30.96,45.57,75.36,75.62
30.10,30.10,40.38,76.42,72.45
28.89,28.89,33.97,76.25,74.29
29.71,29.71,35.49,75.87,72.83
27.21,27.21,37.70,75.31,73.23
22.58,22.58,52.77,68.86,72.68
16.22,16.22,59.65,57.72,73.09
10.37,10.37,71.58,58.67,74.75
15.64,15.64,85.04,65.59,70.72
11.83,11.83,83.08,69.31,71.35
15.87,15.87,80.23,72.60,72.49
19.52,19.52,74.35,72.05,73.72
18.92,18.92,70.21,69.21,74.88
19.99,19.99,73.80,72.60,75.01
20.71,20.71,70.05,74.97,74.31
20.93,20.93,71.66,75.15,73.04
20.41,20.41,71.31,75.60,73.16
19.02,19.02,66.78,75.16,73.94
16.96,16.96,59.29,70.82,73.17
13.10,13.10,54.31,68.82,74.54
10.59,10.59,55.48,73.43,76.94
7.39,7.39,60.54,75.92,74.26
9.21,9.21,58.78,76.90,73.46
13.16,13.16,55.05,76.94,74.50
17.79,17.79,50.03,77.06,75.03
21.54,21.54,46.53,75.55,75.48
21.08,21.08,42.02,75.08,76.47
20.63,20.63,36.37,75.29,76.17
20.57,20.57,34.59,76.19,75.69
16.74,16.74,37.21,74.69,75.24
12.70,12.70,50.32,70.27,74.88
7.06,7.06,59.41,61.79,71.53
4.19,4.19,64.20,58.07,70.33
10.57,10.57,81.04,63.21,71.90
12.54,12.54,84.47,60.97,73.60
15.85,15.85,78.63,64.18,74.36
20.48,20.48,76.77,66.51,74.13
23.12,23.12,70.76,65.21,76.90
21.62,21.62,74.14,70.20,74.62
21.31,21.31,75.67,71.15,75.14
26.34,26.34,75.65,72.02,74.12
24.07,24.07,74.33,70.81,73.66
18.47,18.47,64.45,72.14,74.05
18.80,18.80,59.62,70.28,73.74
18.19,18.19,59.62,65.67,72.60
20.55,20.55,59.12,59.00,75.31
23.65,23.65,61.26,65.31,74.60
25.78,25.78,60.66,70.55,75.82
33.84,33.84,57.91,71.95,76.28
37.66,37.66,54.53,69.20,75.94
35.20,35.20,51.86,70.17,75.18
23.75,23.75,42.24,68.88,76.21
23.05,23.05,44.12,70.17,74.06
24.89,24.89,48.56,70.15,74.03
40.29,40.29,48.25,69.02,72.49
52.49,52.49,47.99,69.93,73.40
61.00,61.00,58.98,68.83,73.56
70.07,70.07,61.50,54.35,72.26
71.07,71.07,72.66,64.54,69.23
67.20,67.20,85.94,64.85,71.12
64.26,64.26,84.40,63.74,72.35
65.49,65.49,80.52,61.88,73.85
66.08,66.08,72.17,62.14,72.63
64.69,64.69,73.00,68.33,73.40
64.57,64.57,75.54,69.84,73.88
68.44,68.44,77.24,66.71,75.15
69.57,69.57,76.56,66.72,73.81
69.62,69.62,64.82,67.50,73.30
68.32,68.32,66.24,69.48,73.66
71.06,71.06,58.31,64.72,72.11
63.57,63.57,60.39,68.86,70.03
60.77,60.77,63.80,65.13,73.30
55.82,55.82,57.39,69.54,73.69
55.87,55.87,55.46,69.98,76.11
54.53,54.53,57.69,69.12,74.81
55.88,55.88,51.28,70.31,75.38
49.95,49.95,46.16,69.21,74.24
48.56,48.56,48.97,69.46,74.45
54.01,54.01,53.77,68.75,75.00
65.91,65.91,49.64,68.86,74.41
71.65,71.65,55.37,68.07,74.81
69.34,69.34,63.52,67.17,73.14
68.04,68.04,65.31,63.53,72.61
65.91,65.91,78.89,63.32,71.73
63.28,63.28,85.68,59.73,71.93
65.42,65.42,83.15,63.94,72.09
67.24,67.24,76.89,67.69,74.81
69.99,69.99,73.16,66.98,74.64
71.44,71.44,65.57,62.93,74.18
72.17,72.17,67.21,67.31,75.67
72.03,72.03,64.60,67.71,73.10
72.14,72.14,69.43,66.40,73.52
71.84,71.84,67.24,65.12,73.14
69.94,69.94,66.53,65.24,72.40
67.08,67.08,63.82,63.39,71.33
69.34,69.34,61.19,66.75,73.07
70.70,70.70,66.65,71.66,73.92
69.56,69.56,60.32,70.73,74.77
70.71,70.71,58.46,70.29,74.34
70.51,70.51,61.01,69.93,75.09
70.66,70.66,60.00,70.66,75.24
70.09,70.09,56.22,70.88,75.17
69.68,69.68,46.59,71.43,73.94
63.59,63.59,51.30,70.50,71.82
59.64,59.64,51.39,69.67,72.89
54.88,54.88,47.09,68.34,70.79
63.76,63.76,60.25,63.14,71.55
70.86,70.86,66.84,59.77,71.65
70.49,70.49,77.66,60.78,70.66
71.34,71.34,85.34,55.95,69.89
69.48,69.48,83.43,62.39,72.32
73.25,73.25,78.55,63.21,72.23
73.58,73.58,73.30,62.40,72.56
71.46,71.46,75.24,64.22,71.89
69.76,69.76,71.25,65.41,70.00
71.15,71.15,71.35,69.16,71.49
72.26,72.26,66.54,70.87,73.15
71.92,71.92,65.32,70.64,71.46
69.00,69.00,66.49,68.19,72.91
61.28,61.28,63.73,64.37,71.69
63.17,63.17,60.64,66.77,72.85
67.11,67.11,64.55,65.92,73.74
66.40,66.40,62.48,69.84,73.30
67.41,67.41,65.56,68.75,74.01
66.08,66.08,60.97,70.87,75.71
66.04,66.04,60.26,71.20,76.35
66.99,66.99,53.36,67.69,75.85
69.06,69.06,58.11,67.59,75.07
69.06,69.06,59.10,65.86,73.67
67.61,67.61,58.77,64.14,73.41
68.33,68.33,56.06,57.07,73.47
67.60,67.60,64.02,59.29,72.40
61.67,61.67,68.15,60.60,71.72
61.97,61.97,85.00,66.92,69.56
67.25,67.25,83.07,68.41,71.62
70.77,70.77,70.41,68.49,72.03
68.47,68.47,70.35,72.41,73.70
69.12,69.12,71.32,72.97,73.35
68.17,68.17,71.56,74.29,73.10
69.26,69.26,68.89,78.47,75.31
72.48,72.48,62.78,77.21,73.86
73.30,73.30,61.95,77.23,73.89
72.60,72.60,60.31,76.56,74.07
74.38,74.38,61.63,75.27,75.08
75.53,75.53,59.75,72.08,74.80
74.38,74.38,62.05,69.67,70.60
70.31,70.31,63.03,68.38,71.90
75.15,75.15,61.58,77.56,74.80
76.26,76.26,60.10,76.03,74.17
76.34,76.34,55.66,75.29,77.29
74.30,74.30,55.50,74.65,76.79
73.24,73.24,52.51,74.77,76.29
74.72,74.72,51.21,75.00,75.67
75.92,75.92,50.25,75.81,76.41
75.78,75.78,48.32,74.01,76.61
75.53,75.53,49.71,73.70,75.35
76.04,76.04,55.26,72.71,75.25
75.38,75.38,63.99,66.65,74.61
74.06,74.06,78.63,64.49,72.25
71.03,71.03,84.55,69.26,70.89
74.48,74.48,83.16,71.50,70.95
75.45,75.45,77.46,67.38,72.70
76.09,76.09,69.73,67.99,73.88
76.08,76.08,74.85,72.69,73.47
75.79,75.79,75.32,73.34,70.98
75.24,75.24,72.08,77.65,71.33
74.66,74.66,70.06,76.24,72.19
74.02,74.02,65.52,73.93,72.83
75.13,75.13,67.02,73.34,73.08
75.21,75.21,62.48,72.00,73.52
74.81,74.81,59.38,69.48,74.25
76.56,76.56,59.18,60.17,71.54
77.12,77.12,57.47,73.61,73.92
77.14,77.14,55.61,76.25,73.76
77.71,77.71,51.68,77.43,73.48
78.02,78.02,50.92,75.83,73.63
77.01,77.01,49.55,74.20,73.45
68.00,68.00,46.29,73.97,72.04
66.24,66.24,41.95,74.60,71.64
66.42,66.42,37.96,72.68,71.20
64.62,64.62,43.60,69.95,73.05
60.51,60.51,55.29,71.26,73.60
65.68,65.68,59.85,66.78,73.73
70.26,70.26,70.16,64.21,70.78
65.08,65.08,81.99,66.13,71.99
67.10,67.10,83.05,59.46,73.87
72.62,72.62,78.61,59.33,74.97
71.26,71.26,70.86,56.86,76.64
69.49,69.49,68.72,61.00,77.30
70.45,70.45,71.42,64.48,76.33
71.20,71.20,73.18,60.71,75.22
70.09,70.09,76.10,62.27,75.96
65.66,65.66,74.33,62.79,75.18
66.44,66.44,69.00,63.90,73.41
68.83,68.83,58.74,67.88,74.53
68.28,68.28,59.47,66.87,75.10
66.32,66.32,64.84,73.50,73.84
64.44,64.44,65.02,70.05,75.45
59.67,59.67,58.13,61.70,74.85
53.51,53.51,56.09,60.06,76.89
49.30,49.30,53.54,62.39,76.35
46.87,46.87,51.92,63.94,76.28
48.72,48.72,50.37,66.05,75.82
54.34,54.34,43.89,64.40,75.55
64.08,64.08,42.67,65.87,74.91
66.39,66.39,45.96,62.99,74.81
65.28,65.28,55.20,65.41,72.71
64.82,64.82,54.51,62.99,73.17
62.08,62.08,65.38,58.95,71.28
58.85,58.85,83.90,54.93,72.63
61.03,61.03,82.38,54.48,74.80
61.54,61.54,76.89,61.62,74.74
58.76,58.76,73.13,62.33,77.31
54.99,54.99,70.69,62.74,77.41
48.85,48.85,74.64,63.71,77.92
47.99,47.99,75.73,67.73,78.37
46.58,46.58,77.33,64.73,75.92
52.06,52.06,73.14,62.56,74.67
59.35,59.35,64.62,61.11,74.85
69.06,69.06,59.09,63.97,74.35
72.21,72.21,63.07,63.53,71.94
70.85,70.85,68.59,64.74,71.70
71.02,71.02,67.35,63.46,74.08
68.65,68.65,62.46,69.15,73.94
70.77,70.77,63.18,69.14,73.04
69.53,69.53,61.09,68.92,73.89
69.79,69.79,62.15,70.97,73.17
69.39,69.39,56.54,72.09,74.56
69.76,69.76,53.09,72.04,73.81
69.44,69.44,50.89,68.51,72.61
69.51,69.51,51.60,63.09,72.22
68.40,68.40,51.49,68.34,71.50
68.70,68.70,51.54,55.47,71.34
69.71,69.71,68.00,58.03,69.05
67.94,67.94,82.30,61.71,71.13
66.29,66.29,84.56,54.35,72.33
69.31,69.31,81.75,67.27,74.85
70.77,70.77,74.70,71.75,75.96
70.90,70.90,76.44,73.21,76.14
71.52,71.52,69.42,72.52,76.77
70.00,70.00,69.81,73.30,74.93
71.70,71.70,72.75,71.07,74.28
70.44,70.44,75.52,72.12,72.94
70.16,70.16,64.63,71.80,73.01
71.61,71.61,65.43,72.34,74.10
68.38,68.38,61.41,64.75,72.49
68.26,68.26,59.46,61.48,70.62
69.75,69.75,66.08,69.98,74.46
69.34,69.34,60.49,69.92,75.41
68.77,68.77,59.20,71.40,74.16
68.57,68.57,53.01,71.30,74.22
71.11,71.11,47.61,70.92,75.32
70.94,70.94,48.21,70.08,75.65
69.24,69.24,54.18,71.24,74.41
69.46,69.46,55.67,71.62,74.05
69.24,69.24,47.34,73.16,73.11
70.07,70.07,51.32,72.78,74.30
69.81,69.81,55.12,69.72,73.00
67.96,67.96,65.57,63.78,72.17
67.15,67.15,72.03,63.85,73.02
67.32,67.32,86.44,58.26,72.03
68.29,68.29,83.36,50.88,73.62
67.15,67.15,83.54,55.53,73.12
66.99,66.99,79.02,58.20,74.26
69.67,69.67,79.39,58.92,74.62
68.60,68.60,74.53,55.14,75.64
69.94,69.94,70.36,56.66,75.19
66.74,66.74,70.28,54.03,75.01
67.29,67.29,71.14,56.95,74.62
68.19,68.19,70.39,57.55,72.09
67.68,67.68,66.06,58.79,72.20
66.67,66.67,63.65,64.34,70.58
65.55,65.55,63.36,66.21,73.09
67.05,67.05,59.12,70.97,75.02
67.35,67.35,54.94,69.73,74.45
66.38,66.38,54.04,70.90,75.79
66.33,66.33,49.47,69.48,74.98
66.24,66.24,47.21,69.97,74.18
67.00,67.00,51.40,70.23,75.02
67.63,67.63,53.72,72.01,74.36
67.73,67.73,47.45,72.28,74.26
66.58,66.58,45.45,72.30,73.62
66.84,66.84,52.75,63.70,73.40
62.81,62.81,60.38,54.13,73.14
62.61,62.61,68.86,55.30,73.38
60.67,60.67,86.16,60.34,72.52
56.65,56.65,81.87,65.09,73.80
62.91,62.91,79.76,68.32,74.48
66.15,66.15,76.27,67.43,73.92
65.50,65.50,77.13,68.16,75.52
61.36,61.36,73.52,65.84,75.55
63.45,63.45,66.11,66.80,75.15
63.75,63.75,63.80,66.05,73.84
67.71,67.71,63.32,63.75,74.45
64.08,64.08,67.41,62.50,73.51
61.52,61.52,64.91,64.72,72.50
57.85,57.85,61.48,64.43,72.03
62.43,62.43,65.11,71.91,72.80
57.23,57.23,64.11,73.79,73.82
62.74,62.74,62.09,73.46,74.94
61.27,61.27,62.22,73.11,75.25
58.88,58.88,62.06,73.96,76.00
54.58,54.58,60.19,73.07,74.24
50.22,50.22,62.33,72.97,74.59
52.34,52.34,64.53,71.02,73.42
50.78,50.78,62.88,70.03,75.33
54.51,54.51,62.81,67.23,75.00
54.48,54.48,64.66,59.46,74.02
50.45,50.45,66.07,60.48,73.66
51.13,51.13,71.51,58.76,74.31
48.16,48.16,85.06,59.85,72.56
48.16,48.16,84.07,55.50,74.23
50.62,50.62,80.74,52.42,74.19
52.28,52.28,79.64,55.35,73.30
51.91,51.91,77.66,60.83,71.85
56.68,56.68,73.03,62.15,74.11
56.85,56.85,73.17,66.14,75.47
56.69,56.69,69.28,66.76,74.72
60.26,60.26,68.57,66.31,73.47
58.07,58.07,68.41,62.92,73.01
58.92,58.92,68.56,59.02,73.76
58.51,58.51,68.51,60.85,73.60
59.67,59.67,68.25,65.11,73.08
60.92,60.92,68.81,66.68,74.65
60.91,60.91,67.57,70.32,74.28
61.05,61.05,69.17,72.65,73.99
64.14,64.14,68.07,73.85,73.60
65.02,65.02,67.46,70.63,74.26
60.48,60.48,69.07,70.48,72.91
52.58,52.58,68.92,69.45,72.38
47.53,47.53,68.54,72.09,73.10
48.28,48.28,69.21,65.69,74.26
44.89,44.89,69.45,66.43,73.20
50.66,50.66,67.67,63.85,74.32
54.73,54.73,72.69,61.38,72.73
59.10,59.10,85.85,65.12,70.99
69.23,69.23,78.52,65.85,72.38
68.12,68.12,78.12,68.22,70.84
69.77,69.77,75.07,71.58,72.87
69.71,69.71,74.74,74.59,74.12
70.52,70.52,73.77,72.76,72.97
70.41,70.41,71.85,71.99,73.32
69.48,69.48,71.87,73.62,71.70
70.31,70.31,71.50,70.53,72.07
68.79,68.79,70.97,74.08,72.87
69.54,69.54,71.84,73.75,73.51
68.71,68.71,71.33,72.70,71.95
67.78,67.78,70.06,64.27,70.87
66.80,66.80,71.20,72.49,71.19
66.15,66.15,69.93,79.06,70.78
66.42,66.42,69.19,76.32,72.32
66.05,66.05,67.73,75.30,74.20
64.71,64.71,66.84,75.78,74.13
67.64,67.64,67.31,74.51,72.76
67.28,67.28,67.31,73.42,72.48
66.37,66.37,65.90,74.03,73.00
69.39,69.39,65.79,75.46,72.72
67.42,67.42,65.50,76.64,71.84
67.31,67.31,65.56,73.20,73.37
68.18,68.18,65.20,65.63,72.67
69.02,69.02,67.91,57.69,70.30
69.81,69.81,81.70,62.66,70.85
69.67,69.67,83.71,64.60,71.86
68.40,68.40,82.74,70.03,71.49
65.02,65.02,83.13,72.34,72.53
67.36,67.36,78.08,73.83,72.38
66.62,66.62,74.77,76.66,69.62
67.95,67.95,71.32,78.40,70.16
68.49,68.49,67.53,74.09,71.54
69.71,69.71,65.64,71.54,70.74
70.47,70.47,63.83,72.03,71.63
70.35,70.35,65.47,74.71,71.23
70.06,70.06,64.14,67.89,70.15
71.06,71.06,64.17,63.27,70.52
69.99,69.99,62.10,69.58,69.65
67.29,67.29,62.96,75.76,73.69
67.07,67.07,60.87,74.60,75.45
66.81,66.81,59.29,75.57,77.06
69.04,69.04,59.91,73.71,73.71
69.18,69.18,58.72,75.95,73.18
70.13,70.13,58.19,76.31,73.86
72.70,72.70,58.52,76.10,74.89
72.50,72.50,56.84,77.87,72.93
69.91,69.91,58.49,77.70,71.94
69.91,69.91,65.57,73.44,72.32
69.48,69.48,68.69,59.06,70.41
67.00,67.00,83.95,62.01,71.85
69.59,69.59,82.19,63.43,71.98
69.68,69.68,81.50,65.97,72.71
70.91,70.91,73.10,68.94,72.95
70.47,70.47,70.51,69.83,73.62
70.89,70.89,70.14,69.93,73.91
72.52,72.52,66.33,70.81,72.52
71.55,71.55,72.51,76.18,73.36
69.96,69.96,74.50,77.01,72.58
71.10,71.10,68.56,77.25,74.59
68.50,68.50,63.77,75.43,73.13
66.82,66.82,60.14,71.93,73.75
68.86,68.86,59.28,67.81,73.16
72.29,72.29,58.63,68.83,72.87
71.53,71.53,58.55,73.26,73.65
71.33,71.33,58.61,75.81,73.74
69.09,69.09,57.43,76.38,73.10
68.51,68.51,55.85,75.94,76.09
67.80,67.80,54.72,77.87,73.78
69.08,69.08,53.97,77.06,73.16
71.47,71.47,52.46,76.51,73.65
71.56,71.56,50.91,76.52,73.67
71.66,71.66,56.50,75.78,72.52
68.65,68.65,65.92,72.13,72.94
65.99,65.99,72.97,68.52,73.80
67.06,67.06,84.61,65.78,68.94
67.47,67.47,82.84,66.89,71.87
66.41,66.41,79.39,61.11,72.18
69.28,69.28,80.52,68.29,73.41
72.28,72.28,79.12,73.33,72.68
73.34,73.34,71.61,74.89,73.65
75.04,75.04,69.29,75.07,73.35
75.60,75.60,64.34,76.89,71.87
73.44,73.44,64.81,76.38,72.67
69.90,69.90,66.45,76.42,73.11
73.54,73.54,62.10,75.12,73.78
71.31,71.31,60.71,67.23,73.29
70.65,70.65,58.87,60.46,70.06
71.87,71.87,58.83,64.76,73.49
70.65,70.65,60.96,73.56,73.99
70.70,70.70,57.83,75.84,74.18
68.07,68.07,56.53,74.51,76.24
67.39,67.39,54.07,75.98,73.52
69.02,69.02,53.53,75.86,72.05
71.40,71.40,52.23,76.77,72.39
71.47,71.47,52.93,76.88,71.34
69.58,69.58,53.36,76.20,71.33
68.48,68.48,54.93,76.66,71.28
69.35,69.35,60.08,75.69,69.51
69.62,69.62,65.11,67.06,69.96
68.12,68.12,76.04,57.74,69.41
67.89,67.89,85.95,55.11,71.61
66.48,66.48,82.26,56.06,71.19
68.11,68.11,79.30,57.11,72.33
67.88,67.88,73.72,57.33,73.59
67.29,67.29,74.48,62.78,72.88
66.06,66.06,72.07,61.08,73.26
64.71,64.71,69.47,58.63,74.93
62.74,62.74,69.78,58.68,74.58
60.54,60.54,70.15,59.24,73.31
59.79,59.79,72.73,61.04,73.55
62.45,62.45,66.86,58.68,72.25
65.88,65.88,64.74,60.18,70.69
67.04,67.04,61.98,66.24,72.67
69.18,69.18,61.65,71.90,74.68
63.96,63.96,60.48,72.17,74.35
64.62,64.62,59.47,70.59,76.02
69.80,69.80,59.10,68.66,74.78
71.08,71.08,58.50,63.30,74.71
70.59,70.59,57.37,58.07,73.34
65.83,65.83,56.68,57.74,72.81
63.78,63.78,54.17,52.51,72.41
70.51,70.51,52.34,46.24,73.41
70.74,70.74,56.44,49.45,71.47
65.90,65.90,60.20,51.02,70.88
64.22,64.22,77.20,55.44,71.30
65.31,65.31,85.18,61.68,71.02
65.96,65.96,82.95,66.13,73.21
63.62,63.62,81.03,68.20,72.31
66.08,66.08,74.71,71.69,73.40
69.77,69.77,72.88,73.24,74.77
68.60,68.60,76.26,73.26,73.74
67.41,67.41,67.26,72.28,73.48
65.06,65.06,72.32,69.55,74.70
63.59,63.59,71.66,70.07,73.23
66.19,66.19,65.94,69.00,74.59
67.02,67.02,62.94,69.15,73.49
62.85,62.85,63.50,68.32,72.33
62.00,62.00,64.52,69.03,72.18
61.71,61.71,62.06,73.93,72.45
61.17,61.17,61.45,72.76,72.97
65.97,65.97,57.79,72.95,74.58
68.94,68.94,58.06,73.07,75.58
68.96,68.96,57.36,73.47,74.56
70.55,70.55,55.73,71.48,75.07
70.64,70.64,55.93,71.44,75.15
64.51,64.51,53.86,70.39,76.20
63.95,63.95,50.84,70.75,74.09
68.05,68.05,54.02,68.26,73.77
65.96,65.96,60.40,65.40,74.00
66.03,66.03,67.05,57.69,70.99
64.23,64.23,80.99,61.92,71.29
61.51,61.51,86.12,58.26,71.07
65.62,65.62,81.80,52.87,71.84
68.18,68.18,77.43,56.80,73.48
67.85,67.85,74.12,60.40,73.46
66.25,66.25,75.80,61.52,75.13
67.66,67.66,72.42,65.37,74.87
69.07,69.07,66.42,62.86,75.10
66.45,66.45,62.68,62.01,75.22
67.65,67.65,62.98,60.53,73.83
66.60,66.60,68.18,64.52,74.22
63.66,63.66,64.39,66.70,73.52
59.22,59.22,62.46,61.91,73.21
65.12,65.12,62.60,61.25,74.19
62.38,62.38,64.47,63.30,74.22
59.47,59.47,63.49,61.48,75.03
61.79,61.79,61.28,61.68,75.75
61.50,61.50,61.84,62.81,75.02
59.03,59.03,63.35,60.76,74.08
58.05,58.05,65.41,59.46,74.38
59.08,59.08,65.20,59.12,72.72
65.03,65.03,65.77,57.53,72.69
63.56,63.56,64.34,65.50,73.68
63.00,63.00,64.22,63.81,71.48
66.12,66.12,72.31,62.03,73.53
58.90,58.90,85.01,57.57,71.58
58.67,58.67,83.34,54.69,71.32
60.30,60.30,82.31,56.30,72.61
61.26,61.26,77.00,59.87,74.73
61.74,61.74,71.31,60.49,76.47
63.01,63.01,74.55,63.29,75.34
64.58,64.58,73.00,60.49,75.40
65.63,65.63,74.55,59.04,75.70
66.38,66.38,72.23,57.74,75.17
66.82,66.82,67.47,60.78,74.73
64.06,64.06,65.00,56.90,72.82
58.18,58.18,64.36,64.01,73.32
59.88,59.88,66.21,66.23,75.78
57.47,57.47,66.31,64.33,74.75
61.10,61.10,66.65,62.36,73.98
64.08,64.08,66.81,60.91,72.89
65.03,65.03,66.72,67.42,73.19
64.59,64.59,65.64,71.58,73.11
64.96,64.96,66.55,72.13,72.51
59.86,59.86,68.16,70.93,72.99
57.30,57.30,67.13,66.33,72.30
57.06,57.06,68.01,60.34,72.67
54.57,54.57,68.22,63.83,71.20
53.49,53.49,70.50,63.03,68.83
52.12,52.12,81.79,64.09,70.31
55.74,55.74,82.68,60.04,72.10
47.47,47.47,74.87,65.02,73.62
47.55,47.55,79.82,75.09,71.74
47.81,47.81,73.56,78.80,73.44
48.10,48.10,72.83,77.63,73.95
48.32,48.32,72.73,74.64,73.23
49.82,49.82,71.43,75.24,73.77
49.11,49.11,71.93,76.10,73.18
47.15,47.15,71.77,74.83,74.09
45.44,45.44,69.90,75.70,73.89
51.72,51.72,70.58,75.78,73.84
50.96,50.96,68.82,72.34,73.99
50.26,50.26,69.89,72.48,73.24
49.58,49.58,69.21,71.28,71.66
48.10,48.10,68.18,74.29,73.60
51.32,51.32,69.07,76.61,74.51
49.59,49.59,67.49,79.83,73.14
52.42,52.42,66.47,79.31,74.85
50.36,50.36,66.92,78.38,74.17
50.32,50.32,67.24,79.88,74.19
46.47,46.47,66.49,78.95,75.10
43.58,43.58,66.46,77.56,74.85
41.46,41.46,64.72,78.03,74.55
40.22,40.22,63.65,78.81,74.98
41.26,41.26,68.63,75.62,73.19
41.47,41.47,79.54,64.90,72.44
41.07,41.07,85.68,59.41,71.15
40.49,40.49,82.35,64.92,72.05
37.55,37.55,78.19,68.43,73.67
37.51,37.51,68.98,66.87,73.57
40.55,40.55,71.44,68.23,75.39
40.62,40.62,74.71,65.79,73.29
39.83,39.83,71.87,65.56,74.00
39.43,39.43,70.91,64.27,74.08
36.78,36.78,70.69,67.17,74.22
34.88,34.88,66.63,65.22,73.95
30.69,30.69,64.72,63.87,74.02
30.85,30.85,63.41,63.89,74.45
31.54,31.54,62.91,75.77,73.97
32.37,32.37,60.49,77.01,73.49
36.73,36.73,60.57,75.38,73.74
37.90,37.90,60.07,74.79,74.51
36.52,36.52,58.66,78.07,73.43
32.64,32.64,58.86,78.84,72.35
27.91,27.91,58.93,77.45,73.20
27.54,27.54,58.41,77.41,73.52
25.42,25.42,58.50,77.44,72.87
22.78,22.78,57.61,76.93,71.95
19.24,19.24,58.09,78.83,70.25
18.34,18.34,66.92,75.76,69.65
19.08,19.08,75.73,67.66,69.94
25.52,25.52,84.32,55.28,71.28
28.30,28.30,80.10,62.65,73.08
26.31,26.31,78.62,63.87,73.96
24.72,24.72,76.46,67.58,72.60
26.35,26.35,77.13,73.22,73.19
28.20,28.20,78.60,76.59,73.32
27.17,27.17,75.01,76.18,73.59
28.09,28.09,70.42,76.42,74.59
28.18,28.18,69.06,75.24,74.67
26.82,26.82,66.79,75.77,74.60
25.52,25.52,69.11,76.93,73.67
25.79,25.79,64.29,70.37,74.59
24.78,24.78,63.02,64.70,74.05
23.50,23.50,62.71,68.51,73.82
21.91,21.91,61.11,77.61,74.52
24.23,24.23,60.70,75.14,73.68
26.29,26.29,60.71,74.82,74.52
25.00,25.00,57.81,75.18,75.57
23.20,23.20,58.36,74.78,74.88
23.65,23.65,57.22,76.39,76.98
24.18,24.18,56.10,76.96,75.88
24.89,24.89,55.96,76.46,75.71
23.47,23.47,60.29,73.20,75.50
19.29,19.29,64.59,68.62,73.42
26.75,26.75,75.51,61.60,73.11
28.91,28.91,85.47,60.67,71.66
17.58,17.58,84.14,67.09,73.03
15.61,15.61,77.55,66.10,75.02
19.17,19.17,74.70,67.57,74.43
18.31,18.31,68.08,67.54,73.10
8.70,8.70,73.63,69.90,74.83
15.02,15.02,75.27,71.95,76.20
15.67,15.67,73.58,70.82,73.80
15.10,15.10,70.27,69.92,74.96
13.50,13.50,67.21,72.68,74.98
15.18,15.18,64.61,72.88,74.78
17.57,17.57,63.04,72.61,74.50
13.47,13.47,63.14,67.58,73.59
15.77,15.77,60.58,64.60,72.67
20.85,20.85,60.58,68.10,76.39
14.50,14.50,59.95,73.62,73.89
14.72,14.72,56.76,70.96,72.32
16.31,16.31,57.49,73.34,74.40
18.40,18.40,56.02,75.27,75.01
20.48,20.48,56.80,74.86,74.03
20.51,20.51,55.13,74.37,76.77
23.00,23.00,56.60,73.11,74.50
20.91,20.91,55.64,74.89,74.21
19.39,19.39,60.65,72.22,73.09
11.36,11.36,64.93,62.42,71.11
9.44,9.44,81.23,63.35,71.75
11.53,11.53,85.18,61.64,70.63
17.98,17.98,82.77,73.48,69.87
16.63,16.63,77.80,75.99,71.59
14.89,14.89,72.37,75.07,73.44
13.96,13.96,73.55,77.92,74.27
16.65,16.65,69.84,78.35,73.39
20.13,20.13,68.11,77.82,73.40
14.76,14.76,70.60,78.40,71.16
15.19,15.19,64.79,76.37,72.05
16.03,16.03,61.85,78.20,72.71
16.90,16.90,62.22,77.62,70.54
18.29,18.29,62.99,75.15,71.80
18.52,18.52,62.71,70.29,73.54
22.30,22.30,62.21,67.64,75.78
19.38,19.38,61.48,79.10,71.95
18.62,18.62,60.70,82.67,72.33
23.32,23.32,59.69,82.08,73.09
23.15,23.15,59.53,81.18,74.19
23.98,23.98,56.91,80.83,73.89
25.29,25.29,57.15,81.52,72.97
28.68,28.68,56.14,81.52,72.75
27.10,27.10,54.22,80.84,72.65
22.06,22.06,53.42,79.82,74.11
18.29,18.29,59.02,80.41,72.38
12.97,12.97,66.84,79.34,73.58
14.43,14.43,82.31,75.45,71.87
9.53,9.53,85.15,69.94,70.94
19.76,19.76,81.89,73.98,70.02
19.87,19.87,80.98,77.35,72.77
18.56,18.56,74.10,76.70,72.45
19.11,19.11,76.72,73.91,73.65
17.38,17.38,71.92,74.56,73.30
19.88,19.88,65.06,71.53,72.74
20.68,20.68,63.48,75.74,73.85
19.99,19.99,66.40,75.74,72.37
22.99,22.99,63.42,70.86,71.80
16.70,16.70,64.33,75.92,74.99
22.15,22.15,61.89,69.92,73.26
23.41,23.41,62.55,74.83,71.45
23.15,23.15,59.22,80.19,72.36
16.07,16.07,59.43,80.70,73.92
15.92,15.92,59.17,81.11,72.37
17.71,17.71,62.61,80.75,73.69
19.76,19.76,59.73,81.09,73.58
20.53,20.53,56.89,81.10,74.71
23.57,23.57,56.79,80.04,73.51
24.03,24.03,55.60,79.99,73.67
21.46,21.46,55.40,80.52,73.79
15.29,15.29,61.26,80.91,73.95
11.56,11.56,64.32,78.64,75.04
13.19,13.19,79.68,74.39,71.38
15.67,15.67,82.61,68.66,71.77
9.12,9.12,82.23,73.22,71.66
20.70,20.70,77.40,75.93,73.19
20.72,20.72,71.02,76.63,73.57
21.24,21.24,74.19,80.32,73.03
19.30,19.30,70.52,79.78,73.28
18.45,18.45,64.60,78.81,74.41
26.66,26.66,64.55,74.82,75.67
24.80,24.80,62.65,78.54,75.04
22.98,22.98,62.01,79.43,72.66
14.21,14.21,61.84,76.51,71.59
16.46,16.46,64.29,74.81,71.50
10.46,10.46,73.33,64.35,73.34
12.30,12.30,73.71,69.80,72.48
12.23,12.23,73.26,73.80,71.57
9.76,9.76,70.59,76.18,71.42
12.83,12.83,66.57,77.09,73.94
12.67,12.67,65.37,76.25,70.54
14.13,14.13,69.68,77.43,73.54
13.78,13.78,70.82,78.45,72.44
8.50,8.50,71.28,78.44,72.85
11.41,11.41,69.27,78.14,73.36
9.67,9.67,67.98,77.19,73.46
6.34,6.34,70.12,77.48,71.99
6.47,6.47,83.76,75.30,71.27
3.72,3.72,85.35,66.64,73.64
6.30,6.30,81.62,70.51,73.59
8.80,8.80,76.56,74.76,73.69
16.30,16.30,75.18,76.59,72.33
19.17,19.17,72.83,79.81,74.03
11.26,11.26,74.03,80.33,76.33
7.50,7.50,71.62,79.17,75.18
13.48,13.48,74.21,80.12,73.56
12.35,12.35,69.08,79.96,73.29
11.28,11.28,68.40,80.07,74.32
19.83,19.83,66.87,78.19,72.27
14.39,14.39,68.32,74.37,73.30
16.45,16.45,70.42,66.63,74.98
24.81,24.81,71.50,71.03,74.27
24.88,24.88,70.18,79.34,74.01
29.39,29.39,69.25,78.23,71.97
37.55,37.55,67.90,78.75,72.00
34.57,34.57,70.46,78.79,71.28
37.87,37.87,73.14,78.46,72.51
46.05,46.05,74.35,78.24,72.83
54.73,54.73,73.75,78.05,73.61
54.83,54.83,69.68,75.47,72.44
61.45,61.45,72.24,76.31,70.53
63.86,63.86,83.58,75.06,67.83
71.41,71.41,80.36,65.91,70.37
73.45,73.45,72.39,67.68,72.26
73.30,73.30,71.43,65.70,72.39
70.94,70.94,71.82,74.95,72.61
72.46,72.46,70.24,79.55,72.39
70.06,70.06,68.42,79.56,72.32
69.59,69.59,68.85,79.88,72.51
73.64,73.64,68.31,80.04,71.30
74.35,74.35,67.89,80.70,71.89
73.77,73.77,68.13,79.46,72.64
74.32,74.32,69.10,79.97,71.62
73.56,73.56,68.45,81.31,72.40
71.78,71.78,67.01,77.61,71.71
71.49,71.49,67.66,75.37,71.32
70.48,70.48,66.20,77.51,72.39
70.76,70.76,67.72,79.40,72.26
71.88,71.88,66.30,80.05,72.61
72.87,72.87,66.50,79.66,72.11
73.62,73.62,65.66,79.80,72.73
72.76,72.76,64.07,81.35,72.36
71.95,71.95,65.29,81.30,71.41
71.35,71.35,65.03,79.97,70.98
71.93,71.93,64.75,81.50,70.49
71.95,71.95,65.08,81.22,70.43
73.07,73.07,67.15,78.24,68.56
72.04,72.04,71.70,75.98,70.17
67.39,67.39,83.66,72.46,67.78
68.84,68.84,83.33,62.08,69.74
70.14,70.14,81.24,57.42,73.50
71.18,71.18,78.14,53.64,71.72
71.08,71.08,74.53,64.14,73.36
71.10,71.10,69.85,66.95,72.20
69.42,69.42,70.32,63.31,72.71
70.18,70.18,68.31,58.93,72.88
72.02,72.02,66.45,64.77,70.27
71.65,71.65,66.67,72.91,71.86
71.72,71.72,65.26,76.67,71.79
70.64,70.64,64.19,74.93,71.43
71.08,71.08,63.12,70.93,71.77
72.23,72.23,64.01,70.58,72.26
68.56,68.56,62.86,72.62,73.61
68.64,68.64,62.62,72.42,74.28
69.28,69.28,62.79,74.90,72.03
68.77,68.77,61.78,75.61,73.63
69.90,69.90,60.88,77.05,73.14
71.42,71.42,62.60,76.56,72.90
69.17,69.17,63.88,78.12,73.68
69.43,69.43,62.92,79.56,74.16
69.22,69.22,64.55,78.89,72.18
71.12,71.12,64.69,77.38,72.29
66.80,66.80,74.69,72.29,70.74
66.50,66.50,84.51,61.37,71.75
69.90,69.90,81.34,61.69,74.80
70.04,70.04,76.22,64.96,72.27
72.09,72.09,75.90,70.60,70.41
71.21,71.21,72.80,72.21,71.95
71.70,71.70,69.98,66.82,71.46
73.48,73.48,65.86,64.63,71.14
72.88,72.88,65.35,64.58,71.82
73.38,73.38,65.19,64.96,71.76
73.97,73.97,64.50,70.79,71.06
74.71,74.71,63.29,74.76,72.58
73.77,73.77,64.33,73.09,72.20
74.06,74.06,61.91,72.74,70.90
75.04,75.04,62.32,72.80,70.73
73.67,73.67,62.66,66.77,73.76
73.66,73.66,61.62,74.08,73.12
73.44,73.44,61.06,75.96,73.40
73.94,73.94,60.24,74.97,73.42
73.11,73.11,60.68,75.57,73.88
72.29,72.29,61.27,75.68,73.10
72.49,72.49,63.88,74.99,72.38
73.21,73.21,63.59,75.02,71.74
74.24,74.24,62.86,76.94,71.61
73.73,73.73,62.00,75.45,71.77
72.65,72.65,66.33,71.93,69.73
72.98,72.98,74.83,71.46,70.98
71.82,71.82,84.58,66.94,70.01
71.24,71.24,83.73,66.82,70.80
70.87,70.87,82.82,73.13,70.50
72.37,72.37,75.35,74.51,72.59
73.10,73.10,69.50,76.09,73.43
73.03,73.03,68.62,77.29,74.04
72.28,72.28,71.70,77.74,73.58
73.63,73.63,71.21,77.72,73.54
73.55,73.55,69.86,79.81,73.02
72.26,72.26,67.11,79.42,74.05
71.40,71.40,65.95,78.01,73.57
71.82,71.82,64.10,75.62,71.61
73.66,73.66,66.99,66.82,72.97
72.39,72.39,66.26,66.96,72.56
72.19,72.19,63.55,65.47,74.90
71.88,71.88,64.91,68.18,74.19
72.26,72.26,64.09,69.46,74.95
72.78,72.78,64.28,71.80,74.69
71.43,71.43,65.15,70.60,72.62
70.32,70.32,66.30,72.35,74.22
69.33,69.33,66.46,75.65,72.75
68.12,68.12,67.87,74.48,73.71
69.85,69.85,66.64,72.61,72.78
71.26,71.26,73.11,73.55,72.76
71.05,71.05,78.22,70.50,71.09
67.48,67.48,83.56,69.44,71.59
65.78,65.78,75.89,71.71,72.19
68.46,68.46,75.67,74.90,73.28
70.06,70.06,68.71,71.42,74.46
70.19,70.19,67.19,67.81,74.78
70.24,70.24,69.57,70.09,74.77
71.83,71.83,69.71,69.62,74.04
70.30,70.30,68.62,75.27,73.97
67.36,67.36,67.98,73.81,74.36
68.30,68.30,68.31,73.83,73.83
69.04,69.04,67.63,73.38,74.77
71.08,71.08,68.42,76.97,73.62
69.64,69.64,67.25,71.85,72.79
69.39,69.39,65.56,72.39,74.44
69.49,69.49,64.91,69.92,75.78
67.84,67.84,64.51,73.12,76.82
69.58,69.58,63.60,71.72,77.39
72.04,72.04,63.30,73.42,77.21
69.90,69.90,64.05,71.05,76.82
67.80,67.80,65.10,73.20,76.44
67.48,67.48,65.01,75.45,74.91
69.30,69.30,65.49,75.38,75.45
70.47,70.47,65.40,75.03,74.24
70.50,70.50,65.00,74.50,74.54
68.36,68.36,71.67,63.15,72.00
65.28,65.28,84.81,64.24,72.67
66.31,66.31,84.67,62.76,70.44
66.43,66.43,79.49,73.62,74.90
66.84,66.84,80.39,74.07,73.85
68.22,68.22,75.67,72.60,75.81
69.00,69.00,66.96,72.69,74.84
69.07,69.07,67.69,74.17,76.09
68.52,68.52,65.67,71.72,75.02
69.17,69.17,65.42,73.38,74.84
69.29,69.29,65.66,77.21,74.49
69.54,69.54,64.92,76.01,74.01
67.77,67.77,64.68,73.60,73.82
66.53,66.53,64.34,69.76,72.59
65.51,65.51,65.01,73.54,73.67
65.52,65.52,66.15,71.91,73.22
66.12,66.12,65.73,74.66,74.74
65.39,65.39,66.62,73.69,74.17
66.75,66.75,66.92,75.20,74.26
67.44,67.44,66.89,74.70,75.12
64.26,64.26,67.06,74.73,75.12
66.33,66.33,65.31,74.17,74.62
67.66,67.66,65.00,74.99,73.30
65.58,65.58,63.95,75.14,73.72
68.67,68.67,65.60,72.41,73.27
69.91,69.91,68.63,68.53,72.19
66.19,66.19,82.77,67.48,71.40
63.62,63.62,83.91,67.69,69.51
67.29,67.29,83.33,65.86,72.12
69.19,69.19,79.36,66.75,73.06
66.73,66.73,80.74,69.26,74.61
68.21,68.21,73.70,69.24,74.23
67.89,67.89,75.54,71.82,75.26
66.48,66.48,73.45,72.62,74.50
66.70,66.70,71.00,75.07,74.09
68.45,68.45,66.72,73.68,75.18
69.09,69.09,68.38,76.27,74.12
66.54,66.54,69.08,74.97,74.05
60.72,60.72,64.25,74.49,73.01
58.13,58.13,64.57,67.29,73.56
57.74,57.74,63.36,74.88,74.68
55.38,55.38,63.45,69.93,76.17
53.99,53.99,62.22,69.25,77.52
52.71,52.71,62.83,73.12,76.67
52.38,52.38,62.29,71.88,75.80
46.74,46.74,65.74,70.73,74.87
47.49,47.49,65.11,73.89,73.40
46.58,46.58,65.92,75.40,74.92
46.88,46.88,65.26,74.41,73.55
43.41,43.41,64.95,76.66,74.81
39.79,39.79,67.94,73.11,70.06
44.69,44.69,70.58,68.84,73.96
47.89,47.89,82.89,73.19,71.84
48.67,48.67,84.27,71.92,73.87
46.71,46.71,79.24,74.98,73.18
43.26,43.26,79.43,73.10,74.74
40.22,40.22,80.37,76.61,74.43
43.76,43.76,73.54,76.32,74.40
44.42,44.42,72.78,78.15,76.97
39.94,39.94,72.45,74.61,75.67
40.37,40.37,68.86,75.62,75.68
37.32,37.32,68.93,73.85,74.76
40.04,40.04,69.41,74.30,74.91
41.32,41.32,67.57,72.80,73.97
46.91,46.91,66.23,71.24,74.46
43.00,43.00,66.51,71.37,72.60
40.22,40.22,66.87,68.48,76.33
39.32,39.32,65.93,73.34,74.83
41.27,41.27,65.83,74.91,75.41
38.43,38.43,65.78,74.19,73.99
38.52,38.52,68.01,75.11,74.34
38.71,38.71,67.36,76.69,73.74
37.41,37.41,67.59,75.25,73.71
38.01,38.01,67.64,71.69,75.29
36.84,36.84,68.65,69.67,72.34
32.89,32.89,68.52,68.92,71.78
33.05,33.05,73.02,61.92,70.95
33.54,33.54,85.85,63.56,69.45
36.86,36.86,79.90,67.92,74.06
34.79,34.79,75.48,74.86,76.31
38.28,38.28,73.38,71.77,75.81
41.21,41.21,74.37,74.58,76.11
41.79,41.79,69.29,74.10,76.01
38.63,38.63,70.15,74.79,74.42
34.23,34.23,70.59,73.10,75.50
29.81,29.81,71.34,72.55,74.52
27.41,27.41,70.06,73.51,73.87
27.99,27.99,70.02,71.85,74.71
27.89,27.89,70.36,62.97,73.73
21.57,21.57,69.25,68.45,73.66
19.93,19.93,68.38,75.26,74.41
20.69,20.69,69.25,74.92,75.01
28.79,28.79,68.88,79.81,76.11
30.70,30.70,67.25,79.52,75.96
30.42,30.42,66.08,80.84,74.99
28.78,28.78,66.04,79.46,75.31
31.21,31.21,65.70,80.56,75.77
27.89,27.89,67.42,80.03,75.65
23.41,23.41,66.31,80.68,72.83
25.13,25.13,66.70,80.33,72.39
28.54,28.54,66.06,78.90,71.96
32.49,32.49,69.35,77.85,74.49
38.28,38.28,79.12,73.78,74.63
46.12,46.12,85.09,69.11,74.49
44.44,44.44,83.54,69.00,73.07
41.85,41.85,82.28,75.13,73.93
41.87,41.87,79.88,74.72,76.31
46.24,46.24,70.21,75.50,76.63
36.23,36.23,66.90,75.37,75.21
35.45,35.45,66.15,74.11,75.27
38.77,38.77,68.96,75.34,75.05
35.85,35.85,70.00,77.33,73.49
39.97,39.97,66.17,77.29,73.87
40.43,40.43,66.04,75.93,74.46
48.79,48.79,66.54,75.42,73.07
53.45,53.45,65.36,75.72,73.62
59.64,59.64,63.58,78.57,75.01
62.59,62.59,62.45,80.17,75.16
63.76,63.76,61.49,79.47,74.26
60.65,60.65,61.17,80.13,75.22
60.24,60.24,62.03,79.76,74.46
59.08,59.08,63.39,80.07,76.51
58.84,58.84,63.17,79.73,74.26
58.14,58.14,64.10,78.78,75.43
54.99,54.99,63.40,78.59,73.43
55.22,55.22,64.27,79.12,73.66
58.82,58.82,64.31,78.74,74.48
61.30,61.30,67.70,74.72,73.32
64.38,64.38,79.40,74.24,73.19
64.94,64.94,83.48,71.63,70.97
66.47,66.47,81.00,74.90,73.33
63.06,63.06,81.82,77.79,72.92
62.55,62.55,76.05,78.28,71.24
66.96,66.96,76.52,78.57,72.78
64.15,64.15,70.81,77.86,73.81
62.47,62.47,66.94,78.70,74.40
63.39,63.39,68.56,79.22,71.71
60.42,60.42,66.77,79.09,72.59
60.26,60.26,66.78,77.64,72.43
62.36,62.36,65.02,76.80,73.05
65.34,65.34,63.57,72.49,73.76
65.39,65.39,65.42,74.18,72.49
65.60,65.60,64.89,78.00,73.32
62.64,62.64,65.10,80.60,75.43
63.42,63.42,64.49,81.41,73.39
62.27,62.27,64.54,80.17,75.57
65.83,65.83,64.23,80.20,74.34
62.06,62.06,65.45,78.99,73.71
65.99,65.99,65.42,79.04,73.58
64.64,64.64,65.57,77.59,73.59
64.06,64.06,65.77,78.86,73.22
65.39,65.39,63.93,79.61,73.19
64.43,64.43,67.05,78.84,73.11
64.02,64.02,74.30,71.66,74.08
59.44,59.44,84.24,68.18,70.94
61.47,61.47,83.71,61.56,73.17
61.15,61.15,80.60,61.93,73.82
63.14,63.14,82.72,68.62,73.11
65.42,65.42,78.53,69.54,71.98
64.73,64.73,72.87,69.65,73.78
63.80,63.80,67.29,72.24,71.82
65.27,65.27,66.25,66.99,73.03
67.35,67.35,66.54,67.75,71.74
67.93,67.93,67.08,62.91,73.27
69.73,69.73,67.01,69.38,72.47
69.52,69.52,66.11,70.79,73.91
68.14,68.14,67.25,72.87,72.91
65.38,65.38,66.48,73.36,73.62
66.22,66.22,64.76,81.21,74.50
61.65,61.65,64.94,81.20,73.79
66.37,66.37,65.44,81.66,73.67
70.18,70.18,66.37,80.37,70.94
68.10,68.10,66.14,80.57,70.84
59.90,59.90,67.71,80.82,72.82
57.84,57.84,66.54,80.98,71.76
58.05,58.05,66.11,80.25,72.49
59.96,59.96,67.63,79.41,72.27
57.32,57.32,68.00,79.43,70.77
47.42,47.42,71.07,77.89,72.62
46.86,46.86,83.06,75.22,71.14
44.41,44.41,81.15,60.61,72.82
42.00,42.00,73.15,70.19,72.80
39.59,39.59,75.61,66.07,73.48
36.84,36.84,69.95,66.96,75.13
35.99,35.99,72.83,70.07,75.18
38.97,38.97,73.75,69.72,75.53
41.64,41.64,70.35,70.59,75.65
42.50,42.50,70.34,68.51,75.97
40.65,40.65,69.23,68.66,74.76
37.87,37.87,68.63,66.79,75.04
36.40,36.40,68.32,68.60,73.90
39.94,39.94,67.94,70.94,74.62
34.79,34.79,68.35,71.11,72.53
32.64,32.64,68.33,74.72,74.18
36.12,36.12,67.50,72.60,73.46
33.73,33.73,67.53,70.70,74.51
32.62,32.62,67.01,70.77,75.22
31.97,31.97,65.52,70.97,75.14
32.67,32.67,65.61,70.42,76.09
29.22,29.22,65.21,71.02,75.01
29.99,29.99,65.69,72.09,75.13
34.05,34.05,65.28,71.99,73.88
39.62,39.62,65.98,73.16,73.66
37.75,37.75,66.97,66.86,74.22
47.76,47.76,72.61,62.37,73.93
45.05,45.05,80.65,62.79,71.77
45.34,45.34,84.24,63.04,73.24
44.76,44.76,84.00,68.19,73.35
40.73,40.73,81.81,70.41,74.28
40.32,40.32,77.86,71.25,75.55
39.90,39.90,73.86,69.41,75.21
41.47,41.47,72.40,69.53,75.39
42.47,42.47,70.23,69.42,74.01
45.99,45.99,66.85,65.29,74.73
55.51,55.51,66.72,65.85,73.97
66.92,66.92,65.84,68.04,72.45
73.02,73.02,65.01,70.04,73.62
70.99,70.99,65.45,71.68,75.21
64.40,64.40,65.70,71.39,77.03
66.89,66.89,67.64,68.95,75.82
68.96,68.96,65.85,72.39,75.57
69.27,69.27,64.63,68.96,76.09
66.66,66.66,64.73,69.18,76.19
64.28,64.28,64.26,69.12,75.76
62.43,62.43,65.46,71.45,77.31
64.35,64.35,65.25,70.29,77.24
65.78,65.78,64.76,64.89,75.86
61.01,61.01,65.29,67.11,75.67
59.74,59.74,67.32,73.63,74.76
58.09,58.09,72.07,66.42,73.45
52.94,52.94,84.64,67.70,73.81
50.26,50.26,85.71,64.61,72.31
52.84,52.84,82.42,65.96,75.05
54.05,54.05,79.41,68.81,76.19
52.72,52.72,77.92,66.67,76.35
54.94,54.94,78.11,66.89,77.22
54.55,54.55,72.77,70.41,76.06
50.15,50.15,72.97,71.49,74.94
45.60,45.60,67.99,69.21,75.35
42.93,42.93,66.24,70.36,74.97
43.50,43.50,64.37,69.00,75.25
42.13,42.13,66.60,70.22,74.38
38.81,38.81,66.76,70.94,75.81
46.03,46.03,65.87,68.99,75.55
55.67,55.67,66.96,71.45,74.99
60.23,60.23,66.69,71.14,74.84
55.63,55.63,66.74,70.04,74.32
50.28,50.28,66.21,69.04,75.96
53.83,53.83,65.60,67.75,77.09
52.73,52.73,65.76,66.45,74.17
52.14,52.14,65.23,67.63,76.19
54.14,54.14,65.15,70.90,75.49
57.93,57.93,64.74,72.30,75.87
58.34,58.34,64.99,66.63,74.40
55.42,55.42,64.82,63.22,73.60
56.34,56.34,71.59,59.31,74.99
52.07,52.07,85.01,60.13,72.21
61.59,61.59,83.69,58.35,73.23
62.54,62.54,82.76,65.55,73.84
63.82,63.82,81.34,70.05,72.79
65.09,65.09,78.39,72.93,73.05
67.01,67.01,70.52,73.43,73.87
65.41,65.41,68.17,70.57,74.29
67.52,67.52,66.07,67.21,75.18
67.55,67.55,68.10,72.74,73.90
66.37,66.37,67.85,70.52,74.12
63.00,63.00,65.29,68.22,73.94
58.96,58.96,65.95,69.60,72.47
60.08,60.08,67.58,68.67,75.04
60.25,60.25,66.30,69.72,75.29
60.91,60.91,66.96,67.85,76.53
64.71,64.71,66.17,69.89,77.73
62.35,62.35,66.01,71.43,77.52
58.62,58.62,66.72,72.32,74.24
56.90,56.90,67.40,70.11,74.35
54.06,54.06,67.77,71.00,73.44
50.96,50.96,66.74,71.34,75.15
52.30,52.30,66.67,76.15,76.34
56.85,56.85,67.01,77.62,75.03
61.15,61.15,70.06,77.67,74.75
57.40,57.40,77.93,66.44,73.88
46.79,46.79,83.89,61.90,73.29
48.23,48.23,77.22,61.76,74.31
53.76,53.76,71.29,61.87,74.11
55.27,55.27,72.34,73.19,75.84
51.48,51.48,70.63,74.85,74.51
54.81,54.81,70.77,76.15,75.91
55.88,55.88,69.46,77.10,75.37
55.79,55.79,70.07,77.07,75.14
53.68,53.68,69.64,75.85,75.43
56.24,56.24,68.09,75.51,76.13
55.23,55.23,68.46,75.83,76.63
52.67,52.67,69.04,74.14,76.37
53.28,53.28,69.06,71.73,78.01
53.19,53.19,68.29,70.88,75.75
56.61,56.61,68.73,75.56,75.62
59.74,59.74,67.85,75.40,77.00
58.15,58.15,66.50,74.90,75.33
58.71,58.71,66.20,75.59,76.71
56.07,56.07,65.26,73.51,77.29
53.91,53.91,65.57,75.25,76.71
51.28,51.28,65.44,74.97,77.66
51.01,51.01,65.01,74.83,77.52
49.78,49.78,64.75,75.50,76.14
48.73,48.73,65.31,74.22,75.83
50.08,50.08,66.95,76.05,75.20
53.66,53.66,79.64,73.86,74.45
49.20,49.20,84.93,67.11,73.80
46.93,46.93,80.30,65.64,75.81
46.89,46.89,79.96,70.28,74.97
45.63,45.63,73.99,73.94,74.94
47.17,47.17,75.33,74.03,74.94
50.87,50.87,72.78,73.22,75.64
53.65,53.65,67.18,73.85,74.75
54.96,54.96,67.47,73.96,75.80
52.92,52.92,66.88,73.37,74.49
51.41,51.41,62.60,76.95,75.46
51.79,51.79,62.11,74.68,75.04
51.23,51.23,62.05,76.47,75.76
49.75,49.75,63.65,75.13,74.85
47.78,47.78,62.21,71.46,76.35
45.47,45.47,60.63,68.04,76.55
45.92,45.92,62.27,73.76,75.74
47.76,47.76,60.22,77.58,75.43
47.84,47.84,59.07,77.63,76.71
48.21,48.21,64.56,76.54,76.50
47.98,47.98,64.65,77.01,76.62
47.76,47.76,64.02,76.49,77.11
47.43,47.43,64.82,77.74,77.36
47.53,47.53,63.81,77.50,75.41
46.84,46.84,64.13,77.23,75.23
47.65,47.65,68.42,74.77,74.46
47.24,47.24,82.16,66.84,74.28
46.60,46.60,84.43,59.54,73.33
49.68,49.68,81.04,69.18,74.95
49.47,49.47,75.03,72.71,74.19
48.84,48.84,69.64,75.72,74.25
48.97,48.97,68.61,74.65,75.23
49.81,49.81,67.49,73.77,75.94
50.41,50.41,65.59,74.99,76.23
50.39,50.39,66.15,76.22,75.98
49.54,49.54,66.48,77.50,76.52
48.68,48.68,66.12,75.08,74.57
47.98,47.98,63.72,76.79,76.25
46.73,46.73,64.85,76.61,76.21
49.11,49.11,63.72,74.98,75.91
50.17,50.17,63.70,68.86,76.09
50.57,50.57,62.95,75.21,75.24
49.51,49.51,63.67,74.91,73.96
49.67,49.67,62.14,75.06,75.01
50.61,50.61,60.59,70.79,75.46
51.38,51.38,63.33,71.24,76.09
49.72,49.72,63.76,68.82,74.82
49.38,49.38,65.21,71.31,75.76
47.24,47.24,64.61,69.51,75.10
44.54,44.54,63.42,65.79,74.98
48.76,48.76,64.35,68.46,74.90
52.73,52.73,69.87,62.17,73.68
52.71,52.71,84.82,64.84,72.36
51.05,51.05,84.28,62.16,72.55
46.03,46.03,79.06,67.78,73.49
49.18,49.18,82.20,73.62,71.60
53.26,53.26,77.00,73.47,73.64
51.33,51.33,73.97,73.03,72.54
46.71,46.71,70.34,75.96,75.05
49.26,49.26,68.42,78.57,74.63
47.64,47.64,68.34,78.60,73.64
43.88,43.88,67.62,77.24,74.20
44.32,44.32,65.99,76.45,73.78
46.34,46.34,63.93,78.08,75.46
47.82,47.82,63.55,78.82,75.73
45.72,45.72,63.17,76.05,75.06
44.83,44.83,62.62,77.59,75.72
47.07,47.07,62.14,80.87,75.23
43.10,43.10,62.25,78.67,75.35
44.24,44.24,62.04,78.64,75.98
42.02,42.02,60.38,80.65,77.10
39.74,39.74,62.37,78.87,76.34
38.62,38.62,63.06,77.96,76.78
39.64,39.64,63.26,77.66,74.85
39.83,39.83,64.88,78.37,75.90
49.51,49.51,63.75,76.61,76.66
47.15,47.15,63.34,75.61,74.58
46.66,46.66,70.10,75.21,74.66
47.76,47.76,79.46,69.02,74.13
46.87,46.87,83.36,70.09,75.54
44.78,44.78,82.72,70.64,73.47
50.45,50.45,75.77,66.52,75.39
50.69,50.69,72.60,70.99,75.02
50.59,50.59,74.27,71.97,74.98
44.88,44.88,70.29,72.01,74.27
48.16,48.16,69.46,74.34,75.84
43.58,43.58,71.35,76.63,75.69
44.71,44.71,69.07,77.59,74.25
46.82,46.82,68.36,76.97,76.15
47.96,47.96,68.65,77.84,72.91
49.07,49.07,65.83,78.08,74.14
47.40,47.40,64.45,78.65,74.33
46.37,46.37,63.17,72.67,76.48
46.48,46.48,64.13,70.17,76.71
46.55,46.55,64.82,76.71,76.28
48.71,48.71,63.69,76.40,75.71
45.42,45.42,63.54,74.80,76.12
45.13,45.13,60.80,73.78,76.55
38.49,38.49,60.01,75.06,75.29
38.08,38.08,63.10,76.06,75.67
35.51,35.51,63.91,75.81,74.77
36.93,36.93,63.77,76.50,75.21
43.89,43.89,62.42,78.38,73.77
40.91,40.91,63.91,77.61,74.34
39.00,39.00,67.10,69.94,75.61
40.54,40.54,71.83,64.54,75.02
44.64,44.64,84.50,66.63,73.58
42.05,42.05,84.60,70.13,72.46
42.09,42.09,79.58,77.13,71.46
42.83,42.83,69.22,76.38,73.37
43.81,43.81,69.18,75.21,73.58
42.26,42.26,68.34,75.39,73.97
42.75,42.75,66.29,75.44,73.89
41.62,41.62,67.61,76.41,73.76
35.03,35.03,67.17,75.38,74.37
34.90,34.90,66.41,76.10,73.39
29.50,29.50,65.97,75.88,74.15
31.51,31.51,65.27,75.09,75.90
40.05,40.05,63.19,70.53,74.91
39.20,39.20,64.07,64.14,73.12
33.07,33.07,64.33,67.01,74.85
27.72,27.72,64.85,75.64,75.13
28.51,28.51,63.00,76.47,73.67
26.84,26.84,63.60,75.23,74.61
24.66,24.66,63.15,76.03,72.56
24.29,24.29,60.98,74.02,73.10
26.76,26.76,63.40,73.14,74.25
30.06,30.06,64.82,73.98,75.77
32.01,32.01,64.66,75.00,74.71
28.63,28.63,63.13,74.70,75.22
30.32,30.32,63.43,74.16,74.86
26.41,26.41,65.84,69.05,74.13
20.67,20.67,68.53,67.38,72.64
25.04,25.04,84.00,68.07,71.01
28.32,28.32,83.29,73.47,73.17
26.94,26.94,82.23,74.85,71.83
21.66,21.66,72.35,76.29,74.41
20.04,20.04,68.69,76.39,73.94
25.76,25.76,72.48,78.83,73.67
24.33,24.33,67.12,77.33,75.23
24.57,24.57,67.07,77.77,76.87
22.79,22.79,67.26,78.92,75.95
22.50,22.50,66.94,78.54,75.79
22.58,22.58,66.19,75.78,74.66
17.77,17.77,66.60,76.87,73.40
19.59,19.59,65.91,77.57,73.44
20.15,20.15,64.10,71.22,74.26
23.78,23.78,65.04,69.58,75.46
25.18,25.18,64.46,68.08,75.71
22.48,22.48,65.32,74.55,74.61
18.44,18.44,65.31,72.16,74.20
23.43,23.43,63.07,72.52,75.90
23.03,23.03,64.13,75.90,75.75
23.25,23.25,65.08,75.18,75.07
22.39,22.39,66.13,72.29,76.34
22.02,22.02,64.15,73.57,75.92
23.67,23.67,66.20,72.94,76.09
18.57,18.57,66.06,75.90,75.16
15.11,15.11,65.21,74.34,74.96
15.32,15.32,66.92,70.86,71.83
15.74,15.74,75.39,68.74,71.78
20.32,20.32,85.15,62.54,72.28
20.11,20.11,84.64,73.62,72.78
12.28,12.28,81.49,78.38,73.97
19.39,19.39,72.33,76.40,74.75
19.89,19.89,72.87,76.67,75.70
19.07,19.07,71.85,78.32,75.06
20.93,20.93,69.54,77.66,73.33
23.07,23.07,70.37,77.10,73.85
23.24,23.24,67.65,77.70,73.21
22.66,22.66,67.00,78.38,74.29
14.14,14.14,66.93,76.46,74.08
16.49,16.49,66.33,73.80,73.71
20.17,20.17,66.13,73.19,72.97
19.13,19.13,63.79,71.49,75.03
20.32,20.32,65.60,76.82,73.95
19.36,19.36,65.25,75.41,73.07
22.60,22.60,65.18,72.75,72.56
16.77,16.77,63.85,75.45,73.28
19.11,19.11,63.44,76.26,73.38
16.60,16.60,63.40,71.63,74.06
16.94,16.94,63.66,74.82,74.25
22.31,22.31,65.63,73.44,74.04
22.35,22.35,66.91,73.90,75.10
19.74,19.74,67.17,72.00,76.09
16.50,16.50,66.53,71.28,76.54
19.99,19.99,66.17,67.41,77.50
24.65,24.65,68.73,66.34,75.39
20.57,20.57,76.18,72.45,72.97
23.89,23.89,83.95,73.14,72.89
16.80,16.80,79.68,70.65,72.49
16.96,16.96,79.28,73.28,72.90
9.09,9.09,72.17,75.49,73.17
9.77,9.77,71.39,78.88,73.50
20.54,20.54,74.00,76.72,75.12
21.25,21.25,68.59,75.58,74.26
23.34,23.34,70.34,78.68,74.20
21.22,21.22,70.36,79.64,75.09
13.80,13.80,67.32,77.88,75.46
15.83,15.83,66.29,78.20,73.50
18.55,18.55,63.48,75.77,74.10
23.83,23.83,64.33,75.75,73.62
9.53,9.53,63.87,77.23,73.83
8.06,8.06,66.13,76.27,72.15
15.42,15.42,63.96,74.57,72.97
17.82,17.82,63.14,76.56,72.46
18.72,18.72,62.08,76.60,75.61
21.91,21.91,61.37,74.72,74.19
23.45,23.45,62.10,74.79,73.10
20.58,20.58,63.52,73.87,72.61
24.55,24.55,65.27,75.79,74.08
18.12,18.12,64.42,75.26,73.18
15.86,15.86,64.06,73.09,73.13
18.40,18.40,64.95,73.62,73.80
11.46,11.46,64.12,67.47,73.60
23.10,23.10,69.02,59.71,73.93
20.61,20.61,76.68,61.06,74.16
18.59,18.59,84.63,66.64,71.09
22.02,22.02,81.81,72.87,74.51
18.76,18.76,77.40,76.05,73.99
18.60,18.60,71.48,75.45,74.65
19.08,19.08,72.55,75.99,75.57
21.97,21.97,73.95,76.05,74.44
23.15,23.15,71.19,76.51,74.55
22.86,22.86,70.11,77.39,74.92
19.02,19.02,68.32,78.97,73.02
20.05,20.05,64.85,77.55,72.33
21.00,21.00,65.01,78.01,72.54
16.12,16.12,65.00,79.12,74.38
17.60,17.60,64.25,78.87,75.57
16.57,16.57,63.77,71.53,75.16
14.40,14.40,66.52,73.04,73.32
18.36,18.36,65.29,76.12,73.14
24.22,24.22,64.43,77.39,74.27
21.73,21.73,63.02,76.44,73.67
28.70,28.70,63.41,76.16,75.82
20.91,20.91,62.77,75.89,75.28
20.94,20.94,63.15,75.81,75.81
19.41,19.41,63.66,75.52,74.47
20.52,20.52,64.46,75.83,74.70
13.79,13.79,65.12,74.16,77.35
16.46,16.46,63.29,75.20,76.58
21.47,21.47,61.71,75.50,76.59
15.39,15.39,61.86,77.75,74.64
13.26,13.26,63.15,74.94,75.12
17.45,17.45,68.96,63.93,75.36
14.69,14.69,76.49,67.57,73.77
14.85,14.85,84.65,64.21,72.48
16.17,16.17,77.31,67.09,72.23
17.07,17.07,71.56,72.27,71.85
18.49,18.49,66.56,74.89,73.54
17.46,17.46,68.37,76.96,75.58
14.07,14.07,66.02,76.45,74.22
18.97,18.97,66.42,77.96,73.53
18.47,18.47,67.01,78.83,73.88
22.59,22.59,65.99,78.35,73.57
18.25,18.25,65.38,77.23,73.85
16.39,16.39,63.79,78.59,74.10
15.17,15.17,64.77,79.08,73.73
14.87,14.87,62.83,80.84,73.01
21.89,21.89,63.32,75.33,74.38
18.82,18.82,64.61,66.94,74.99
15.46,15.46,63.49,68.54,75.91
18.20,18.20,61.71,76.96,74.39
21.70,21.70,62.27,78.57,71.55
21.03,21.03,62.16,78.27,71.26
19.26,19.26,60.90,76.85,71.13
19.24,19.24,60.40,78.04,71.64
15.99,15.99,61.71,78.53,72.24
20.20,20.20,64.66,79.36,73.79
21.24,21.24,65.44,76.88,74.62
19.19,19.19,63.50,77.79,74.12
16.47,16.47,64.36,78.16,74.95
19.06,19.06,64.94,78.75,74.16
18.06,18.06,64.15,77.82,71.94
22.09,22.09,65.58,75.91,71.98
16.02,16.02,82.01,74.17,72.23
21.51,21.51,83.94,69.25,72.04
19.71,19.71,77.04,66.28,75.19
20.19,20.19,72.61,66.22,73.02
20.50,20.50,72.47,66.72,73.93
21.96,21.96,70.88,73.87,73.79
19.56,19.56,66.90,74.75,74.32
20.24,20.24,65.25,74.24,74.51
14.79,14.79,65.45,72.83,73.35
14.41,14.41,65.45,75.09,72.69
20.30,20.30,66.60,76.07,73.24
21.32,21.32,66.88,74.35,72.30
16.64,16.64,65.57,74.84,72.74
18.81,18.81,65.54,73.48,72.71
20.21,20.21,64.63,74.83,72.58
20.11,20.11,64.06,70.46,73.43
20.09,20.09,64.20,77.35,72.76
19.33,19.33,64.40,78.68,74.53
20.89,20.89,63.84,76.84,73.42
20.21,20.21,62.59,79.35,73.19
21.48,21.48,62.23,78.33,71.99
20.91,20.91,61.91,78.17,72.51
19.99,19.99,63.83,78.41,71.63
18.56,18.56,65.43,79.61,72.61
14.31,14.31,66.13,78.24,72.41
13.24,13.24,64.53,78.43,73.43
18.71,18.71,63.29,78.94,73.51
15.44,15.44,64.22,79.16,73.27
16.84,16.84,65.39,78.03,73.91
20.58,20.58,67.16,76.61,72.52
19.11,19.11,73.88,65.01,73.25
15.57,15.57,84.72,65.28,70.68
19.99,19.99,81.86,75.25,71.12
23.97,23.97,77.52,78.92,72.21
19.42,19.42,70.95,77.25,74.11
15.81,15.81,72.62,74.75,73.98
18.70,18.70,67.20,75.73,74.79
20.98,20.98,65.42,76.79,74.01
16.22,16.22,65.16,77.51,74.24
17.67,17.67,65.16,74.71,75.39
18.60,18.60,64.89,75.14,76.18
19.24,19.24,64.37,77.31,76.58
18.90,18.90,64.70,77.68,74.72
20.51,20.51,63.72,76.87,75.25
20.55,20.55,62.39,77.25,72.80
20.17,20.17,64.18,75.25,73.93
17.73,17.73,63.60,70.49,74.87
16.41,16.41,63.03,77.76,73.50
16.95,16.95,62.57,77.97,73.44
20.15,20.15,61.83,74.80,74.05
20.18,20.18,59.41,72.91,72.58
19.85,19.85,60.22,74.72,74.19
16.57,16.57,58.81,76.21,75.36
17.65,17.65,62.52,77.15,75.38
20.11,20.11,63.89,76.42,74.91
21.94,21.94,63.16,75.65,75.75
19.14,19.14,64.80,76.14,76.52
21.38,21.38,63.46,75.81,75.80
15.39,15.39,62.67,73.46,75.32
12.87,12.87,63.11,73.39,74.41
9.94,9.94,68.67,73.32,72.85
13.50,13.50,76.31,67.82,74.04
14.52,14.52,84.43,64.10,72.26
16.97,16.97,79.23,73.58,72.23
22.67,22.67,73.10,77.17,73.99
16.40,16.40,70.62,75.76,72.99
18.73,18.73,76.87,74.86,73.53
18.21,18.21,72.41,72.58,74.15
21.01,21.01,66.82,72.68,74.89
19.11,19.11,64.55,73.21,73.93
17.38,17.38,64.00,74.90,74.96
18.28,18.28,64.82,77.28,74.33
19.60,19.60,66.13,78.27,74.72
19.05,19.05,63.02,77.41,75.32
14.67,14.67,62.54,77.43,74.95
13.51,13.51,62.60,77.98,74.95
17.33,17.33,63.50,75.36,74.62
18.86,18.86,63.79,73.19,73.68
20.69,20.69,63.40,77.46,72.52
17.67,17.67,62.58,76.96,74.73
14.52,14.52,61.74,74.79,74.10
14.77,14.77,61.37,75.65,72.59
13.77,13.77,60.74,76.15,72.81
14.03,14.03,62.70,76.25,72.77
18.44,18.44,63.75,77.75,72.19
18.01,18.01,65.25,77.18,73.18
18.88,18.88,63.66,74.77,73.39
18.15,18.15,62.50,74.44,73.21
20.05,20.05,62.86,73.39,74.49
14.33,14.33,61.95,73.88,75.17
14.97,14.97,62.41,74.94,74.32
12.72,12.72,66.58,70.89,73.61
18.10,18.10,77.36,67.89,73.64
21.34,21.34,84.41,59.91,73.89
18.79,18.79,83.18,70.67,72.86
20.87,20.87,79.02,76.02,72.96
14.82,14.82,72.15,76.47,74.92
16.10,16.10,72.84,75.67,74.54
18.37,18.37,71.75,76.96,74.35
18.96,18.96,66.98,78.62,75.38
17.80,17.80,65.76,77.27,74.24
16.90,16.90,64.32,77.62,74.52
17.91,17.91,64.81,78.59,73.53
16.55,16.55,64.78,79.39,73.98
19.30,19.30,63.76,78.93,74.05
20.01,20.01,63.92,78.11,74.54
18.73,18.73,62.34,77.45,75.40
15.56,15.56,63.53,73.91,75.63
16.37,16.37,63.03,69.34,75.79
14.23,14.23,62.37,71.12,74.18
17.91,17.91,64.91,74.26,73.17
19.19,19.19,62.96,77.40,74.20
16.50,16.50,62.32,74.91,74.25
16.08,16.08,59.66,73.82,74.03
17.99,17.99,59.09,76.83,72.64
19.76,19.76,61.28,77.71,73.59
23.61,23.61,64.95,76.33,74.32
22.75,22.75,64.25,76.15,73.82
20.07,20.07,65.37,72.80,74.20
21.29,21.29,64.29,76.78,74.37
18.34,18.34,63.56,75.94,74.88
17.85,17.85,62.85,74.73,73.83
18.10,18.10,62.33,70.91,74.59
15.08,15.08,67.73,70.92,73.80
11.77,11.77,83.73,69.78,72.83
21.37,21.37,82.46,72.57,74.05
22.73,22.73,80.51,73.91,72.88
25.26,25.26,70.05,72.03,74.77
22.07,22.07,70.92,73.74,75.50
22.71,22.71,70.26,76.28,74.30
23.85,23.85,72.03,77.76,73.86
26.15,26.15,75.35,77.72,73.59
28.83,28.83,71.22,74.08,74.79
29.15,29.15,68.24,76.57,74.89
29.06,29.06,65.18,77.77,74.93
27.37,27.37,65.92,76.09,74.19
24.57,24.57,64.84,76.83,73.24
26.85,26.85,64.79,72.81,74.02
26.71,26.71,64.67,69.21,73.94
20.24,20.24,64.59,73.38,73.06
10.51,10.51,63.22,76.21,74.29
15.58,15.58,63.91,78.04,74.87
20.63,20.63,64.12,77.91,74.60
17.31,17.31,63.98,78.94,75.19
22.40,22.40,61.51,78.37,74.47
21.67,21.67,63.44,76.92,74.42
17.46,17.46,62.48,78.56,74.82
15.59,15.59,64.65,80.42,74.49
16.69,16.69,65.61,78.42,74.70
11.79,11.79,64.85,78.65,74.89
20.96,20.96,64.36,77.76,74.72
16.87,16.87,63.80,79.27,74.01
14.27,14.27,64.35,78.01,74.05
15.72,15.72,62.99,78.90,73.85
18.33,18.33,62.07,73.75,75.48
16.58,16.58,62.04,67.59,75.41
11.92,11.92,74.61,63.19,74.27
18.96,18.96,85.53,67.87,72.36
18.55,18.55,78.32,72.40,74.65
19.75,19.75,80.47,78.18,72.20
23.42,23.42,75.01,78.40,74.49
22.95,22.95,70.45,74.30,74.29
27.63,27.63,72.11,76.74,75.20
31.10,31.10,70.29,76.06,75.66
30.35,30.35,66.65,76.40,76.51
27.93,27.93,65.22,74.91,76.96
25.44,25.44,64.21,72.00,75.84
29.73,29.73,64.16,73.97,75.57
30.86,30.86,64.08,77.91,73.99
25.92,25.92,64.48,76.88,74.65
20.93,20.93,62.81,77.98,75.58
20.36,20.36,63.58,77.38,75.89
22.46,22.46,59.39,77.92,74.38
24.69,24.69,51.35,77.01,74.38
22.71,22.71,43.72,75.69,74.55
20.09,20.09,38.17,76.35,74.45
18.74,18.74,32.45,68.61,71.63
16.18,16.18,25.68,66.44,73.00
15.24,15.24,23.57,64.87,69.41
15.89,15.89,26.32,63.83,64.68
19.73,19.73,26.03,59.46,63.24
25.09,25.09,24.02,59.72,61.19
27.48,27.48,22.22,61.10,58.27
32.21,32.21,23.85,62.12,56.59
35.00,35.00,26.48,62.57,55.66
38.08,38.08,28.87,63.21,54.76
38.72,38.72,26.49,63.40,53.35
38.30,38.30,27.34,62.67,51.44
34.74,34.74,35.63,62.13,50.65
28.41,28.41,44.12,62.86,50.34
19.17,19.17,51.81,57.54,48.13
15.59,15.59,62.82,59.92,53.75
13.56,13.56,79.81,60.03,69.51
12.93,12.93,84.43,59.15,71.69
20.26,20.26,76.63,67.34,75.00
17.61,17.61,80.09,70.68,74.59
18.35,18.35,69.99,69.34,74.92
17.56,17.56,68.15,70.03,75.20
23.05,23.05,68.17,74.40,74.54
23.18,23.18,68.15,74.92,75.65
22.07,22.07,65.33,77.30,76.11
20.26,20.26,64.59,77.47,74.82
23.46,23.46,63.96,77.83,74.41
21.80,21.80,62.38,78.34,73.78
18.46,18.46,62.26,77.50,74.35
15.64,15.64,62.35,78.73,75.94
18.83,18.83,61.88,78.80,75.34
17.46,17.46,54.60,79.23,74.20
14.24,14.24,45.28,79.40,72.01
15.96,15.96,41.25,78.28,69.98
15.09,15.09,35.70,77.66,66.43
17.42,17.42,31.91,74.66,64.53
22.20,22.20,30.20,64.22,63.54
30.01,30.01,27.16,64.24,62.61
32.51,32.51,24.88,66.06,62.24
32.74,32.74,28.50,64.16,60.75
32.79,32.79,24.82,67.11,59.54
33.16,33.16,26.81,66.61,57.65
32.94,32.94,26.24,67.60,57.30
32.77,32.77,28.78,66.25,55.42
33.43,33.43,26.29,65.51,52.94
27.32,27.32,19.02,64.87,51.83
21.91,21.91,23.66,63.28,55.01
14.92,14.92,34.88,59.03,56.29
12.90,12.90,43.07,56.74,60.15
13.17,13.17,55.96,52.22,69.39
8.30,8.30,66.38,53.93,68.78
12.26,12.26,85.17,57.18,69.46
15.24,15.24,83.72,67.93,71.86
19.91,19.91,76.04,75.55,74.34
20.36,20.36,77.09,77.61,74.14
14.25,14.25,69.34,74.76,75.37
19.53,19.53,69.44,70.90,73.30
21.50,21.50,66.87,73.65,74.35
23.35,23.35,66.71,77.62,74.65
30.48,30.48,65.92,78.82,74.80
33.94,33.94,65.85,78.53,74.14
31.31,31.31,64.93,77.85,75.09
21.22,21.22,63.51,79.34,73.58
17.66,17.66,63.76,78.58,73.99
18.57,18.57,55.48,78.07,74.58
21.40,21.40,49.88,78.37,74.72
22.47,22.47,47.29,79.89,73.48
19.62,19.62,40.85,77.96,73.60
20.20,20.20,36.96,76.17,72.39
20.09,20.09,34.12,74.70,69.86
22.62,22.62,29.03,70.99,72.33
18.78,18.78,27.43,67.08,72.49
15.90,15.90,24.81,71.62,73.97
18.65,18.65,28.66,65.61,74.95
22.39,22.39,33.63,66.50,74.29
23.54,23.54,33.77,63.90,74.19
26.07,26.07,34.68,61.36,73.82
25.47,25.47,33.92,58.68,73.56
23.25,23.25,29.71,60.47,73.09
18.76,18.76,25.74,59.73,74.66
21.49,21.49,27.19,65.29,75.43
20.80,20.80,32.31,63.89,76.12
18.47,18.47,48.05,57.69,74.51
12.16,12.16,60.54,53.57,75.96
6.31,6.31,71.11,58.06,73.98
14.12,14.12,86.01,62.65,71.30
16.94,16.94,76.00,60.88,75.07
20.28,20.28,75.03,63.25,74.57
25.58,25.58,74.87,65.44,73.97
28.14,28.14,70.32,72.76,75.27
23.69,23.69,70.67,74.64,76.60
18.37,18.37,69.75,75.87,75.29
16.54,16.54,67.60,75.05,75.18
9.25,9.25,66.43,71.56,76.48
8.61,8.61,66.75,76.12,74.94
8.15,8.15,66.64,76.87,74.84
11.69,11.69,63.89,72.69,75.72
17.72,17.72,62.78,74.96,76.30
17.60,17.60,61.58,74.70,76.08
14.83,14.83,55.93,76.15,75.74
16.04,16.04,49.01,77.04,74.74
16.08,16.08,42.80,77.64,73.65
17.81,17.81,38.13,77.99,72.57
18.59,18.59,35.59,77.06,73.87
18.15,18.15,35.11,70.82,74.28
16.46,16.46,32.59,67.62,74.11
16.95,16.95,34.23,67.58,73.04
14.39,14.39,42.88,66.42,74.66
14.33,14.33,45.29,67.50,74.47
15.24,15.24,42.64,66.76,74.40
17.53,17.53,34.82,65.86,74.67
18.31,18.31,31.65,67.29,73.16
20.26,20.26,24.68,64.55,73.56
20.00,20.00,33.67,68.42,71.98
20.89,20.89,38.51,66.54,73.37
19.39,19.39,41.26,64.92,72.87
15.70,15.70,45.04,68.35,73.24
13.87,13.87,60.00,64.58,72.48
10.84,10.84,67.74,64.65,71.52
8.26,8.26,82.72,61.98,71.74
15.83,15.83,84.55,69.37,70.95
16.69,16.69,74.26,73.96,72.72
12.74,12.74,74.48,76.45,75.49
19.29,19.29,68.92,76.25,74.57
20.05,20.05,73.18,79.45,75.02
21.64,21.64,70.32,80.00,73.71
22.79,22.79,69.76,78.41,75.30
22.63,22.63,68.30,79.07,74.27
26.20,26.20,67.04,79.42,74.58
33.30,33.30,65.09,77.57,76.12
30.87,30.87,63.25,77.73,76.71
26.37,26.37,61.50,77.63,74.94
20.61,20.61,62.41,77.55,75.99
17.62,17.62,57.82,77.33,76.26
19.27,19.27,52.01,78.11,75.68
17.19,17.19,45.81,79.07,74.29
17.76,17.76,41.21,79.35,73.25
15.51,15.51,35.44,77.12,72.75
14.56,14.56,31.50,72.84,66.95
20.32,20.32,33.91,64.96,63.26
27.82,27.82,34.34,60.82,60.48
30.09,30.09,29.54,66.74,61.81
32.88,32.88,38.61,62.59,56.95
33.92,33.92,35.57,66.51,60.34
32.58,32.58,34.15,64.08,53.05
32.42,32.42,35.76,64.49,51.57
31.95,31.95,41.58,65.12,49.38
31.66,31.66,38.51,65.56,46.64
29.94,29.94,29.95,67.11,43.81
29.13,29.13,26.25,64.84,48.86
26.45,26.45,29.63,64.85,44.25
31.79,31.79,46.78,62.32,51.96
17.22,17.22,53.14,57.69,55.50
11.65,11.65,67.66,55.38,67.40
8.69,8.69,84.72,60.52,70.96
16.48,16.48,84.13,66.97,71.76
17.73,17.73,75.32,74.19,73.83
22.99,22.99,73.52,73.12,76.47
19.54,19.54,75.34,69.72,75.89
26.97,26.97,72.92,66.65,74.68
26.82,26.82,68.46,74.33,75.32
25.15,25.15,67.14,74.44,76.22
17.04,17.04,63.72,75.71,75.90
16.19,16.19,64.12,77.65,76.28
18.60,18.60,63.77,76.71,76.88
18.89,18.89,63.42,78.35,76.21
16.07,16.07,62.70,77.69,76.57
11.63,11.63,60.79,74.81,74.53
17.47,17.47,62.26,77.87,74.94
17.95,17.95,53.46,78.14,75.21
17.13,17.13,46.58,76.26,76.40
16.29,16.29,40.11,75.04,76.20
14.05,14.05,37.00,73.24,74.36
14.45,14.45,37.43,72.61,72.73
13.62,13.62,29.10,64.49,70.32
15.05,15.05,22.41,69.19,66.66
17.65,17.65,27.26,65.05,63.00
22.92,22.92,25.31,62.99,59.22
24.84,24.84,25.61,62.28,56.88
27.88,27.88,26.08,62.91,55.37
29.93,29.93,28.59,62.50,54.29
28.51,28.51,30.53,62.86,51.77
29.01,29.01,29.05,61.63,50.87
29.60,29.60,33.46,63.02,50.72
30.84,30.84,30.64,61.72,49.06
32.23,32.23,29.48,61.98,54.15
27.50,27.50,41.27,58.54,56.12
15.53,15.53,51.56,52.42,55.31
17.12,17.12,64.78,52.93,64.91
19.70,19.70,79.02,63.07,70.57
15.74,15.74,84.33,66.06,70.37
11.50,11.50,76.95,71.76,73.02
11.20,11.20,78.74,73.28,70.76
15.59,15.59,75.08,74.23,71.51
12.62,12.62,73.19,77.16,71.56
21.92,21.92,72.60,75.82,73.32
21.63,21.63,68.33,76.83,76.38
19.03,19.03,65.99,75.09,76.14
20.40,20.40,62.92,78.18,75.28
20.45,20.45,62.61,77.59,73.79
17.71,17.71,61.45,75.20,74.84
17.62,17.62,61.54,75.53,74.22
20.64,20.64,62.19,75.06,74.30
21.95,21.95,63.20,73.43,75.30
17.34,17.34,54.57,75.54,75.32
18.53,18.53,48.22,75.71,74.08
19.66,19.66,42.54,78.22,73.25
18.97,18.97,37.01,76.56,72.29
18.93,18.93,33.63,67.71,72.25
20.54,20.54,31.45,66.23,69.74
17.59,17.59,32.57,69.59,68.65
17.00,17.00,27.65,61.58,68.77
21.72,21.72,28.42,60.50,69.03
24.93,24.93,32.54,61.00,71.00
25.96,25.96,32.44,62.50,69.76
27.56,27.56,31.58,58.11,73.55
24.44,24.44,26.07,57.44,75.22
19.94,19.94,21.20,61.20,73.88
18.65,18.65,20.08,59.59,73.63
18.15,18.15,27.05,62.84,72.89
17.86,17.86,42.01,61.44,73.18
16.77,16.77,59.38,59.44,72.92
16.02,16.02,64.55,60.36,72.40
13.08,13.08,80.47,64.31,72.80
19.92,19.92,83.43,68.87,73.65
13.54,13.54,76.75,74.95,72.80
16.21,16.21,76.46,75.34,74.19
22.33,22.33,71.79,77.33,74.46
26.54,26.54,71.24,78.85,74.71
31.45,31.45,68.71,80.45,75.51
30.31,30.31,66.61,78.06,75.36
22.05,22.05,65.97,76.83,74.93
16.25,16.25,64.91,78.24,75.35
14.50,14.50,64.44,78.95,75.16
20.78,20.78,63.55,76.08,74.13
16.22,16.22,63.07,77.54,74.75
14.26,14.26,62.98,76.71,75.65
19.79,19.79,63.90,78.51,74.99
20.92,20.92,60.20,76.94,74.00
18.13,18.13,52.41,77.65,72.95
17.29,17.29,46.74,77.73,72.33
16.38,16.38,41.88,78.75,74.31
16.64,16.64,38.32,70.24,74.52
18.87,18.87,39.11,68.36,75.05
17.41,17.41,36.33,71.17,73.87
18.50,18.50,32.80,71.45,76.73
16.89,16.89,29.91,68.06,75.23
15.94,15.94,28.18,68.46,75.17
15.54,15.54,34.20,66.65,75.24
15.69,15.69,37.95,66.66,74.56
16.85,16.85,40.14,65.82,74.18
16.66,16.66,34.47,64.08,73.47
15.50,15.50,29.44,66.71,71.99
16.36,16.36,32.83,67.17,72.98
17.95,17.95,37.54,62.49,72.63
13.61,13.61,50.67,62.68,72.21
11.23,11.23,58.16,56.15,73.35
8.87,8.87,66.86,60.20,73.57
12.56,12.56,79.57,61.36,72.14
19.39,19.39,84.19,70.16,71.99
14.19,14.19,77.20,73.80,73.36
13.17,13.17,73.29,72.17,72.41
21.42,21.42,70.49,70.12,74.83
27.49,27.49,72.69,77.59,74.39
26.22,26.22,66.67,78.71,74.70
23.13,23.13,66.83,78.58,74.65
28.17,28.17,65.59,78.65,73.66
27.09,27.09,63.63,78.49,74.24
23.17,23.17,65.08,77.11,74.02
18.97,18.97,63.67,75.94,74.27
16.00,16.00,63.06,77.83,74.86
12.69,12.69,62.47,77.49,73.29
16.69,16.69,63.61,76.04,71.20
14.24,14.24,61.80,77.04,69.53
17.66,17.66,55.43,75.93,64.38
20.25,20.25,50.09,74.83,60.67
24.18,24.18,44.15,73.24,58.14
29.02,29.02,40.73,72.26,57.50
36.07,36.07,40.77,69.44,57.27
34.04,34.04,35.15,67.20,54.64
35.72,35.72,34.36,68.62,52.13
35.15,35.15,38.29,65.63,50.44
35.58,35.58,32.76,68.53,48.77
35.13,35.13,35.83,64.10,45.60
34.59,34.59,35.78,61.57,43.63
32.54,32.54,31.19,63.95,42.31
33.57,33.57,30.82,60.95,38.51
31.80,31.80,32.79,61.53,38.17
29.56,29.56,35.35,62.15,40.44
35.20,35.20,42.75,60.95,40.98
37.07,37.07,43.09,47.76,45.28
30.52,30.52,48.64,48.41,48.95
24.27,24.27,63.68,48.02,54.30
19.52,19.52,79.01,60.44,69.23
17.45,17.45,86.27,64.06,70.30
19.53,19.53,78.60,77.21,73.12
22.44,22.44,74.60,79.01,74.54
19.31,19.31,70.43,76.73,73.94
23.68,23.68,70.77,76.08,74.83
25.27,25.27,68.99,77.16,73.85
28.48,28.48,67.93,76.65,74.53
30.59,30.59,66.42,77.93,74.36
26.50,26.50,65.77,78.41,75.69
23.06,23.06,64.80,77.14,75.26
22.33,22.33,64.87,78.25,75.59
19.85,19.85,62.90,77.21,73.99
10.81,10.81,62.27,79.10,74.81
17.23,17.23,61.91,79.02,74.47
22.66,22.66,60.99,76.09,75.76
22.43,22.43,53.04,78.28,75.17
21.44,21.44,46.93,76.77,75.68
18.76,18.76,41.73,77.17,73.50
20.63,20.63,39.85,76.77,72.60
20.39,20.39,34.68,66.73,68.12
23.75,23.75,34.56,73.30,64.99
29.39,29.39,41.71,65.94,62.65
30.00,30.00,36.49,64.82,61.93
32.13,32.13,40.17,62.10,58.29
34.01,34.01,38.29,63.66,59.94
32.33,32.33,32.93,61.44,55.85
30.51,30.51,26.70,59.86,54.19
29.44,29.44,23.83,63.39,49.01
30.46,30.46,32.60,60.73,47.79
38.38,38.38,33.30,62.79,51.72
43.92,43.92,37.84,60.16,54.83
37.89,37.89,37.25,57.01,55.34
22.95,22.95,52.22,52.24,59.03
14.54,14.54,64.89,58.12,66.75
10.39,10.39,77.28,60.13,71.74
15.91,15.91,84.30,63.06,72.22
19.11,19.11,73.97,65.95,75.07
19.32,19.32,72.75,67.85,77.10
24.19,24.19,68.83,68.98,75.52
23.59,23.59,71.37,71.20,75.07
25.94,25.94,66.87,72.59,75.54
26.50,26.50,65.63,76.77,74.58
26.59,26.59,65.96,76.24,74.83
22.44,22.44,63.27,76.79,75.29
16.98,16.98,61.70,76.00,76.01
13.83,13.83,63.14,77.35,76.19
12.67,12.67,62.32,77.15,76.02
14.03,14.03,61.94,77.72,75.84
19.80,19.80,64.15,77.73,76.40
16.77,16.77,57.69,78.63,74.94
15.80,15.80,49.14,78.45,73.73
17.14,17.14,43.73,78.63,72.94
16.93,16.93,39.15,77.47,71.45
14.72,14.72,32.94,78.31,71.77
19.32,19.32,30.56,66.02,71.66
15.84,15.84,32.50,60.61,72.42
20.59,20.59,28.14,66.11,73.86
22.91,22.91,31.45,61.81,74.58
19.31,19.31,27.84,60.78,72.30
24.26,24.26,34.45,62.26,72.39
27.11,27.11,38.78,61.57,73.37
26.51,26.51,37.60,61.11,72.03
22.76,22.76,30.62,62.16,73.95
22.37,22.37,26.60,63.12,73.90
18.77,18.77,21.37,63.12,74.09
16.52,16.52,27.04,57.23,73.34
13.74,13.74,42.18,55.38,73.09
12.47,12.47,59.32,51.54,71.12
10.13,10.13,69.14,55.19,73.03
11.65,11.65,80.59,63.42,71.88
14.87,14.87,85.39,64.61,71.47
12.17,12.17,83.44,74.35,72.68
15.71,15.71,74.38,75.61,72.97
24.90,24.90,75.10,76.74,73.69
26.75,26.75,73.05,77.95,74.80
20.90,20.90,73.94,78.03,75.14
23.54,23.54,70.86,77.96,74.45
18.89,18.89,66.86,76.43,73.49
16.25,16.25,66.21,76.74,75.18
15.09,15.09,65.72,76.13,75.38
13.83,13.83,63.84,74.73,73.70
13.91,13.91,63.03,74.59,73.67
20.18,20.18,64.91,76.12,72.96
21.67,21.67,61.76,76.77,75.35
18.65,18.65,55.26,77.14,75.36
19.93,19.93,50.57,76.06,74.05
19.88,19.88,44.18,74.26,75.56
19.22,19.22,39.91,75.51,75.77
20.32,20.32,41.24,77.66,75.46
18.87,18.87,41.44,76.49,73.99
19.46,19.46,33.60,71.48,74.48
21.25,21.25,32.74,67.56,75.33
20.68,20.68,37.57,66.52,74.17
18.64,18.64,35.41,68.28,74.95
20.16,20.16,33.22,60.30,74.64
20.76,20.76,35.74,64.41,74.41
22.81,22.81,39.64,61.88,75.28
20.97,20.97,42.20,65.30,74.69
18.37,18.37,39.18,66.17,75.42
16.31,16.31,40.01,66.98,74.11
15.65,15.65,53.48,65.57,73.97
9.62,9.62,62.50,56.32,73.93
10.28,10.28,67.52,58.92,73.97
10.86,10.86,85.24,63.78,70.90
15.51,15.51,82.39,62.61,72.43
20.14,20.14,74.98,62.44,72.75
20.46,20.46,71.58,66.52,74.27
31.34,31.34,70.85,70.70,73.74
32.84,32.84,67.81,72.97,75.98
34.01,34.01,70.69,72.95,76.74
32.43,32.43,67.56,76.09,74.57
27.89,27.89,66.35,75.98,75.46
21.44,21.44,66.07,76.60,75.28
16.92,16.92,65.46,77.22,75.75
16.92,16.92,63.15,75.24,76.02
13.63,13.63,62.32,74.06,75.67
15.39,15.39,62.57,74.40,74.62
16.54,16.54,63.14,73.43,74.43
21.72,21.72,61.78,77.00,74.44
17.77,17.77,54.37,76.98,72.76
19.19,19.19,48.55,76.57,71.48
17.38,17.38,43.16,76.79,67.57
18.05,18.05,39.72,73.64,65.02
19.98,19.98,33.82,67.32,62.11
22.29,22.29,32.84,67.53,59.19
24.30,24.30,38.52,70.04,58.79
26.75,26.75,31.40,67.54,55.07
30.40,30.40,34.57,69.42,53.08
32.17,32.17,34.64,69.47,50.98
34.73,34.73,35.80,64.52,47.74
35.85,35.85,34.78,63.15,46.31
37.41,37.41,44.14,64.62,43.45
38.87,38.87,41.14,62.60,42.99
37.30,37.30,31.82,63.85,42.32
36.28,36.28,35.73,63.44,40.78
35.60,35.60,52.14,60.97,50.60
20.69,20.69,45.25,51.21,45.02
10.82,10.82,60.52,58.45,55.12
13.81,13.81,78.69,62.82,68.74
20.86,20.86,85.34,63.10,69.67
25.37,25.37,75.92,71.47,71.61
24.79,24.79,77.04,72.38,73.15
25.74,25.74,70.16,77.06,73.00
20.68,20.68,75.74,78.68,74.44
20.77,20.77,69.97,76.64,74.67
26.53,26.53,69.23,73.50,74.74
29.49,29.49,64.75,72.93,75.99
30.84,30.84,61.29,76.91,76.28
26.73,26.73,62.02,76.09,73.94
18.24,18.24,62.09,74.63,74.30
15.40,15.40,61.36,77.04,74.62
12.73,12.73,60.52,75.82,76.43
12.51,12.51,62.35,73.82,75.94
13.73,13.73,61.39,74.25,74.90
15.57,15.57,55.37,74.62,73.87
19.19,19.19,47.11,76.28,73.69
20.56,20.56,40.43,77.26,71.95
16.83,16.83,35.97,75.59,68.89
19.44,19.44,33.04,75.86,66.68
22.25,22.25,32.24,65.73,65.73
26.27,26.27,29.26,71.87,64.62
30.96,30.96,36.69,63.83,63.86
36.24,36.24,31.03,65.73,63.64
36.36,36.36,29.67,61.03,62.36
37.18,37.18,30.79,57.66,61.12
37.64,37.64,28.86,60.18,59.78
37.51,37.51,34.16,59.79,59.45
36.05,36.05,31.48,60.51,56.85
35.10,35.10,33.09,61.55,58.10
35.07,35.07,33.58,58.97,57.44
32.52,32.52,47.10,56.97,59.35
21.82,21.82,54.05,48.49,56.46
21.02,21.02,64.51,49.49,64.13
13.93,13.93,75.78,56.08,70.50
11.71,11.71,85.67,58.86,72.55
18.19,18.19,82.12,69.68,73.49
19.76,19.76,79.31,72.96,74.35
17.40,17.40,72.81,73.83,77.07
18.23,18.23,74.90,76.67,74.85
14.96,14.96,74.02,78.38,75.25
20.21,20.21,72.43,77.26,74.09
21.64,21.64,72.32,76.30,73.93
20.75,20.75,66.94,75.52,73.38
19.17,19.17,63.41,75.51,73.29
17.14,17.14,63.20,74.71,72.74
16.85,16.85,61.30,74.64,73.13
14.61,14.61,60.81,76.97,72.93
11.83,11.83,61.18,77.72,73.69
6.78,6.78,61.51,75.23,71.87
2.30,2.30,64.93,75.71,71.83
3.96,3.96,74.62,73.85,71.54
4.51,4.51,74.68,76.04,72.01
5.14,5.14,73.99,75.17,72.84
3.93,3.93,73.71,72.99,74.69
8.38,8.38,72.49,64.28,76.46
7.80,7.80,69.13,61.08,76.56
9.35,9.35,67.39,58.77,77.96
10.56,10.56,63.87,59.65,75.55
15.30,15.30,59.66,58.29,74.75
17.52,17.52,57.12,60.10,71.55
18.84,18.84,56.44,60.03,72.76
18.70,18.70,57.37,54.21,73.30
19.73,19.73,58.28,54.98,72.97
21.65,21.65,59.08,60.21,74.45
21.35,21.35,58.60,64.43,72.98
17.29,17.29,60.14,56.42,73.77
11.71,11.71,68.47,52.41,71.88
11.24,11.24,77.82,63.13,72.36
18.19,18.19,84.44,57.95,72.25
20.99,20.99,79.81,75.30,73.09
14.51,14.51,78.33,75.69,74.15
17.98,17.98,74.23,72.02,75.29
14.53,14.53,74.05,74.68,73.31
16.87,16.87,73.40,75.62,74.94
19.27,19.27,71.15,75.46,75.33
17.75,17.75,68.58,77.22,74.26
23.19,23.19,64.52,76.83,75.29
23.91,23.91,63.27,78.19,74.75
19.63,19.63,61.47,77.02,75.04
19.48,19.48,63.99,76.32,74.30
18.90,18.90,59.32,77.97,75.33
15.51,15.51,57.50,79.16,75.01
15.88,15.88,56.74,79.42,75.07
14.44,14.44,60.67,79.73,74.20
15.79,15.79,66.77,78.78,73.98
8.42,8.42,72.33,80.08,73.01
8.65,8.65,72.68,79.98,71.76
11.42,11.42,69.29,75.66,73.47
11.58,11.58,67.98,70.42,73.71
12.48,12.48,68.09,70.70,74.22
8.70,8.70,66.56,68.75,73.61
7.10,7.10,67.00,71.94,71.59
9.23,9.23,72.04,69.41,71.91
10.82,10.82,75.82,64.06,73.17
3.70,3.70,74.96,60.49,71.93
15.34,15.34,73.16,55.03,71.79
7.73,7.73,68.94,54.76,72.21
10.88,10.88,67.82,61.22,71.62
22.38,22.38,66.71,64.63,72.08
28.23,28.23,71.27,63.58,71.64
26.64,26.64,81.62,61.73,71.73
22.81,22.81,83.98,64.96,71.77
18.39,18.39,75.56,71.64,74.14
15.36,15.36,76.23,71.94,73.45
25.27,25.27,74.36,72.46,73.28
27.46,27.46,73.87,76.09,73.22
16.73,16.73,73.77,75.39,75.09
6.12,6.12,71.61,75.05,75.99
2.77,2.77,70.24,76.96,77.79
2.58,2.58,70.11,75.31,76.09
13.42,13.42,70.72,76.79,77.84
8.38,8.38,70.79,77.72,75.41
6.44,6.44,69.65,77.65,75.79
4.24,4.24,70.68,77.89,74.05
2.02,2.02,71.51,76.46,74.62
2.17,2.17,69.26,77.62,75.41
5.34,5.34,68.09,77.10,74.86
15.31,15.31,67.97,75.22,74.99
12.57,12.57,68.44,79.70,76.73
15.46,15.46,67.60,79.37,76.70
16.00,16.00,67.78,75.72,75.82
9.19,9.19,67.44,65.67,75.69
11.90,11.90,66.67,74.03,75.89
14.80,14.80,66.90,66.46,77.03
14.88,14.88,66.11,69.50,76.24
19.21,19.21,65.66,66.31,76.79
18.60,18.60,64.59,60.99,76.32
15.04,15.04,64.27,59.63,75.12
11.91,11.91,63.12,58.11,76.28
13.35,13.35,63.02,58.41,76.31
17.56,17.56,63.22,51.94,76.48
11.36,11.36,61.62,49.52,76.82
10.70,10.70,62.57,50.99,75.88
14.51,14.51,66.21,50.58,73.48
17.76,17.76,77.45,60.64,69.92
14.31,14.31,86.08,62.32,74.06
3.97,3.97,77.24,75.09,73.43
8.83,8.83,74.94,76.71,74.85
10.09,10.09,71.53,71.41,75.46
8.94,8.94,73.69,77.05,74.35
15.10,15.10,70.81,77.65,74.74
12.94,12.94,68.19,75.52,75.65
11.79,11.79,67.54,77.57,75.25
8.21,8.21,64.93,77.40,74.36
7.28,7.28,63.44,77.21,76.26
6.65,6.65,60.65,76.88,76.31
7.64,7.64,59.16,77.07,75.41
9.68,9.68,58.07,79.15,75.52
10.67,10.67,56.01,79.60,76.12
14.22,14.22,55.02,77.55,74.97
10.63,10.63,55.69,77.45,74.59
12.38,12.38,60.01,74.16,73.61
22.45,22.45,68.56,76.77,74.36
16.37,16.37,68.06,76.09,74.02
17.75,17.75,67.03,72.19,74.52
18.18,18.18,66.94,61.54,74.41
20.13,20.13,64.69,69.34,74.61
16.86,16.86,64.65,64.05,76.20
13.70,13.70,64.46,61.73,74.22
12.45,12.45,64.31,57.29,74.63
6.67,6.67,63.02,58.05,75.79
10.81,10.81,61.09,60.46,75.94
10.15,10.15,60.87,60.88,75.89
10.43,10.43,60.90,58.98,76.74
16.93,16.93,59.82,58.44,76.36
9.98,9.98,59.00,57.29,75.86
13.16,13.16,60.18,55.66,75.84
15.70,15.70,62.53,49.55,75.01
17.37,17.37,68.46,52.83,76.02
14.18,14.18,84.90,59.42,72.69
10.69,10.69,84.15,61.74,72.36
12.94,12.94,81.40,70.99,74.87
15.03,15.03,76.70,76.23,75.23
16.80,16.80,76.38,74.68,75.21
14.47,14.47,73.03,74.70,74.25
16.61,16.61,70.30,76.06,76.00
19.41,19.41,72.64,75.26,75.06
20.27,20.27,69.95,74.89,75.91
20.08,20.08,62.70,76.15,75.61
20.08,20.08,55.43,76.41,75.56
23.00,23.00,60.18,74.83,74.47
22.96,22.96,48.15,76.01,74.87
25.87,25.87,44.96,73.30,75.39
22.85,22.85,45.35,73.54,75.30
18.10,18.10,49.80,74.97,75.53
14.17,14.17,56.62,75.92,74.11
19.35,19.35,67.75,77.15,76.28
17.62,17.62,67.62,75.38,75.14
15.14,15.14,66.14,69.48,75.58
22.75,22.75,65.75,69.51,75.55
17.27,17.27,64.17,65.95,75.88
15.91,15.91,63.41,72.75,74.05
15.45,15.45,63.52,70.93,75.10
16.28,16.28,63.54,66.27,75.51
11.34,11.34,61.18,62.89,77.17
14.19,14.19,60.48,60.25,76.48
13.77,13.77,58.99,59.11,75.29
14.56,14.56,59.96,56.87,74.52
13.38,13.38,59.87,60.35,75.25
11.62,11.62,59.09,58.07,72.98
14.91,14.91,59.56,57.71,74.26
16.19,16.19,60.72,55.63,71.81
13.23,13.23,67.32,58.50,74.51
13.17,13.17,80.59,66.09,74.45
12.49,12.49,83.97,65.64,72.25
7.13,7.13,79.59,71.88,71.23
12.18,12.18,77.59,69.30,72.60
11.31,11.31,75.12,72.26,73.13
16.02,16.02,76.49,77.37,73.38
19.67,19.67,74.87,77.38,72.22
17.80,17.80,69.76,78.20,73.07
10.62,10.62,65.07,73.78,76.75
10.54,10.54,61.50,67.32,75.60
14.73,14.73,59.30,73.51,74.06
15.43,15.43,55.65,74.39,74.46
18.09,18.09,52.16,75.30,73.47
19.74,19.74,46.55,77.22,72.90
18.84,18.84,45.76,74.70,71.18
15.12,15.12,49.37,74.30,74.33
11.30,11.30,54.45,77.31,74.19
16.82,16.82,68.42,78.49,70.84
18.19,18.19,67.93,76.42,74.18
18.81,18.81,67.50,75.58,75.63
16.82,16.82,67.38,74.66,73.66
10.95,10.95,65.23,76.19,73.48
13.30,13.30,64.45,76.62,75.96
11.94,11.94,63.43,75.29,74.76
14.04,14.04,62.95,75.10,74.86
12.52,12.52,61.95,73.14,73.80
15.67,15.67,60.98,74.54,74.99
14.13,14.13,60.68,76.41,73.90
17.45,17.45,60.04,75.55,73.96
18.82,18.82,58.04,74.02,72.25
18.93,18.93,56.47,75.10,74.39
20.30,20.30,57.60,75.51,74.12
16.72,16.72,59.14,73.14,72.84
9.07,9.07,67.52,71.06,70.76
13.86,13.86,78.96,69.39,69.95
7.81,7.81,83.50,70.31,70.32
12.82,12.82,73.63,72.30,72.05
15.96,15.96,77.42,74.04,71.90
16.33,16.33,71.51,72.32,71.51
17.67,17.67,76.92,76.96,71.42
18.65,18.65,69.14,77.09,70.93
20.40,20.40,61.70,77.10,71.47
18.62,18.62,63.85,74.16,71.88
22.63,22.63,55.39,78.45,67.82
26.54,26.54,54.54,78.97,65.17
25.40,25.40,52.02,76.35,66.76
24.81,24.81,55.79,78.09,70.02
24.79,24.79,46.29,76.20,70.89
24.51,24.51,42.17,75.96,71.30
21.22,21.22,40.16,75.67,71.84
14.40,14.40,42.25,75.45,71.17
20.51,20.51,62.62,75.64,74.16
22.40,22.40,68.47,73.11,75.19
22.58,22.58,66.94,68.29,75.71
15.04,15.04,65.41,64.35,75.09
16.42,16.42,65.91,71.47,76.44
15.79,15.79,65.16,68.78,76.39
16.60,16.60,62.62,68.06,75.65
17.26,17.26,62.38,65.37,74.81
12.48,12.48,62.42,60.05,75.12
13.83,13.83,60.81,62.27,75.71
16.28,16.28,61.46,60.47,76.56
13.62,13.62,61.82,60.89,75.84
15.86,15.86,60.02,61.70,75.34
13.31,13.31,59.52,55.37,75.61
12.92,12.92,59.62,54.24,75.60
8.01,8.01,59.69,53.16,75.01
7.31,7.31,63.98,50.65,74.03
16.94,16.94,70.57,54.46,70.04
9.48,9.48,85.04,59.77,71.89
5.09,5.09,83.40,71.21,73.98
4.98,4.98,78.51,71.24,75.37
1.96,1.96,75.14,75.99,74.47
12.03,12.03,74.82,77.24,74.56
15.46,15.46,74.26,79.50,74.11
18.14,18.14,69.62,80.06,75.23
17.44,17.44,65.70,78.07,75.30
14.18,14.18,64.59,79.00,75.42
10.30,10.30,60.46,78.98,75.55
12.38,12.38,60.14,79.30,75.24
13.68,13.68,57.11,79.15,75.62
15.65,15.65,52.74,77.50,74.99
18.29,18.29,45.75,78.73,75.76
19.50,19.50,48.45,78.97,76.09
12.99,12.99,48.69,76.79,75.70
10.46,10.46,57.52,77.80,74.40
16.28,16.28,68.41,78.97,74.30
22.47,22.47,67.19,73.59,75.38
19.12,19.12,66.69,68.99,76.45
16.95,16.95,65.60,68.67,75.63
17.30,17.30,65.43,68.70,75.52
13.59,13.59,66.13,65.86,75.51
18.40,18.40,64.91,64.79,74.15
17.88,17.88,64.33,63.56,72.26
13.36,13.36,63.12,63.94,73.19
10.72,10.72,61.61,63.31,74.79
11.33,11.33,61.40,61.72,73.81
14.69,14.69,60.78,61.20,74.96
15.81,15.81,59.08,61.47,74.31
16.08,16.08,58.55,59.04,75.53
15.79,15.79,59.11,58.34,75.44
8.00,8.00,60.20,54.66,74.20
9.91,9.91,74.97,62.97,74.48
7.93,7.93,85.32,62.49,73.17
11.73,11.73,77.30,63.49,76.09
14.47,14.47,74.44,71.59,73.51
18.69,18.69,73.96,70.74,74.20
17.35,17.35,72.74,75.50,74.99
15.63,15.63,66.06,73.67,74.81
16.19,16.19,62.12,76.69,75.29
16.24,16.24,64.84,76.51,75.01
18.82,18.82,65.45,77.15,74.72
17.57,17.57,67.42,78.26,75.34
17.14,17.14,67.09,77.19,73.90
18.35,18.35,61.58,77.95,74.69
18.35,18.35,63.92,78.18,73.76
19.50,19.50,62.75,78.13,74.64
15.77,15.77,60.28,78.32,74.58
13.04,13.04,61.51,78.58,73.98
9.33,9.33,61.07,80.80,73.65
10.89,10.89,63.48,78.71,75.14
18.24,18.24,68.69,71.39,75.97
22.65,22.65,66.39,66.95,75.87
23.18,23.18,66.16,67.96,75.05
20.08,20.08,65.59,66.23,73.20
18.51,18.51,66.30,62.04,73.81
16.51,16.51,64.73,58.77,74.85
19.01,19.01,63.54,59.50,77.50
15.88,15.88,61.77,56.20,76.18
14.02,14.02,61.18,58.95,75.88
12.87,12.87,60.15,55.22,75.19
13.41,13.41,58.29,56.39,75.74
18.11,18.11,58.59,55.67,74.74
21.33,21.33,59.14,56.04,75.38
19.01,19.01,59.11,54.70,74.38
11.31,11.31,63.13,51.56,73.89
13.84,13.84,68.81,60.54,74.13
9.73,9.73,83.75,62.24,71.84
3.90,3.90,83.49,63.58,70.71
9.91,9.91,79.37,72.80,73.27
15.84,15.84,77.17,75.34,73.86
8.89,8.89,74.87,78.21,73.31
9.20,9.20,74.25,78.52,74.72
9.51,9.51,74.47,77.69,76.45
5.82,5.82,71.45,74.75,77.22
14.14,14.14,68.30,67.00,76.03
19.72,19.72,64.11,69.89,75.89
19.86,19.86,63.69,71.26,74.29
13.26,13.26,61.10,75.24,73.14
15.73,15.73,55.25,73.47,73.45
17.85,17.85,52.00,76.14,73.75
17.65,17.65,46.79,74.64,73.97
17.19,17.19,41.21,74.64,74.69
13.60,13.60,49.68,76.14,73.82
14.07,14.07,56.52,78.93,73.34
19.97,19.97,68.15,77.82,74.96
14.27,14.27,67.31,71.58,72.51
18.89,18.89,67.63,73.94,73.10
16.15,16.15,66.26,78.88,73.03
15.50,15.50,66.20,78.05,74.40
11.51,11.51,63.56,77.77,74.91
11.71,11.71,63.71,78.28,74.21
12.11,12.11,64.57,75.43,74.54
16.71,16.71,64.60,77.04,74.28
15.01,15.01,63.25,77.41,75.19
8.66,8.66,62.30,76.44,75.41
11.95,11.95,59.93,77.80,73.58
17.69,17.69,61.00,75.09,75.84
16.18,16.18,61.58,76.19,76.88
17.51,17.51,60.21,78.57,73.65
15.52,15.52,65.34,75.42,71.20
15.50,15.50,75.73,71.66,70.54
10.49,10.49,85.63,65.54,71.71
12.79,12.79,81.89,65.42,71.08
14.86,14.86,78.94,74.27,70.61
22.12,22.12,71.92,70.59,72.09
31.54,31.54,73.54,74.99,71.62
27.99,27.99,64.01,74.77,70.03
29.14,29.14,66.41,74.94,72.56
24.94,24.94,63.16,77.51,71.13
22.63,22.63,51.29,75.90,72.36
21.74,21.74,56.30,74.57,72.99
21.82,21.82,53.28,75.19,71.57
23.45,23.45,53.51,76.50,70.83
22.72,22.72,46.28,76.50,67.64
20.93,20.93,40.85,76.50,66.72
24.18,24.18,35.90,76.25,68.19
30.82,30.82,40.79,75.70,74.57
16.86,16.86,46.92,75.64,74.97
20.71,20.71,64.40,77.99,74.11
24.95,24.95,67.05,75.43,75.88
15.92,15.92,67.54,72.46,74.63
17.89,17.89,65.56,67.37,75.90
11.66,11.66,63.81,67.20,76.67
16.36,16.36,64.52,64.63,75.19
12.91,12.91,62.78,64.98,76.40
15.75,15.75,62.41,59.40,75.64
17.76,17.76,62.41,56.67,75.68
15.44,15.44,61.82,55.89,75.11
12.94,12.94,61.09,58.96,75.11
13.84,13.84,61.98,52.11,76.03
9.10,9.10,59.70,50.36,75.56
9.07,9.07,60.60,45.43,75.12
10.64,10.64,59.97,42.22,74.36
13.72,13.72,65.27,39.47,72.44
8.63,8.63,79.21,53.54,73.56
6.48,6.48,85.09,61.02,71.43
10.67,10.67,80.52,66.24,72.50
14.24,14.24,77.40,70.38,73.05
11.61,11.61,75.24,75.28,74.18
13.35,13.35,71.26,74.24,74.82
10.38,10.38,71.68,72.99,74.34
9.81,9.81,68.73,71.65,75.68
11.52,11.52,66.49,72.40,75.52
8.43,8.43,64.66,73.14,75.87
7.46,7.46,62.19,74.24,74.78
13.31,13.31,60.63,74.33,74.35
17.46,17.46,57.23,75.81,74.05
17.76,17.76,53.12,75.46,74.74
23.16,23.16,48.53,74.61,74.33
24.03,24.03,46.87,74.75,74.91
24.32,24.32,46.92,77.06,74.02
22.44,22.44,45.64,76.41,74.08
19.41,19.41,57.63,75.32,73.57
18.28,18.28,66.19,75.55,75.39
13.25,13.25,66.68,70.23,75.37
14.85,14.85,65.05,72.97,74.33
12.97,12.97,64.44,69.74,73.93
14.95,14.95,64.32,62.40,73.02
14.20,14.20,64.78,60.65,73.93
10.61,10.61,63.91,53.87,74.08
18.37,18.37,63.34,54.62,74.47
15.08,15.08,60.72,47.13,74.11
19.02,19.02,60.98,51.83,74.95
19.17,19.17,60.40,45.31,76.04
13.76,13.76,59.36,46.90,75.30
11.73,11.73,59.68,47.11,73.66
8.61,8.61,60.29,39.25,74.25
7.29,7.29,62.29,44.59,73.56
9.33,9.33,68.18,43.39,74.45
9.41,9.41,80.98,58.57,73.73
9.89,9.89,85.61,60.65,73.28
16.36,16.36,76.81,63.47,73.90
17.51,17.51,69.93,70.69,75.64
17.54,17.54,61.57,69.76,75.48
17.61,17.61,69.55,70.17,73.75
20.32,20.32,72.28,72.45,75.70
24.61,24.61,61.44,75.19,74.27
22.95,22.95,56.31,74.98,75.13
21.45,21.45,53.43,74.52,74.30
18.79,18.79,53.99,76.81,75.26
16.65,16.65,53.73,75.71,74.50
17.76,17.76,53.95,77.49,75.08
17.80,17.80,44.23,76.05,74.43
15.11,15.11,41.19,75.81,75.48
19.27,19.27,43.89,75.27,74.63
16.81,16.81,43.87,75.67,76.05
13.97,13.97,50.03,76.99,74.02
21.12,21.12,67.20,77.00,75.13
22.64,22.64,67.08,71.23,74.66
22.07,22.07,65.56,62.94,75.97
17.37,17.37,66.20,62.81,74.83
21.59,21.59,64.65,66.90,73.88
19.81,19.81,64.39,57.24,76.08
19.98,19.98,61.22,52.43,75.83
25.32,25.32,61.54,61.25,76.54
21.73,21.73,61.05,58.72,76.46
13.50,13.50,60.52,46.74,75.43
12.73,12.73,58.93,57.49,74.91
11.47,11.47,59.71,54.42,73.30
14.99,14.99,56.71,55.53,73.45
18.20,18.20,56.69,49.01,73.99
14.63,14.63,59.61,57.63,75.24
9.40,9.40,67.60,59.23,75.89
4.00,4.00,80.88,60.31,74.14
4.54,4.54,85.86,65.72,70.40
8.13,8.13,76.89,70.61,74.10
17.19,17.19,75.86,72.96,74.04
20.28,20.28,72.40,75.50,73.72
17.94,17.94,70.10,73.09,72.80
11.04,11.04,70.96,70.01,74.69
8.70,8.70,68.04,68.84,74.47
13.56,13.56,68.50,74.02,73.23
9.58,9.58,64.87,75.92,74.94
8.05,8.05,60.59,76.06,74.46
11.74,11.74,58.33,73.80,75.24
16.68,16.68,54.10,75.94,73.07
19.15,19.15,50.48,76.09,74.36
20.17,20.17,45.44,75.06,74.17
20.61,20.61,42.82,74.99,74.71
15.09,15.09,44.88,74.10,74.59
13.49,13.49,57.64,78.08,75.61
22.04,22.04,67.27,78.25,74.76
16.50,16.50,66.47,77.38,74.68
19.81,19.81,65.53,75.44,76.26
14.15,14.15,64.57,76.28,74.88
10.99,10.99,64.22,75.49,75.37
14.13,14.13,63.72,76.31,72.85
14.07,14.07,63.06,77.05,73.39
15.80,15.80,61.00,75.25,73.33
13.52,13.52,62.31,76.51,74.94
12.87,12.87,61.12,75.91,73.60
16.32,16.32,60.52,75.26,75.78
19.13,19.13,58.93,75.04,74.56
17.31,17.31,59.50,75.14,74.99
14.70,14.70,59.45,76.35,74.21
13.33,13.33,60.90,75.24,72.62
16.82,16.82,66.87,74.29,72.74
15.03,15.03,71.51,70.16,72.91
10.97,10.97,84.12,72.39,69.18
13.16,13.16,83.46,74.10,71.76
17.59,17.59,77.83,70.72,71.53
20.70,20.70,79.45,74.02,70.78
21.87,21.87,69.01,74.81,69.06
20.76,20.76,75.76,74.79,69.80
21.47,21.47,76.96,74.11,70.76
20.59,20.59,69.39,72.63,70.34
19.03,19.03,66.65,76.97,72.53
17.39,17.39,60.11,75.32,68.89
18.82,18.82,46.99,74.46,67.83
18.96,18.96,52.15,74.60,68.24
19.72,19.72,52.89,72.29,68.55
26.08,26.08,45.68,74.79,71.00
29.41,29.41,47.45,74.58,72.54
16.83,16.83,46.42,73.30,71.56
17.61,17.61,58.75,75.13,75.06
23.07,23.07,67.13,76.53,75.37
17.15,17.15,65.74,76.40,75.00
18.80,18.80,66.05,74.94,74.79
19.58,19.58,64.71,70.59,75.43
21.33,21.33,64.07,67.90,76.35
14.08,14.08,61.87,66.64,76.39
17.80,17.80,62.43,63.48,73.78
21.19,21.19,61.36,57.54,73.17
23.44,23.44,59.90,65.08,74.19
26.85,26.85,59.88,52.21,73.19
26.82,26.82,60.17,45.23,73.53
24.18,24.18,59.91,56.98,74.62
20.46,20.46,57.41,59.51,73.59
19.48,19.48,56.36,47.34,74.20
18.60,18.60,58.92,45.93,76.04
18.05,18.05,65.90,50.99,72.51
16.27,16.27,79.43,59.09,72.53
9.78,9.78,83.73,65.37,72.47
12.16,12.16,78.56,73.64,74.46
14.40,14.40,75.79,73.00,74.37
9.58,9.58,73.96,69.74,76.38
17.26,17.26,73.54,69.12,76.00
16.76,16.76,72.15,74.58,76.27
11.25,11.25,69.99,72.59,74.64
9.32,9.32,69.17,75.00,74.56
8.87,8.87,64.82,75.46,75.99
5.73,5.73,61.77,76.07,75.30
9.33,9.33,59.56,76.98,75.18
13.00,13.00,58.55,76.74,75.96
14.83,14.83,54.10,75.91,75.91
16.20,16.20,48.30,75.92,75.10
20.88,20.88,44.77,76.21,74.87
26.04,26.04,44.85,77.30,74.08
22.87,22.87,48.50,77.86,74.52
17.55,17.55,65.92,72.64,75.06
15.95,15.95,66.99,69.08,76.36
9.54,9.54,66.94,64.22,74.92
8.81,8.81,65.49,69.57,74.73
18.84,18.84,65.60,73.57,74.80
12.63,12.63,63.33,68.56,75.58
12.82,12.82,60.51,67.22,76.31
15.35,15.35,59.73,70.42,75.71
15.87,15.87,59.84,65.85,74.14
17.67,17.67,59.90,68.20,74.32
19.51,19.51,59.78,67.93,74.63
18.28,18.28,58.49,68.45,76.68
16.16,16.16,57.73,69.12,76.34
13.88,13.88,58.90,67.51,74.74
12.56,12.56,63.79,64.55,72.97
14.84,14.84,69.92,56.36,72.45
9.57,9.57,84.43,64.26,73.32
9.25,9.25,84.34,69.18,73.33
10.11,10.11,79.32,69.48,75.66
10.10,10.10,78.49,73.16,75.61
9.36,9.36,66.67,73.16,75.10
12.73,12.73,73.25,73.59,77.21
16.36,16.36,76.90,73.58,75.88
15.01,15.01,71.39,74.05,76.05
14.83,14.83,71.38,74.96,75.17
17.18,17.18,64.14,74.77,75.33
16.66,16.66,48.50,75.46,74.83
15.65,15.65,54.52,75.37,73.96
15.51,15.51,54.37,76.32,74.35
16.05,16.05,48.99,77.35,72.38
16.86,16.86,46.57,76.18,74.08
24.87,24.87,46.03,76.06,74.55
29.83,29.83,43.83,73.92,72.32
29.24,29.24,65.58,75.03,75.27
21.89,21.89,66.54,72.93,75.86
19.88,19.88,64.84,72.38,74.75
24.58,24.58,64.52,71.53,75.80
27.11,27.11,63.95,66.64,75.17
24.23,24.23,62.63,69.58,74.13
19.03,19.03,62.35,69.16,73.75
17.53,17.53,61.23,61.28,76.10
16.61,16.61,59.73,69.04,76.02
13.72,13.72,58.78,68.10,75.44
14.76,14.76,58.70,64.50,75.55
17.04,17.04,57.41,65.65,76.61
18.71,18.71,57.41,66.59,76.97
18.73,18.73,56.61,65.15,75.07
15.42,15.42,59.76,60.48,75.32
15.51,15.51,64.03,53.17,75.10
14.53,14.53,74.10,58.84,75.23
13.18,13.18,85.66,63.20,72.28
14.92,14.92,82.53,62.82,72.25
14.19,14.19,80.00,66.59,72.84
8.23,8.23,73.90,68.07,73.99
11.38,11.38,75.57,71.51,73.30
12.12,12.12,73.50,70.96,73.22
17.98,17.98,72.99,71.48,73.45
23.16,23.16,75.49,75.46,72.07
22.52,22.52,72.07,72.89,73.74
17.84,17.84,65.56,71.76,73.23
19.48,19.48,62.69,73.69,74.71
22.04,22.04,59.63,72.17,75.77
24.11,24.11,63.34,71.18,75.73
22.59,22.59,61.54,72.55,74.36
18.32,18.32,63.16,73.02,74.88
8.72,8.72,62.79,72.22,73.60
5.33,5.33,66.83,71.17,72.30
10.76,10.76,72.07,70.87,72.68
7.55,7.55,74.87,74.13,73.46
6.65,6.65,71.44,74.20,73.67
7.93,7.93,71.13,74.32,74.55
8.26,8.26,68.87,73.71,74.23
10.35,10.35,64.52,72.91,75.19
9.56,9.56,66.89,73.48,74.06
7.94,7.94,65.96,71.11,75.33
10.29,10.29,71.35,71.94,75.38
8.69,8.69,72.64,72.91,73.18
8.41,8.41,73.39,73.30,73.12
10.03,10.03,73.07,74.10,72.69
10.73,10.73,70.80,72.49,73.51
12.88,12.88,69.22,68.50,75.05
13.01,13.01,67.41,67.91,74.73
9.20,9.20,77.88,67.61,70.38
6.15,6.15,85.76,67.99,69.33
4.74,4.74,81.70,75.79,66.99
9.81,9.81,79.57,77.14,66.50
9.98,9.98,75.46,75.72,66.08
11.90,11.90,74.64,77.01,65.70
10.23,10.23,75.37,79.62,68.05
16.25,16.25,74.16,77.66,69.44
20.39,20.39,72.86,78.66,68.09
22.26,22.26,72.17,77.30,71.68
20.41,20.41,72.48,78.06,69.37
17.34,17.34,71.56,78.43,68.46
14.63,14.63,72.32,78.74,69.80
13.47,13.47,71.85,78.65,69.34
10.43,10.43,72.23,79.54,72.07
5.31,5.31,70.96,78.66,70.01
7.91,7.91,70.93,75.05,71.78
16.56,16.56,70.24,74.28,75.08
15.20,15.20,70.63,79.35,76.00
15.47,15.47,68.85,77.88,75.62
14.27,14.27,69.54,68.61,75.31
15.32,15.32,70.11,67.81,74.09
15.65,15.65,68.72,68.87,74.74
21.27,21.27,68.64,69.14,74.72
22.44,22.44,66.22,65.41,74.51
21.08,21.08,66.42,63.13,74.44
20.18,20.18,65.96,58.22,73.89
24.22,24.22,65.55,59.53,74.94
25.14,25.14,64.41,49.92,74.96
23.54,23.54,65.76,52.89,75.23
17.77,17.77,65.78,54.91,76.18
15.86,15.86,64.28,56.90,77.02
13.93,13.93,64.42,56.95,76.51
11.19,11.19,66.00,53.23,75.49
13.23,13.23,69.97,59.56,70.67
7.39,7.39,85.44,64.96,71.02
13.22,13.22,85.42,68.57,74.83
8.57,8.57,74.68,67.56,76.70
7.64,7.64,72.32,71.01,75.42
10.21,10.21,73.42,74.39,76.37
7.48,7.48,73.38,78.26,73.41
11.01,11.01,71.57,78.05,74.27
9.57,9.57,68.61,76.34,75.91
9.64,9.64,66.80,76.24,75.81
6.23,6.23,66.71,73.87,73.92
9.22,9.22,64.47,71.27,76.47
16.52,16.52,61.37,75.83,75.04
20.28,20.28,61.18,73.05,75.28
15.26,15.26,59.58,74.39,75.11
13.17,13.17,57.04,77.29,75.16
10.79,10.79,56.48,74.74,75.14
9.61,9.61,61.80,76.66,75.05
14.39,14.39,67.84,74.08,75.29
15.64,15.64,68.71,74.28,72.44
19.03,19.03,67.61,74.14,75.08
20.62,20.62,66.44,67.57,74.60
15.23,15.23,65.42,69.70,74.38
13.21,13.21,65.47,64.14,73.31
15.16,15.16,65.47,68.26,74.85
18.94,18.94,64.45,67.54,72.39
14.83,14.83,63.96,63.77,74.11
12.43,12.43,62.98,67.04,76.41
9.06,9.06,60.60,60.69,76.47
15.66,15.66,61.59,56.66,76.22
9.53,9.53,60.72,56.50,75.85
12.82,12.82,60.00,56.03,75.91
11.96,11.96,59.44,54.05,76.26
8.96,8.96,59.51,50.60,74.40
7.09,7.09,63.88,51.51,74.12
9.58,9.58,77.58,58.66,72.70
9.74,9.74,86.11,65.33,72.55
11.67,11.67,81.52,73.46,74.22
12.95,12.95,78.12,76.80,74.77
14.26,14.26,75.52,75.52,75.07
17.70,17.70,72.07,77.93,75.79
18.57,18.57,72.28,76.70,74.11
22.47,22.47,69.79,76.44,75.14
22.97,22.97,71.78,76.50,74.41
22.89,22.89,63.97,75.98,74.28
23.26,23.26,58.39,77.94,74.96
25.89,25.89,62.67,78.90,74.92
25.26,25.26,57.19,76.00,74.48
26.52,26.52,52.19,73.03,73.96
21.99,21.99,51.15,73.66,75.66
22.27,22.27,52.48,73.41,75.00
13.56,13.56,52.12,76.33,73.55
12.42,12.42,63.74,76.38,76.80
18.07,18.07,68.86,75.06,75.82
13.44,13.44,66.85,76.00,75.15
19.48,19.48,66.22,64.80,75.80
17.76,17.76,65.07,68.63,76.03
17.64,17.64,64.04,68.61,74.79
11.11,11.11,63.40,63.22,73.04
12.72,12.72,62.47,60.56,75.50
14.59,14.59,62.21,58.68,76.05
14.46,14.46,61.11,56.58,77.22
11.27,11.27,59.51,56.42,74.71
13.55,13.55,59.31,56.23,75.38
13.91,13.91,60.80,54.65,75.58
11.25,11.25,59.19,57.24,73.79
14.69,14.69,59.33,55.88,74.39
12.25,12.25,60.02,56.13,74.48
4.55,4.55,62.71,63.56,72.96
12.02,12.02,75.61,65.44,75.81
11.34,11.34,84.72,67.25,71.51
5.16,5.16,82.12,66.51,68.82
12.16,12.16,79.12,68.81,72.64
9.22,9.22,74.31,73.34,73.18
14.87,14.87,76.80,75.92,73.89
10.68,10.68,76.49,76.19,72.39
5.44,5.44,74.34,75.70,72.97
3.05,3.05,66.94,75.43,74.31
5.97,5.97,62.63,71.79,74.59
9.56,9.56,60.99,62.34,74.86
14.28,14.28,59.06,72.27,75.90
16.97,16.97,56.10,75.33,74.36
19.97,19.97,53.32,76.45,74.05
17.84,17.84,45.79,76.51,72.16
15.40,15.40,45.98,73.97,73.59
9.04,9.04,52.13,75.12,72.98
14.47,14.47,65.04,75.76,72.44
17.46,17.46,69.49,77.98,71.97
18.21,18.21,69.47,77.82,73.21
8.91,8.91,67.79,74.19,73.85
9.51,9.51,67.24,73.84,73.58
12.34,12.34,66.86,77.87,74.08
14.36,14.36,63.44,76.49,72.64
13.96,13.96,64.03,76.12,69.90
13.18,13.18,62.30,75.51,73.96
12.29,12.29,62.42,72.35,74.88
12.32,12.32,61.42,74.97,76.40
13.07,13.07,59.19,75.92,75.07
13.72,13.72,59.14,76.02,71.78
15.27,15.27,58.10,74.80,74.13
18.16,18.16,56.46,73.91,74.97
18.85,18.85,58.37,74.32,74.56
15.03,15.03,64.59,72.72,72.74
12.80,12.80,72.32,68.31,71.07
8.21,8.21,85.43,67.65,69.84
11.05,11.05,79.60,61.17,72.86
12.40,12.40,74.67,63.91,73.07
15.58,15.58,74.99,69.08,71.52
19.62,19.62,75.40,74.51,71.13
18.15,18.15,74.45,76.00,71.75
17.34,17.34,60.86,75.28,70.54
20.90,20.90,66.06,77.81,70.66
21.88,21.88,63.44,76.33,65.85
22.98,22.98,46.70,78.81,68.00
22.10,22.10,59.50,78.79,67.42
21.04,21.04,52.32,74.97,67.29
19.15,19.15,49.64,77.26,69.46
21.35,21.35,40.34,78.67,69.14
21.01,21.01,51.06,76.30,68.57
16.23,16.23,46.63,76.56,68.94
13.46,13.46,54.45,76.49,73.05
15.12,15.12,68.05,75.06,75.88
17.75,17.75,67.30,76.35,74.87
13.66,13.66,66.93,73.60,76.23
17.43,17.43,66.37,66.73,74.02
17.48,17.48,66.35,71.40,74.55
17.82,17.82,63.85,57.37,76.59
18.64,18.64,64.02,56.37,75.19
16.05,16.05,63.50,59.39,74.77
13.44,13.44,62.05,55.87,75.56
15.22,15.22,61.16,58.96,75.41
15.81,15.81,60.24,59.01,74.82
19.46,19.46,60.56,55.77,76.32
18.55,18.55,60.25,59.27,75.85
15.25,15.25,58.91,56.64,76.34
12.41,12.41,59.62,57.33,76.94
12.57,12.57,63.47,54.17,75.03
14.18,14.18,66.91,48.39,71.90
13.04,13.04,81.24,64.39,71.00
8.81,8.81,84.03,65.28,71.95
8.57,8.57,79.79,66.23,73.33
19.11,19.11,77.50,67.85,76.49
23.37,23.37,76.50,74.89,74.62
17.69,17.69,72.84,76.70,74.77
13.48,13.48,72.00,78.39,75.14
14.77,14.77,68.28,78.78,76.51
10.10,10.10,64.87,77.59,75.02
8.24,8.24,62.96,78.10,74.39
6.40,6.40,61.38,78.77,75.43
10.29,10.29,58.52,77.69,76.36
12.33,12.33,53.34,77.41,74.92
15.98,15.98,49.28,77.74,75.29
20.00,20.00,51.48,80.09,75.61
20.53,20.53,53.73,79.46,74.72
13.10,13.10,50.47,78.86,74.50
14.36,14.36,66.06,80.48,73.12
22.94,22.94,67.34,75.04,74.81
25.27,25.27,66.38,72.45,76.10
18.45,18.45,66.47,68.53,75.98
15.25,15.25,66.37,63.38,75.67
21.49,21.49,66.92,64.36,73.75
16.12,16.12,64.45,70.24,73.87
12.24,12.24,64.20,63.60,71.20
12.20,12.20,63.40,63.84,73.69
9.81,9.81,62.74,62.38,73.56
9.41,9.41,61.09,62.43,74.55
12.48,12.48,61.48,63.31,76.38
12.55,12.55,60.34,62.39,75.79
13.84,13.84,58.40,62.48,75.09
12.59,12.59,59.06,60.57,74.26
12.16,12.16,59.64,58.47,73.67
8.28,8.28,67.26,56.01,74.50
7.77,7.77,83.40,57.09,73.10
11.51,11.51,84.46,64.57,73.47
13.39,13.39,72.89,73.28,73.65
16.27,16.27,73.17,76.85,74.10
14.69,14.69,72.68,77.54,75.37
16.53,16.53,71.57,75.30,74.44
16.15,16.15,55.12,75.17,74.42
17.79,17.79,56.67,76.67,73.54
19.66,19.66,68.17,78.50,74.41
18.90,18.90,66.98,77.64,74.74
17.07,17.07,68.26,79.30,75.05
17.12,17.12,60.51,79.79,73.84
16.13,16.13,63.69,80.58,74.02
18.42,18.42,65.41,79.97,75.22
15.06,15.06,62.52,77.91,74.44
13.05,13.05,62.19,78.74,74.26
10.28,10.28,65.24,81.13,75.32
11.18,11.18,65.10,81.39,74.53
16.16,16.16,68.59,77.93,74.98
19.87,19.87,68.02,75.11,74.52
19.28,19.28,66.51,67.06,74.84
20.31,20.31,66.75,69.48,74.90
18.10,18.10,65.84,68.05,72.97
21.80,21.80,65.33,63.83,73.64
21.48,21.48,63.77,62.75,75.71
17.05,17.05,63.20,62.45,75.81
15.23,15.23,59.99,63.53,76.19
12.61,12.61,59.73,60.79,74.60
12.21,12.21,58.91,61.04,73.76
11.32,11.32,59.70,58.62,75.19
11.67,11.67,60.04,60.64,74.57
8.24,8.24,60.05,62.39,73.48
6.84,6.84,62.24,62.45,72.93
7.89,7.89,66.40,62.52,75.45
14.67,14.67,78.07,61.24,73.94
14.95,14.95,85.13,61.83,70.97
8.34,8.34,81.70,67.55,72.03
13.68,13.68,79.17,67.78,74.87
14.76,14.76,76.66,72.99,74.13
11.45,11.45,73.72,76.64,74.93
12.67,12.67,72.95,77.23,74.61
9.33,9.33,73.66,76.77,74.12
5.29,5.29,70.58,75.52,75.89
5.90,5.90,67.87,72.43,76.16
5.80,5.80,64.80,74.03,74.97
11.18,11.18,64.39,70.22,73.91
14.77,14.77,59.01,75.15,73.54
17.13,17.13,52.33,73.40,74.93
17.26,17.26,49.21,76.16,74.01
18.18,18.18,46.33,75.20,74.79
14.88,14.88,50.97,76.44,73.68
9.70,9.70,54.07,70.42,72.65
17.01,17.01,65.88,72.19,74.16
19.68,19.68,67.62,78.52,75.05
11.60,11.60,68.00,76.72,73.67
15.02,15.02,68.55,74.77,75.02
19.93,19.93,64.88,77.66,74.62
19.59,19.59,65.07,76.75,75.27
15.16,15.16,64.78,76.52,73.96
15.99,15.99,65.05,77.64,71.79
13.05,13.05,63.52,76.41,74.37
16.76,16.76,62.05,76.58,73.71
15.71,15.71,62.46,75.12,76.81
11.56,11.56,62.07,76.20,75.21
12.99,12.99,61.22,76.98,74.40
13.41,13.41,61.73,75.28,76.08
13.90,13.90,61.13,76.54,76.21
19.59,19.59,63.37,78.37,73.39
18.43,18.43,70.45,74.45,70.96
8.66,8.66,84.12,63.62,71.67
10.34,10.34,83.80,69.26,71.89
14.50,14.50,82.51,64.72,73.45
17.49,17.49,74.18,68.46,72.04
19.48,19.48,74.58,76.53,71.17
20.27,20.27,64.96,74.36,70.91
20.52,20.52,63.89,73.62,72.23
20.82,20.82,62.02,75.63,72.95
20.57,20.57,54.29,75.57,70.93
19.57,19.57,58.44,74.96,72.48
19.91,19.91,56.28,73.45,72.07
20.60,20.60,54.38,76.61,69.72
22.47,22.47,48.54,76.03,66.81
20.40,20.40,41.22,76.22,68.14
17.90,17.90,35.14,77.41,69.81
26.59,26.59,38.86,77.26,72.32
22.75,22.75,45.99,75.88,75.55
15.40,15.40,57.58,77.93,75.07
14.93,14.93,66.83,75.82,77.72
21.03,21.03,66.82,74.25,75.54
18.54,18.54,66.28,66.65,74.71
16.44,16.44,65.13,64.54,76.78
9.81,9.81,64.30,63.85,75.09
15.48,15.48,64.59,63.74,74.99
17.81,17.81,63.14,59.54,75.14
21.90,21.90,64.07,59.82,76.19
22.00,22.00,64.34,54.26,75.86
17.88,17.88,62.22,55.89,75.49
19.15,19.15,62.02,50.50,74.68
15.55,15.55,61.57,48.17,76.18
15.58,15.58,60.21,45.59,74.89
18.72,18.72,62.51,44.65,76.23
17.84,17.84,64.49,43.77,73.96
10.53,10.53,72.86,44.85,71.27
4.97,4.97,85.28,59.11,70.41
15.30,15.30,84.70,64.68,70.80
12.50,12.50,75.84,67.14,73.77
17.44,17.44,75.83,72.56,74.04
9.80,9.80,71.88,72.64,75.69
11.75,11.75,71.92,67.64,74.80
10.33,10.33,70.70,72.82,75.08
13.34,13.34,68.27,73.23,76.45
11.83,11.83,65.23,74.26,75.57
6.99,6.99,63.38,76.06,76.37
9.23,9.23,61.17,75.32,75.37
18.35,18.35,60.08,76.85,74.83
22.63,22.63,57.23,75.05,74.54
23.13,23.13,53.01,74.48,75.61
20.06,20.06,47.67,73.31,74.66
15.92,15.92,47.94,73.65,75.39
12.68,12.68,48.19,73.14,76.01
11.09,11.09,52.78,71.10,71.94
20.88,20.88,66.45,72.91,75.37
20.41,20.41,67.53,74.17,75.04
18.01,18.01,67.15,70.10,74.94
17.63,17.63,66.46,71.53,74.65
15.04,15.04,65.48,63.40,74.25
19.32,19.32,64.90,65.70,72.18
19.25,19.25,62.89,58.45,74.21
14.92,14.92,63.09,54.00,74.56
11.87,11.87,60.16,50.34,75.88
13.77,13.77,58.90,56.62,76.03
12.77,12.77,59.21,43.64,77.01
13.74,13.74,59.46,55.15,75.04
13.00,13.00,58.30,46.63,74.49
11.95,11.95,58.36,48.89,73.69
11.58,11.58,59.00,49.11,74.59
11.51,11.51,61.61,47.42,74.92
13.05,13.05,76.78,59.54,73.91
7.07,7.07,84.55,62.50,72.60
11.70,11.70,80.41,71.05,74.56
16.80,16.80,77.50,73.47,74.17
18.43,18.43,70.79,73.58,75.99
18.74,18.74,68.19,73.83,74.98
18.10,18.10,72.18,75.31,75.57
22.66,22.66,64.34,73.03,74.42
22.44,22.44,56.06,74.06,74.94
24.72,24.72,58.84,74.59,75.15
21.78,21.78,52.29,75.83,76.37
18.17,18.17,47.90,76.94,75.30
18.56,18.56,47.79,76.14,72.25
18.00,18.00,50.07,75.55,74.84
15.69,15.69,41.61,75.52,74.76
15.26,15.26,42.76,75.91,75.18
15.62,15.62,43.19,76.19,77.45
10.43,10.43,47.34,78.18,75.82
17.28,17.28,61.71,76.91,75.22
18.43,18.43,67.62,74.96,74.78
15.63,15.63,66.63,71.64,74.28
18.88,18.88,66.10,68.69,75.76
15.87,15.87,65.86,59.87,75.59
16.64,16.64,63.66,56.03,75.64
14.88,14.88,61.65,60.26,75.66
17.66,17.66,62.10,61.46,76.14
19.27,19.27,60.15,57.32,75.43
18.37,18.37,59.71,50.62,74.75
15.06,15.06,59.77,56.99,75.23
14.92,14.92,58.48,49.75,73.63
12.51,12.51,58.16,42.42,74.43
13.29,13.29,55.97,51.13,75.80
12.90,12.90,56.89,42.15,76.25
8.74,8.74,61.07,45.43,77.32
2.92,2.92,76.53,55.59,74.81
10.74,10.74,85.02,57.00,72.48
15.37,15.37,81.94,63.82,75.09
13.80,13.80,75.21,65.38,74.63
17.16,17.16,74.98,63.68,74.30
12.92,12.92,74.29,73.02,74.56
5.13,5.13,74.46,70.90,73.23
3.01,3.01,71.47,72.26,75.90
9.57,9.57,67.80,73.69,74.22
9.92,9.92,66.68,74.36,75.42
6.71,6.71,63.46,73.47,74.86
8.45,8.45,61.11,75.42,75.22
11.90,11.90,58.37,72.79,74.29
15.14,15.14,53.00,75.61,73.97
18.22,18.22,47.38,76.40,72.15
16.77,16.77,45.24,75.92,73.86
12.89,12.89,44.38,75.36,75.02
12.39,12.39,49.26,77.04,74.34
22.44,22.44,66.49,78.96,75.03
17.35,17.35,66.40,78.09,74.53
10.59,10.59,65.91,76.43,73.93
6.80,6.80,65.63,75.31,75.37
9.82,9.82,65.11,74.39,74.52
9.10,9.10,64.30,75.31,73.63
15.10,15.10,62.85,75.91,73.41
10.92,10.92,62.43,75.92,73.72
15.54,15.54,61.00,73.47,74.33
3.50,3.50,60.56,73.94,72.80
9.63,9.63,60.09,74.45,74.40
9.10,9.10,60.44,75.08,74.56
13.51,13.51,60.65,74.20,74.99
8.70,8.70,58.42,75.44,74.69
9.00,9.00,59.74,74.67,73.20
10.00,10.00,61.76,71.97,72.50
11.47,11.47,70.94,71.04,71.58
13.03,13.03,82.99,67.49,72.41
14.34,14.34,85.00,65.55,70.22
17.23,17.23,78.11,63.46,71.77
17.21,17.21,78.29,72.44,69.92
17.53,17.53,78.72,73.09,70.28
18.45,18.45,74.36,75.01,69.07
16.90,16.90,75.31,76.11,71.52
17.29,17.29,71.27,75.09,71.17
16.04,16.04,68.70,75.17,71.02
14.27,14.27,62.16,76.77,69.35
16.07,16.07,56.09,76.87,66.91
17.75,17.75,53.03,75.47,68.05
18.55,18.55,52.51,75.58,65.95
21.45,21.45,50.02,75.02,69.02
29.28,29.28,47.00,74.36,72.30
25.01,25.01,57.16,75.09,73.39
16.79,16.79,58.94,77.18,73.44
17.53,17.53,67.12,74.59,75.56
18.54,18.54,68.13,72.64,75.74
17.39,17.39,66.34,74.12,76.49
15.91,15.91,66.89,70.97,74.97
16.23,16.23,64.06,73.72,75.29
15.31,15.31,62.89,74.32,77.05
14.15,14.15,61.07,67.19,76.74
18.44,18.44,61.78,57.12,72.78
22.63,22.63,60.74,59.04,72.94
20.15,20.15,60.47,57.28,73.29
15.51,15.51,58.67,55.79,74.23
15.42,15.42,58.83,55.33,73.69
13.70,13.70,59.45,57.70,74.19
13.88,13.88,57.62,49.57,74.75
10.47,10.47,58.60,48.76,75.21
7.80,7.80,63.43,54.49,75.78
12.01,12.01,71.72,50.18,73.44
14.36,14.36,84.76,61.69,72.67
2.72,2.72,81.25,62.31,75.52
6.69,6.69,76.16,69.66,75.30
14.50,14.50,75.33,70.86,77.31
14.78,14.78,72.70,74.45,76.61
13.07,13.07,71.82,75.40,76.37
13.22,13.22,72.94,74.26,75.28
8.44,8.44,71.51,71.77,75.24
8.01,8.01,65.70,74.25,75.02
11.46,11.46,63.24,75.33,75.66
12.17,12.17,60.68,76.69,76.43
12.88,12.88,58.26,76.26,75.63
13.90,13.90,57.37,76.00,75.52
14.58,14.58,52.93,75.79,75.19
13.88,13.88,52.07,76.11,75.81
13.45,13.45,48.04,74.54,73.74
10.45,10.45,45.69,75.79,72.34
12.90,12.90,57.05,74.69,75.31
13.68,13.68,67.63,71.24,76.64
20.40,20.40,67.07,71.04,75.72
14.44,14.44,66.72,72.31,76.04
11.63,11.63,65.13,69.39,75.88
16.40,16.40,64.67,67.58,75.76
16.80,16.80,61.91,71.82,76.35
16.35,16.35,62.53,71.37,74.04
15.55,15.55,60.24,65.22,76.46
15.45,15.45,58.30,69.49,75.66
16.87,16.87,59.54,68.93,76.05
18.15,18.15,58.98,68.69,75.82
13.26,13.26,58.41,67.65,76.85
12.75,12.75,58.64,66.18,76.60
7.78,7.78,59.52,63.31,75.08
8.33,8.33,64.93,57.91,69.59
13.78,13.78,79.16,61.48,73.27
10.66,10.66,85.80,68.25,72.85
8.98,8.98,81.54,70.39,72.90
11.91,11.91,79.09,71.71,76.34
12.94,12.94,73.34,73.56,75.82
13.04,13.04,70.94,74.43,76.53
19.52,19.52,73.02,73.33,77.08
17.12,17.12,73.54,73.93,76.29
16.65,16.65,70.02,75.39,75.98
18.25,18.25,67.09,75.51,76.05
16.05,16.05,57.83,75.10,76.19
13.19,13.19,55.11,74.88,74.88
15.56,15.56,54.47,74.54,75.14
15.95,15.95,51.61,76.69,73.16
12.47,12.47,48.08,77.28,74.45
6.47,6.47,44.26,73.52,76.03
2.15,2.15,46.03,73.36,74.31
11.56,11.56,56.87,77.19,74.26
16.97,16.97,67.71,74.99,75.19
20.93,20.93,66.44,74.01,76.22
16.68,16.68,64.77,65.84,74.64
17.48,17.48,63.49,66.08,75.83
18.77,18.77,63.91,68.89,75.16
16.21,16.21,62.78,72.53,74.83
14.23,14.23,61.77,62.96,75.71
13.47,13.47,59.59,67.61,76.22
12.20,12.20,57.52,68.81,75.48
11.94,11.94,57.85,64.15,75.77
13.72,13.72,58.16,64.04,76.12
16.56,16.56,57.59,64.40,76.68
16.12,16.12,56.86,66.86,76.88
13.70,13.70,56.03,63.58,76.55
11.44,11.44,61.39,55.28,75.35
14.31,14.31,69.38,50.34,74.74
7.67,7.67,81.03,60.45,73.33
11.53,11.53,83.79,65.30,73.42
14.37,14.37,81.04,65.52,74.24
9.27,9.27,78.54,67.35,74.94
15.20,15.20,74.07,70.42,73.79
14.82,14.82,73.98,72.50,74.29
9.28,9.28,74.38,71.61,74.44
8.32,8.32,72.78,71.46,73.60
10.90,10.90,74.92,74.51,73.55
11.74,11.74,68.07,72.14,74.79
16.85,16.85,65.98,69.29,73.42
17.12,17.12,60.71,75.46,75.77
16.81,16.81,61.04,71.22,76.15
17.82,17.82,63.41,70.76,75.93
15.06,15.06,62.38,70.36,75.20
14.71,14.71,59.50,72.31,74.76
13.24,13.24,58.48,72.15,72.49
10.90,10.90,70.57,73.20,73.31
9.06,9.06,73.37,71.55,73.31
7.04,7.04,75.11,75.50,75.56
1.82,1.82,72.69,71.61,75.64
3.35,3.35,69.30,73.88,75.58
10.83,10.83,67.22,74.53,77.26
6.50,6.50,65.57,72.07,75.98
7.31,7.31,65.01,72.27,74.14
5.53,5.53,69.68,74.24,75.80
8.76,8.76,73.33,73.38,74.73
10.51,10.51,72.82,73.35,74.20
8.20,8.20,71.37,74.17,74.51
13.59,13.59,68.00,74.31,74.12
14.33,14.33,65.27,75.39,75.04
12.92,12.92,64.54,75.30,74.85
7.88,7.88,73.98,72.39,71.63
13.23,13.23,83.94,71.83,72.38
11.14,11.14,84.05,68.56,71.05
7.10,7.10,78.01,74.45,75.34
7.03,7.03,77.22,76.37,75.23
10.81,10.81,78.03,72.79,74.38
21.13,21.13,74.70,74.77,73.81
30.14,30.14,70.83,76.49,76.82
33.87,33.87,70.97,77.05,75.65
31.76,31.76,70.85,76.65,74.11
30.38,30.38,71.21,77.64,75.84
32.77,32.77,69.75,77.24,75.99
39.72,39.72,69.84,77.93,76.76
42.77,42.77,72.09,79.09,73.12
47.52,47.52,71.66,78.54,73.60
58.30,58.30,71.28,79.49,75.62
66.05,66.05,70.59,80.11,73.59
69.59,69.59,69.24,76.36,73.17
73.57,73.57,69.67,78.06,72.54
76.86,76.86,68.60,77.90,71.33
78.26,78.26,68.86,78.62,70.14
74.99,74.99,68.46,77.37,70.52
76.45,76.45,68.61,72.20,70.84
74.16,74.16,67.44,67.42,72.93
74.07,74.07,66.67,60.56,71.26
73.51,73.51,66.38,59.36,72.43
68.83,68.83,65.67,59.60,71.81
67.28,67.28,65.02,54.30,75.16
64.06,64.06,64.70,60.72,73.56
68.51,68.51,64.96,48.25,72.17
67.97,67.97,62.11,52.96,71.96
69.37,69.37,61.95,51.48,72.16
69.42,69.42,62.62,48.04,71.72
69.05,69.05,61.82,47.25,72.67
73.10,73.10,63.37,46.07,71.91
71.91,71.91,69.02,50.61,73.55
67.98,67.98,76.19,63.94,72.27
66.16,66.16,84.25,62.63,71.29
70.65,70.65,81.62,70.42,72.38
72.76,72.76,79.73,78.04,72.09
74.81,74.81,72.51,76.78,74.54
74.96,74.96,71.53,75.36,74.44
73.47,73.47,74.54,75.26,73.23
75.57,75.57,73.02,73.02,72.84
78.22,78.22,72.42,74.30,75.37
75.87,75.87,67.80,77.48,73.07
76.14,76.14,61.13,75.35,72.32
76.20,76.20,59.37,76.55,73.74
79.20,79.20,61.02,78.17,73.71
73.36,73.36,57.28,75.76,74.72
74.67,74.67,56.86,76.21,74.46
70.40,70.40,55.78,75.63,73.23
71.71,71.71,56.87,77.40,74.29
72.79,72.79,62.71,78.72,72.78
71.74,71.74,68.45,76.06,72.94
71.86,71.86,65.39,76.02,72.48
72.16,72.16,65.46,67.83,72.77
73.04,73.04,65.62,71.20,69.56
72.20,72.20,64.84,70.14,68.73
73.77,73.77,65.04,61.73,68.04
74.30,74.30,65.20,55.70,68.50
66.85,66.85,65.08,51.39,69.53
61.09,61.09,62.58,59.12,71.59
56.00,56.00,62.90,54.96,70.04
54.12,54.12,62.18,54.95,73.76
54.63,54.63,60.16,54.89,73.45
55.86,55.86,59.32,51.88,72.26
63.37,63.37,58.86,51.81,71.83
70.15,70.15,59.02,51.51,71.72
70.57,70.57,63.84,44.42,68.44
74.30,74.30,75.77,57.11,69.71
72.21,72.21,84.47,61.85,71.61
74.29,74.29,81.31,62.52,72.40
72.80,72.80,74.63,68.40,74.05
73.67,73.67,73.51,75.57,72.73
77.35,77.35,72.61,77.07,72.42
81.40,81.40,74.16,73.08,71.22
78.10,78.10,73.16,75.26,71.14
72.50,72.50,72.26,74.66,70.94
72.91,72.91,67.71,76.54,74.00
66.56,66.56,68.19,79.16,72.20
62.84,62.84,67.90,78.57,74.07
60.70,60.70,60.73,78.61,74.13
67.95,67.95,56.05,79.46,73.57
69.24,69.24,59.12,78.37,73.39
70.36,70.36,61.58,79.42,72.53
69.96,69.96,61.40,78.44,72.06
68.38,68.38,59.77,77.95,73.98
69.16,69.16,64.44,80.07,74.63
73.58,73.58,64.62,77.52,74.07
69.17,69.17,64.05,78.66,74.49
68.64,68.64,62.90,73.45,74.31
70.97,70.97,63.31,65.91,73.41
75.02,75.02,61.50,61.00,74.28
73.91,73.91,62.65,60.00,71.61
73.82,73.82,61.54,61.80,72.53
77.22,77.22,57.96,57.37,70.98
79.71,79.71,58.25,54.66,70.16
80.60,80.60,57.65,53.39,70.90
79.11,79.11,56.64,52.98,71.36
77.60,77.60,54.59,52.34,71.42
76.43,76.43,55.38,58.28,72.13
73.51,73.51,60.84,57.21,70.77
74.07,74.07,68.60,53.42,73.17
73.28,73.28,75.11,60.16,71.31
71.53,71.53,84.82,61.03,69.01
74.39,74.39,82.41,67.84,70.48
72.24,72.24,79.42,73.08,70.79
72.03,72.03,77.57,75.04,71.52
77.89,77.89,75.00,77.63,72.62
75.37,75.37,69.40,78.70,72.09
73.71,73.71,71.34,77.97,70.88
73.65,73.65,70.66,72.16,70.52
76.50,76.50,64.60,63.52,72.21
75.58,75.58,60.98,72.05,73.61
74.24,74.24,61.33,73.35,74.04
73.56,73.56,59.94,74.09,74.39
73.70,73.70,59.52,76.30,72.58
74.21,74.21,57.84,76.01,70.06
76.05,76.05,57.00,77.02,70.04
74.79,74.79,55.74,75.61,71.10
75.14,75.14,55.97,76.80,73.85
71.72,71.72,65.33,77.03,73.45
74.16,74.16,66.98,75.42,74.17
74.08,74.08,67.25,73.63,72.89
72.48,72.48,66.33,77.32,72.27
73.76,73.76,65.47,77.59,71.95
73.99,73.99,64.43,77.07,72.88
70.11,70.11,63.30,77.32,72.84
73.53,73.53,63.88,77.12,73.54
69.47,69.47,64.12,76.41,69.67
73.97,73.97,63.90,76.64,69.56
72.08,72.08,61.69,75.45,70.88
70.72,70.72,58.26,76.68,70.26
67.96,67.96,58.40,75.23,72.19
64.02,64.02,58.74,76.45,71.94
63.28,63.28,60.12,76.94,74.03
62.58,62.58,67.83,71.52,72.76
61.78,61.78,75.01,67.01,71.19
62.63,62.63,84.69,55.25,72.62
64.93,64.93,83.27,69.74,71.68
67.38,67.38,79.95,71.39,71.10
66.62,66.62,72.64,73.99,71.44
63.98,63.98,75.93,74.10,71.12
62.80,62.80,71.03,76.86,70.59
64.01,64.01,67.66,77.53,68.22
75.23,75.23,63.21,75.49,68.34
72.48,72.48,63.15,79.10,70.19
70.22,70.22,63.09,78.96,70.07
69.90,69.90,58.32,76.97,71.11
70.20,70.20,47.36,79.19,72.43
69.92,69.92,51.93,80.04,72.89
70.94,70.94,54.86,78.59,70.16
71.75,71.75,52.59,78.43,73.38
72.93,72.93,49.30,78.18,72.38
76.51,76.51,57.63,81.03,72.92
74.20,74.20,65.26,79.24,72.61
76.08,76.08,66.26,77.66,75.42
78.00,78.00,65.84,70.63,74.67
77.43,77.43,65.09,69.11,74.64
73.27,73.27,63.48,62.89,75.25
71.21,71.21,62.27,64.26,74.52
68.13,68.13,59.83,54.10,74.43
69.29,69.29,57.71,57.04,74.24
69.51,69.51,54.06,52.80,75.74
68.42,68.42,52.91,53.47,73.36
69.77,69.77,51.61,51.87,74.64
70.04,70.04,50.01,52.36,72.58
69.53,69.53,47.43,47.59,74.35
69.56,69.56,49.06,48.72,72.39
74.80,74.80,53.78,45.90,71.62
77.04,77.04,58.56,46.51,71.73
75.75,75.75,65.65,52.20,70.34
71.67,71.67,80.32,64.33,69.17
72.67,72.67,84.58,62.34,69.63
73.48,73.48,81.48,65.41,70.02
76.68,76.68,72.65,67.85,71.53
76.23,76.23,73.03,67.41,73.09
75.78,75.78,69.54,71.80,71.68
74.75,74.75,70.65,74.48,71.22
74.81,74.81,71.14,76.91,71.28
74.89,74.89,73.37,76.59,72.92
72.17,72.17,67.28,77.11,73.81
74.47,74.47,61.30,76.09,74.79
72.37,72.37,58.42,78.23,75.33
73.26,73.26,56.01,77.98,73.77
74.44,74.44,58.93,76.54,73.16
73.00,73.00,58.85,78.09,72.54
71.98,71.98,57.11,78.26,72.94
71.67,71.67,56.20,79.12,70.81
71.44,71.44,60.12,79.26,74.18
73.74,73.74,67.58,76.52,72.22
72.22,72.22,67.08,79.51,70.65
71.11,71.11,66.80,77.36,66.18
72.26,72.26,66.94,75.40,67.09
73.23,73.23,66.13,73.13,66.49
70.83,70.83,64.42,66.97,66.26
71.66,71.66,64.76,63.88,70.44
70.12,70.12,65.16,58.72,68.47
70.16,70.16,63.20,60.28,71.59
70.40,70.40,62.25,56.96,69.21
72.72,72.72,60.27,51.38,67.92
73.03,73.03,59.36,48.32,66.45
70.72,70.72,59.78,47.21,64.55
71.91,71.91,60.07,50.22,64.96
71.97,71.97,58.58,52.87,68.58
72.08,72.08,60.80,44.67,69.31
69.41,69.41,71.64,56.95,71.24
67.38,67.38,85.30,67.42,69.73
68.82,68.82,82.91,66.00,72.78
67.12,67.12,79.79,72.80,73.73
66.34,66.34,76.62,74.13,74.12
70.07,70.07,73.19,76.05,73.82
73.18,73.18,74.76,75.06,73.27
72.04,72.04,69.92,76.31,73.96
72.19,72.19,70.67,78.08,72.16
74.05,74.05,66.29,79.35,73.35
71.34,71.34,55.21,79.62,73.39
71.63,71.63,60.17,78.04,72.33
74.78,74.78,50.83,79.01,72.33
76.83,76.83,51.76,79.73,72.74
75.80,75.80,51.97,78.16,72.67
74.09,74.09,46.48,79.88,70.75
77.24,77.24,50.80,79.01,70.04
76.69,76.69,59.44,78.30,71.78
78.55,78.55,68.90,71.70,73.13
76.15,76.15,66.86,76.56,72.27
76.04,76.04,65.70,71.01,74.58
72.60,72.60,65.71,68.45,73.74
66.37,66.37,65.76,61.07,70.28
69.58,69.58,64.62,67.46,70.55
71.86,71.86,62.48,66.16,71.46
75.54,75.54,60.54,61.82,69.00
78.44,78.44,60.11,62.04,69.29
75.20,75.20,59.66,54.34,70.92
73.94,73.94,60.07,54.88,70.35
74.49,74.49,59.18,51.78,70.30
72.74,72.74,58.52,56.77,69.65
77.69,77.69,56.52,53.38,70.50
78.84,78.84,56.90,50.64,67.00
75.90,75.90,62.63,48.35,67.30
76.94,76.94,70.22,59.77,68.34
73.52,73.52,81.62,68.19,68.87
72.63,72.63,84.69,73.10,69.47
75.48,75.48,83.04,72.23,69.04
76.45,76.45,74.45,77.36,69.08
78.01,78.01,74.22,77.66,69.83
77.14,77.14,72.95,75.97,70.28
79.53,79.53,70.50,76.21,69.19
79.66,79.66,71.75,70.32,70.70
78.61,78.61,69.25,69.26,70.25
75.17,75.17,64.03,65.70,72.73
78.21,78.21,60.36,70.57,71.64
74.13,74.13,59.84,75.02,70.74
71.92,71.92,54.06,77.85,72.02
76.44,76.44,51.04,75.26,70.82
75.90,75.90,50.63,75.03,69.98
77.53,77.53,51.66,73.90,72.92
77.84,77.84,55.37,74.92,73.12
74.99,74.99,66.24,79.99,72.69
78.12,78.12,65.73,78.77,72.93
73.38,73.38,66.48,77.51,72.09
76.28,76.28,66.30,75.14,72.02
76.78,76.78,65.87,72.52,72.47
74.50,74.50,66.52,73.72,74.05
76.51,76.51,64.79,78.44,73.89
76.41,76.41,64.20,78.21,72.46
76.50,76.50,62.90,77.98,73.17
71.70,71.70,62.64,76.13,72.99
73.86,73.86,62.08,74.88,72.74
75.52,75.52,60.22,76.81,72.80
75.33,75.33,58.31,75.11,70.57
76.54,76.54,59.02,76.03,72.47
67.58,67.58,58.84,78.26,72.41
66.54,66.54,62.30,74.79,71.73
66.09,66.09,68.54,75.21,71.81
65.37,65.37,76.32,72.94,72.76
64.25,64.25,84.43,67.86,70.04
66.89,66.89,82.06,65.35,70.82
68.31,68.31,76.03,72.68,70.61
68.26,68.26,75.43,71.75,70.22
66.74,66.74,65.49,72.86,72.28
67.48,67.48,68.69,74.21,74.77
68.12,68.12,71.35,75.37,74.57
68.58,68.58,70.88,76.02,71.92
70.33,70.33,66.77,77.53,70.29
68.67,68.67,51.29,77.07,69.21
72.35,72.35,57.57,76.75,70.91
73.51,73.51,54.49,76.46,72.08
75.33,75.33,52.00,77.99,71.41
74.78,74.78,48.70,76.98,70.95
76.05,76.05,49.19,76.91,69.00
75.30,75.30,50.63,76.71,69.45
77.03,77.03,56.86,76.73,67.33
76.01,76.01,65.04,75.19,71.29
76.62,76.62,65.57,69.54,72.92
74.85,74.85,64.24,68.51,71.88
75.37,75.37,62.95,66.16,72.89
73.18,73.18,62.56,60.32,72.57
68.43,68.43,60.17,64.15,73.22
69.89,69.89,57.33,60.54,71.74
71.05,71.05,55.18,61.02,72.14
69.44,69.44,53.21,59.55,73.89
70.79,70.79,49.79,48.56,73.26
71.27,71.27,48.19,56.72,72.46
71.61,71.61,44.83,52.06,72.60
71.91,71.91,45.32,47.95,72.73
72.03,72.03,47.23,45.90,71.56
71.87,71.87,54.54,52.36,72.49
67.60,67.60,62.18,39.77,70.70
70.63,70.63,71.43,49.80,68.51
68.42,68.42,79.78,60.66,69.66
68.09,68.09,83.82,68.13,69.74
66.56,66.56,82.88,68.11,71.13
72.12,72.12,76.10,67.56,71.03
74.12,74.12,77.57,70.39,70.46
74.31,74.31,72.02,71.01,72.72
73.01,73.01,74.42,73.07,72.40
72.96,72.96,75.10,76.20,71.24
71.77,71.77,68.99,75.50,70.76
72.75,72.75,63.61,75.02,72.54
74.75,74.75,61.17,73.12,72.39
73.00,73.00,56.16,73.96,73.21
74.55,74.55,53.01,75.85,71.64
75.54,75.54,51.18,74.90,72.66
73.64,73.64,47.26,74.72,72.76
73.95,73.95,46.01,75.82,73.03
75.71,75.71,51.54,76.04,72.40
76.71,76.71,55.50,73.98,71.60
72.73,72.73,66.70,78.25,68.33
74.31,74.31,66.02,72.45,69.52
72.67,72.67,66.92,71.41,68.11
74.40,74.40,65.67,69.42,68.23
74.06,74.06,64.45,62.30,68.67
74.36,74.36,64.68,64.41,68.72
72.71,72.71,64.90,62.20,68.48
72.66,72.66,63.37,62.24,67.91
75.51,75.51,63.13,52.40,70.86
74.46,74.46,63.37,48.00,70.81
74.31,74.31,60.67,50.35,69.88
73.72,73.72,61.89,42.88,66.22
73.93,73.93,61.96,46.48,64.00
71.86,71.86,60.41,40.96,65.04
71.07,71.07,62.10,44.25,65.02
69.15,69.15,63.91,45.45,68.73
69.32,69.32,69.74,52.67,70.97
65.55,65.55,85.35,63.39,69.49
66.64,66.64,84.89,59.24,69.47
69.46,69.46,80.61,68.83,73.93
67.02,67.02,70.21,67.68,73.79
68.03,68.03,70.11,69.53,72.77
68.16,68.16,74.21,72.87,73.41
64.84,64.84,74.60,74.70,72.66
67.06,67.06,66.35,74.57,72.78
64.78,64.78,53.23,74.09,74.86
62.17,62.17,51.72,74.36,73.66
60.42,60.42,57.35,74.82,74.08
58.67,58.67,51.61,73.87,73.21
58.73,58.73,45.36,73.50,73.19
55.82,55.82,42.80,74.15,74.01
53.01,53.01,47.50,74.61,71.59
51.60,51.60,46.53,76.40,70.57
50.06,50.06,53.07,76.21,72.38
50.27,50.27,68.07,78.12,74.35
50.57,50.57,67.91,76.59,74.31
51.22,51.22,66.12,73.51,72.89
51.75,51.75,67.17,71.89,74.61
49.48,49.48,65.23,66.56,73.76
49.64,49.64,64.21,59.50,73.18
52.14,52.14,63.80,62.43,74.32
52.31,52.31,62.49,60.49,72.30
52.99,52.99,59.61,61.28,73.73
53.05,53.05,59.60,58.23,75.43
49.00,49.00,58.99,53.44,75.21
48.69,48.69,59.44,63.97,74.42
50.77,50.77,57.87,60.94,73.97
50.43,50.43,57.12,57.92,73.61
47.45,47.45,61.59,54.97,73.56
45.98,45.98,70.08,46.66,74.25
48.70,48.70,73.22,50.07,74.12
47.06,47.06,83.98,60.74,71.61
45.47,45.47,84.33,60.27,70.21
46.74,46.74,77.61,67.55,71.49
48.66,48.66,78.03,75.25,71.63
47.56,47.56,72.99,76.30,72.63
48.37,48.37,71.93,75.50,73.11
47.85,47.85,72.38,74.36,72.95
47.50,47.50,69.92,72.58,71.81
48.83,48.83,66.00,70.20,72.97
47.16,47.16,61.18,74.62,73.37
48.77,48.77,56.57,71.23,74.03
51.49,51.49,53.87,76.45,75.23
47.79,47.79,49.81,75.25,74.54
47.97,47.97,44.93,77.48,70.94
48.24,48.24,46.61,76.91,71.40
51.24,51.24,48.09,79.03,73.80
53.66,53.66,55.36,77.34,75.14
53.26,53.26,68.68,78.73,74.79
49.61,49.61,67.21,79.27,73.95
50.57,50.57,67.60,79.72,75.17
52.43,52.43,67.47,78.48,74.44
53.96,53.96,64.66,77.30,73.48
50.96,50.96,63.13,75.32,72.96
52.38,52.38,63.80,75.89,74.56
52.07,52.07,62.99,78.13,72.74
50.98,50.98,62.54,77.23,72.52
49.17,49.17,61.43,75.92,73.73
53.66,53.66,60.80,76.24,74.97
56.72,56.72,59.69,76.52,74.09
50.60,50.60,60.18,75.37,74.47
49.89,49.89,60.92,75.76,75.36
47.01,47.01,61.11,76.05,74.31
42.28,42.28,62.14,73.95,73.16
41.00,41.00,69.11,72.45,70.58
42.34,42.34,75.44,74.27,72.38
41.30,41.30,83.49,66.41,72.83
41.42,41.42,83.61,71.12,73.16
44.03,44.03,79.79,68.67,72.63
40.47,40.47,72.36,69.72,72.49
37.38,37.38,73.60,74.88,71.74
38.30,38.30,75.58,71.54,70.77
37.05,37.05,73.25,72.99,73.13
36.82,36.82,73.02,73.75,73.54
37.16,37.16,70.13,74.36,73.85
41.24,41.24,52.21,74.40,74.17
39.45,39.45,51.27,74.31,73.29
36.88,36.88,55.76,75.21,73.31
34.04,34.04,52.89,76.05,73.22
34.25,34.25,47.04,76.51,71.75
36.60,36.60,46.15,76.88,72.75
35.61,35.61,54.58,77.19,72.25
34.05,34.05,67.64,76.21,72.00
29.53,29.53,67.76,73.68,72.51
30.27,30.27,66.57,73.52,74.93
26.56,26.56,66.87,71.37,73.96
25.03,25.03,66.34,65.31,73.93
28.21,28.21,66.51,66.13,75.44
26.12,26.12,64.09,64.29,74.41
25.15,25.15,64.25,63.99,73.50
23.90,23.90,62.73,57.80,70.40
23.19,23.19,61.64,61.15,72.96
17.28,17.28,62.65,60.46,72.90
21.82,21.82,63.70,62.57,72.89
21.55,21.55,62.35,63.11,74.14
20.69,20.69,60.11,61.16,72.75
15.00,15.00,61.83,61.34,73.37
12.10,12.10,64.52,51.30,73.02
11.88,11.88,73.46,50.56,71.25
7.70,7.70,85.06,56.39,70.02
6.93,6.93,83.81,59.20,72.35
12.27,12.27,79.82,66.88,75.42
6.73,6.73,78.06,69.09,73.98
8.56,8.56,75.20,69.90,75.81
10.00,10.00,69.02,73.15,78.17
14.18,14.18,72.28,73.19,74.99
12.13,12.13,71.13,73.01,74.05
8.56,8.56,65.06,74.56,74.00
6.63,6.63,63.55,75.87,73.75
6.34,6.34,60.37,73.47,76.43
11.45,11.45,57.38,75.70,74.66
15.89,15.89,57.30,74.97,74.43
18.98,18.98,57.66,74.21,74.37
21.44,21.44,54.33,76.32,77.53
18.62,18.62,50.73,75.23,73.82
14.14,14.14,51.10,78.36,74.68
18.64,18.64,64.54,74.16,74.73
21.86,21.86,67.58,76.69,74.66
17.16,17.16,66.69,74.59,74.58
16.26,16.26,66.00,71.80,75.82
16.39,16.39,65.27,72.53,74.55
20.30,20.30,65.61,67.44,71.53
24.32,24.32,64.53,71.67,71.39
25.86,25.86,64.26,70.83,70.62
27.04,27.04,62.63,67.04,69.77
31.43,31.43,61.52,66.38,72.99
39.22,39.22,63.40,67.88,73.57
46.77,46.77,59.55,67.16,74.20
55.83,55.83,56.94,67.23,72.06
64.00,64.00,53.47,67.89,72.50
71.77,71.77,56.49,67.83,71.53
70.23,70.23,65.12,63.57,67.56
69.31,69.31,75.20,57.50,72.22
69.70,69.70,85.99,64.39,70.79
73.77,73.77,80.35,63.70,71.30
72.34,72.34,73.05,69.37,72.48
72.64,72.64,72.21,69.99,72.27
74.38,74.38,68.53,73.29,71.33
74.15,74.15,72.58,74.60,73.08
76.54,76.54,73.32,75.38,72.47
73.21,73.21,72.03,74.51,72.04
73.55,73.55,68.64,74.09,71.19
71.69,71.69,66.85,75.35,71.51
72.78,72.78,64.77,73.98,73.64
73.50,73.50,66.38,74.98,71.23
75.23,75.23,56.96,74.94,69.71
75.03,75.03,51.82,74.96,68.94
70.77,70.77,52.88,74.87,69.23
75.31,75.31,52.03,71.78,67.78
71.55,71.55,50.21,75.31,68.83
72.04,72.04,53.15,72.67,72.58
72.58,72.58,66.29,63.52,72.51
69.13,69.13,66.94,67.56,71.71
64.11,64.11,66.15,68.06,70.73
61.90,61.90,64.73,63.34,71.51
61.87,61.87,64.10,57.47,70.26
62.35,62.35,64.53,56.25,71.82
65.22,65.22,63.06,68.65,71.45
62.29,62.29,62.71,61.56,73.67
53.64,53.64,61.09,64.69,73.42
52.39,52.39,61.49,67.76,74.60
57.00,57.00,59.94,66.23,74.55
56.82,56.82,59.65,63.24,74.79
63.02,63.02,58.74,61.84,73.30
71.54,71.54,58.28,62.55,70.49
73.86,73.86,60.05,67.36,72.45
70.10,70.10,64.79,65.38,72.68
69.33,69.33,69.08,62.52,72.78
69.30,69.30,80.58,65.15,73.22
65.67,65.67,83.26,65.30,70.03
68.36,68.36,83.06,68.58,69.62
70.70,70.70,77.65,71.37,71.77
73.45,73.45,73.17,71.62,71.63
73.16,73.16,72.98,73.37,69.55
72.36,72.36,73.22,72.00,70.10
71.01,71.01,73.59,74.44,71.43
70.51,70.51,75.56,72.72,72.91
70.97,70.97,72.18,72.90,71.33
70.12,70.12,59.58,72.57,75.72
70.02,70.02,55.32,75.86,73.80
70.53,70.53,55.41,72.16,74.41
72.32,72.32,59.38,74.78,72.36
73.53,73.53,59.02,73.17,71.63
71.91,71.91,57.47,75.93,73.69
71.00,71.00,57.32,80.06,72.91
73.81,73.81,67.56,78.22,71.65
77.00,77.00,72.30,76.53,71.55
78.48,78.48,70.32,71.39,72.58
78.90,78.90,68.35,75.01,72.22
78.75,78.75,70.65,76.10,72.28
77.71,77.71,66.05,79.08,70.52
76.91,76.91,64.78,76.65,71.95
77.27,77.27,66.34,77.52,71.08
75.06,75.06,65.51,74.72,69.89
78.02,78.02,71.80,74.80,70.19
76.83,76.83,74.54,75.86,69.30
77.33,77.33,72.76,77.18,69.46
71.20,71.20,71.99,78.56,67.37
71.54,71.54,68.43,77.31,70.12
72.89,72.89,67.16,77.39,69.05
73.44,73.44,66.52,72.01,69.27
74.76,74.76,76.12,73.17,67.85
72.86,72.86,83.33,70.71,69.05
73.87,73.87,78.49,63.46,71.77
74.44,74.44,79.04,60.49,72.75
74.18,74.18,75.05,67.29,72.27
75.44,75.44,73.35,73.57,71.49
74.18,74.18,68.01,71.21,72.17
73.54,73.54,70.90,75.42,71.27
73.97,73.97,63.13,74.75,71.51
75.18,75.18,58.40,77.97,69.60
75.26,75.26,59.72,77.88,70.93
76.63,76.63,53.12,77.03,70.95
73.51,73.51,58.12,77.73,68.75
76.56,76.56,54.24,77.44,72.86
73.37,73.37,53.52,77.88,71.03
69.82,69.82,53.90,77.47,71.51
73.57,73.57,53.88,76.20,72.91
72.86,72.86,59.12,79.16,71.19
72.12,72.12,67.38,78.85,70.00
73.98,73.98,65.61,73.44,70.11
76.28,76.28,64.82,74.83,71.04
75.96,75.96,64.52,69.65,70.13
74.99,74.99,62.72,67.38,70.76
75.90,75.90,62.93,70.65,71.12
75.88,75.88,62.62,71.55,72.67
72.57,72.57,62.42,70.50,71.46
69.67,69.67,59.04,67.34,72.98
67.92,67.92,57.13,66.54,72.38
71.27,71.27,52.68,65.40,72.80
69.04,69.04,49.52,63.57,72.78
69.58,69.58,49.84,66.48,73.73
69.19,69.19,48.41,57.25,73.00
68.87,68.87,50.14,57.43,70.99
69.23,69.23,59.27,59.25,73.30
67.13,67.13,67.95,63.14,72.24
63.13,63.13,74.21,72.40,72.44
61.87,61.87,84.83,72.09,72.67
67.95,67.95,81.75,70.37,73.84
74.84,74.84,81.10,71.62,72.48
76.95,76.95,73.34,65.49,71.70
75.88,75.88,74.91,72.83,74.27
78.77,78.77,74.53,71.23,72.51
77.55,77.55,72.12,73.97,73.44
76.23,76.23,74.98,76.49,72.09
71.29,71.29,71.36,75.88,71.16
72.53,72.53,61.35,75.77,71.53
74.22,74.22,58.29,76.72,74.18
74.86,74.86,54.64,76.44,73.08
73.05,73.05,54.94,77.56,73.18
73.53,73.53,56.47,76.45,72.67
72.59,72.59,50.32,77.66,73.42
74.14,74.14,54.03,77.22,73.48
74.39,74.39,62.43,70.77,71.89
72.27,72.27,68.35,76.57,70.31
72.46,72.46,68.16,75.32,72.43
73.38,73.38,66.51,65.28,69.26
73.02,73.02,65.89,66.76,67.52
71.10,71.10,65.66,65.64,65.34
72.15,72.15,64.94,70.01,67.62
73.09,73.09,63.03,69.44,65.63
72.98,72.98,62.25,67.52,68.92
74.55,74.55,61.25,58.43,68.96
73.58,73.58,59.94,60.65,73.78
75.06,75.06,60.77,58.52,72.79
75.47,75.47,59.96,54.02,71.93
71.15,71.15,60.06,53.50,69.56
72.08,72.08,59.00,53.12,68.69
71.42,71.42,59.55,51.09,71.30
72.69,72.69,63.10,50.87,69.63
70.89,70.89,69.30,53.62,71.65
72.43,72.43,84.57,64.04,70.60
71.66,71.66,83.96,60.88,71.82
73.80,73.80,80.45,64.85,72.79
74.36,74.36,72.22,66.94,72.52
72.80,72.80,72.32,67.87,72.71
74.35,74.35,75.54,70.51,71.84
71.75,71.75,71.71,70.35,70.69
74.78,74.78,73.32,76.30,70.23
75.62,75.62,68.81,76.98,69.65
73.58,73.58,57.43,75.67,70.62
74.64,74.64,58.13,77.53,72.33
76.65,76.65,51.63,76.76,70.74
76.89,76.89,54.56,79.72,66.80
77.08,77.08,54.63,78.99,67.42
75.12,75.12,50.94,76.94,68.42
75.10,75.10,52.41,77.86,69.20
76.35,76.35,52.94,77.08,71.87
73.68,73.68,62.87,75.62,72.88
72.08,72.08,65.75,79.55,71.95
71.48,71.48,64.49,77.29,73.09
69.94,69.94,63.39,76.51,72.94
69.54,69.54,60.38,63.64,72.95
69.94,69.94,60.52,61.42,72.14
71.46,71.46,58.80,57.47,70.49
71.84,71.84,57.26,57.26,70.36
71.67,71.67,56.59,55.49,72.58
70.21,70.21,56.63,55.38,72.67
68.79,68.79,57.01,51.22,72.31
77.07,77.07,57.88,60.22,72.72
74.11,74.11,59.02,58.22,71.86
76.66,76.66,58.77,53.69,70.60
78.71,78.71,57.12,53.02,70.44
76.12,76.12,60.74,51.09,70.84
77.44,77.44,67.27,51.42,70.87
73.68,73.68,78.25,60.04,72.32
74.84,74.84,83.62,58.59,70.37
76.80,76.80,82.18,68.58,71.12
75.38,75.38,79.27,73.82,70.33
76.35,76.35,74.80,74.66,71.33
78.57,78.57,73.24,71.93,70.52
77.60,77.60,76.00,68.93,70.37
76.45,76.45,73.76,69.84,71.21
74.81,74.81,74.70,71.58,71.62
75.07,75.07,69.75,76.14,71.32
75.41,75.41,63.73,65.74,71.63
76.09,76.09,60.23,68.10,70.42
78.98,78.98,58.62,73.75,72.63
78.21,78.21,56.33,77.10,71.12
75.36,75.36,52.00,73.87,71.48
77.03,77.03,49.78,74.46,71.55
77.71,77.71,52.58,76.61,71.25
78.00,78.00,61.58,77.89,72.20
79.01,79.01,65.30,78.33,71.93
78.61,78.61,64.60,77.42,72.41
74.04,74.04,64.26,72.01,72.48
73.86,73.86,64.22,74.48,72.73
72.91,72.91,63.97,76.55,74.22
73.52,73.52,64.10,77.90,73.87
72.14,72.14,62.58,79.10,72.35
71.59,71.59,62.22,75.87,73.16
71.27,71.27,62.59,76.34,72.98
71.04,71.04,60.61,77.55,74.58
68.67,68.67,62.46,75.14,73.62
70.78,70.78,61.21,74.35,73.08
70.56,70.56,60.23,76.52,72.52
70.13,70.13,61.56,75.86,72.98
69.19,69.19,61.31,77.20,71.80
69.69,69.69,63.77,74.93,71.53
66.95,66.95,69.72,70.98,70.19
63.68,63.68,82.62,70.07,72.23
60.97,60.97,83.97,65.84,69.85
63.48,63.48,75.75,71.34,71.70
64.44,64.44,71.11,74.79,73.47
59.91,59.91,67.93,76.33,70.67
53.88,53.88,73.31,70.73,74.12
56.16,56.16,70.41,73.10,72.79
61.95,61.95,61.20,73.62,73.91
71.64,71.64,63.28,77.79,74.88
75.08,75.08,52.38,79.44,73.88
70.21,70.21,49.44,79.27,73.15
63.53,63.53,55.61,79.83,73.42
65.37,65.37,49.65,78.51,70.24
71.83,71.83,55.09,79.93,69.35
76.00,76.00,49.03,78.78,69.83
76.20,76.20,48.45,77.73,68.95
71.96,71.96,56.75,79.81,70.31
71.12,71.12,63.28,80.85,72.69
77.11,77.11,65.13,78.93,68.89
78.38,78.38,65.25,77.42,70.90
76.26,76.26,64.78,71.11,72.71
77.01,77.01,62.72,63.91,71.91
77.18,77.18,62.13,62.39,71.28
75.92,75.92,61.60,61.09,70.15
77.94,77.94,59.63,55.19,72.04
76.44,76.44,60.54,58.44,72.30
74.82,74.82,59.28,56.60,73.64
64.31,64.31,58.30,56.06,74.90
64.17,64.17,59.08,54.62,73.88
69.31,69.31,59.11,51.15,73.45
73.47,73.47,58.03,46.86,72.38
71.05,71.05,56.95,47.60,72.64
73.39,73.39,59.99,44.57,74.70
76.44,76.44,68.24,45.95,68.63
68.70,68.70,80.57,64.92,69.41
68.60,68.60,84.58,63.80,69.04
71.82,71.82,78.78,72.70,70.82
74.75,74.75,78.69,74.83,70.56
75.53,75.53,72.26,74.63,71.84
76.63,76.63,75.86,75.12,71.24
75.01,75.01,73.76,74.39,70.08
74.51,74.51,67.45,74.76,71.93
72.54,72.54,66.86,72.54,72.86
74.62,74.62,65.47,74.26,73.55
73.17,73.17,62.51,76.12,71.72
74.76,74.76,59.80,74.56,73.38
75.52,75.52,58.13,75.51,72.37
74.82,74.82,57.07,74.61,71.25
72.99,72.99,57.31,74.36,72.79
72.89,72.89,57.24,75.83,72.47
75.41,75.41,60.21,73.86,70.41
77.93,77.93,66.39,76.65,69.48
73.17,73.17,67.82,78.65,71.33
71.44,71.44,68.36,75.06,68.04
70.94,70.94,67.10,78.36,68.79
68.03,68.03,66.77,68.03,64.96
66.93,66.93,65.41,72.12,65.26
68.41,68.41,66.89,66.40,65.92
62.40,62.40,65.67,63.41,67.52
60.34,60.34,65.16,64.19,69.00
56.19,56.19,63.59,64.42,66.87
54.55,54.55,61.79,59.56,73.14
55.04,55.04,60.61,57.79,72.78
62.99,62.99,59.26,58.68,70.16
67.42,67.42,54.01,57.49,69.80
74.19,74.19,52.70,58.62,66.71
74.03,74.03,55.31,56.84,64.66
71.37,71.37,59.32,55.20,66.83
70.36,70.36,67.10,52.53,69.05
70.02,70.02,83.33,61.85,68.16
70.52,70.52,84.05,70.71,70.18
75.12,75.12,79.12,73.54,71.84
75.29,75.29,71.78,73.84,69.38
76.63,76.63,70.85,71.87,68.60
76.74,76.74,69.55,76.84,68.26
72.98,72.98,60.89,76.14,70.67
69.47,69.47,66.92,76.80,70.41
72.37,72.37,65.77,78.05,72.53
74.07,74.07,59.66,77.11,73.61
73.37,73.37,51.42,76.52,72.94
73.28,73.28,56.32,77.37,72.17
72.97,72.97,53.00,77.13,71.24
74.86,74.86,56.01,78.00,71.74
71.48,71.48,55.24,77.87,71.71
68.15,68.15,53.92,77.07,71.79
67.67,67.67,58.80,78.76,72.00
74.00,74.00,66.20,80.37,73.03
73.87,73.87,66.36,76.98,72.01
71.49,71.49,64.19,74.90,73.14
70.34,70.34,62.85,69.81,73.62
70.24,70.24,59.67,61.47,74.54
69.93,69.93,56.92,67.60,71.40
70.49,70.49,57.74,64.89,69.66
67.13,67.13,59.18,65.71,69.30
70.84,70.84,59.03,62.73,71.16
76.62,76.62,59.11,51.58,72.24
77.85,77.85,59.47,59.31,71.40
72.73,72.73,59.31,53.63,73.06
72.46,72.46,58.01,57.73,73.95
76.10,76.10,56.24,51.18,72.13
76.35,76.35,56.26,55.36,72.79
74.71,74.71,59.83,50.14,72.37
75.75,75.75,66.76,48.01,72.97
73.64,73.64,71.49,50.55,72.34
71.16,71.16,84.92,65.22,71.87
72.56,72.56,83.77,62.89,72.57
75.29,75.29,81.69,70.79,70.84
75.07,75.07,77.17,75.76,71.61
81.71,81.71,71.67,73.06,69.81
74.00,74.00,73.01,69.42,69.67
79.53,79.53,73.26,75.22,71.16
77.84,77.84,68.09,68.49,72.74
74.71,74.71,69.75,71.11,73.11
79.09,79.09,65.11,71.40,72.26
73.31,73.31,59.93,77.86,73.49
75.16,75.16,55.19,75.56,73.41
78.06,78.06,52.65,75.18,72.40
79.33,79.33,52.35,71.00,71.35
77.46,77.46,51.10,75.71,73.32
71.95,71.95,57.04,75.38,71.82
70.95,70.95,64.93,76.29,72.11
78.85,78.85,66.91,79.70,72.03
75.04,75.04,65.47,70.19,73.27
75.43,75.43,65.30,69.26,71.87
75.50,75.50,64.73,69.22,71.48
75.79,75.79,64.83,77.74,72.02
76.97,76.97,64.08,79.60,72.55
80.34,80.34,61.49,79.41,71.94
80.43,80.43,61.69,77.78,71.29
71.93,71.93,63.58,77.52,71.35
78.10,78.10,63.16,77.84,73.18
74.91,74.91,61.10,75.92,72.25
71.99,71.99,61.12,76.94,72.40
73.37,73.37,61.63,77.53,73.02
70.56,70.56,59.35,75.45,73.68
68.32,68.32,60.25,74.69,72.85
64.26,64.26,65.34,74.69,71.52
62.51,62.51,71.50,71.55,70.50
61.53,61.53,80.46,65.55,70.91
58.83,58.83,85.09,67.73,71.01
62.90,62.90,83.27,67.93,72.02
65.52,65.52,76.77,70.78,73.95
65.31,65.31,76.03,71.57,72.41
65.84,65.84,66.21,73.55,74.08
66.43,66.43,72.41,75.30,73.51
66.25,66.25,69.52,76.58,72.71
69.31,69.31,61.29,78.17,75.05
69.30,69.30,60.85,76.71,74.85
68.49,68.49,61.14,77.35,73.17
65.62,65.62,55.34,75.26,72.94
66.32,66.32,55.07,75.48,73.99
70.75,70.75,50.38,74.88,72.61
73.57,73.57,40.93,75.41,73.92
74.99,74.99,46.43,75.19,73.45
76.70,76.70,52.10,71.71,71.95
75.14,75.14,61.14,77.51,70.70
73.60,73.60,64.86,71.40,70.17
76.10,76.10,65.81,69.04,69.46
76.00,76.00,65.55,69.04,70.08
75.77,75.77,64.42,64.12,71.61
74.56,74.56,64.12,60.49,73.18
70.92,70.92,62.73,64.58,72.22
67.33,67.33,59.20,62.36,71.52
70.65,70.65,54.50,63.68,71.98
68.73,68.73,50.07,54.41,71.88
69.41,69.41,50.11,59.63,72.45
70.88,70.88,49.34,58.88,72.70
70.80,70.80,50.44,59.75,72.99
70.91,70.91,46.86,59.20,72.08
70.74,70.74,50.80,56.39,72.73
69.11,69.11,60.77,52.39,71.82
66.29,66.29,72.20,48.64,71.45
63.75,63.75,78.69,63.45,69.92
66.22,66.22,84.01,62.93,69.61
68.69,68.69,82.57,72.24,69.75
71.74,71.74,78.49,73.56,71.95
68.84,68.84,75.54,75.00,73.31
76.35,76.35,72.30,74.71,71.37
76.02,76.02,74.68,73.36,73.96
72.16,72.16,69.96,71.40,73.12
73.76,73.76,66.77,72.73,72.84
72.97,72.97,63.17,71.87,73.08
68.31,68.31,63.43,74.71,72.19
69.04,69.04,60.67,76.50,74.97
66.72,66.72,58.50,74.07,74.87
66.14,66.14,55.27,76.45,74.10
69.27,69.27,51.83,76.01,74.50
70.96,70.96,49.76,76.98,74.82
71.96,71.96,50.24,76.15,71.48
71.54,71.54,52.79,76.40,70.26
71.13,71.13,62.47,74.43,69.53
69.76,69.76,67.99,69.90,67.74
73.27,73.27,67.06,68.26,67.55
71.24,71.24,66.35,64.05,65.19
73.22,73.22,64.32,62.66,64.80
74.66,74.66,63.41,64.49,68.71
73.07,73.07,63.36,56.31,68.69
71.01,71.01,63.62,61.11,70.80
69.86,69.86,62.90,52.34,71.79
69.34,69.34,61.12,51.41,69.96
70.95,70.95,61.40,52.95,68.15
69.77,69.77,62.26,50.67,64.56
68.76,68.76,61.59,47.55,62.86
70.49,70.49,60.70,46.72,62.75
69.93,69.93,60.06,43.53,63.23
68.95,68.95,60.43,44.48,71.06
67.85,67.85,62.27,48.17,70.41
67.61,67.61,74.74,58.60,74.28
66.17,66.17,85.82,67.29,70.60
68.96,68.96,83.29,66.29,71.95
70.75,70.75,79.63,72.78,72.77
69.43,69.43,74.76,74.80,75.17
71.45,71.45,75.32,75.94,74.59
68.65,68.65,71.38,74.88,74.06
68.13,68.13,70.81,73.65,75.51
70.18,70.18,59.23,74.41,74.51
69.01,69.01,54.35,75.85,72.29
71.11,71.11,53.86,75.72,73.09
67.86,67.86,57.81,75.61,71.02
63.54,63.54,52.05,74.44,73.35
60.35,60.35,46.36,75.38,72.19
60.31,60.31,45.35,76.33,71.02
58.40,58.40,44.84,76.88,70.98
58.42,58.42,48.87,76.11,71.59
59.76,59.76,57.49,70.91,72.62
64.32,64.32,66.94,73.36,72.26
62.26,62.26,66.39,75.63,73.18
57.30,57.30,66.80,73.74,74.41
54.32,54.32,66.19,67.56,72.91
47.99,47.99,65.28,64.33,73.65
46.69,46.69,64.79,60.54,73.99
50.71,50.71,62.70,60.55,74.11
47.19,47.19,62.13,58.50,73.76
46.91,46.91,61.11,52.31,75.23
46.48,46.48,60.42,55.18,74.57
46.55,46.55,61.05,61.42,73.45
50.31,50.31,58.84,61.67,74.01
52.45,52.45,59.21,60.05,73.34
54.00,54.00,59.27,60.74,75.37
52.01,52.01,60.00,58.46,76.57
53.44,53.44,64.63,58.29,74.13
49.15,49.15,72.27,54.98,73.53
45.53,45.53,85.05,66.63,72.45
44.37,44.37,80.69,71.38,71.06
43.07,43.07,78.98,71.55,73.56
40.55,40.55,78.65,73.03,73.28
42.03,42.03,74.54,72.86,74.46
53.53,53.53,74.10,72.66,74.15
42.27,42.27,69.50,72.36,72.21
42.60,42.60,65.85,69.93,74.72
41.85,41.85,64.48,71.08,73.77
39.56,39.56,61.41,72.07,74.12
41.78,41.78,61.19,73.38,73.51
41.93,41.93,57.57,70.71,74.04
40.68,40.68,53.94,78.53,74.00
40.17,40.17,49.89,73.07,75.11
41.01,41.01,47.49,74.65,75.64
43.02,43.02,48.15,72.97,74.94
46.56,46.56,50.97,74.35,74.64
36.67,36.67,68.26,74.21,75.01
32.15,32.15,67.22,74.15,73.60
29.25,29.25,66.21,74.38,74.33
31.96,31.96,66.30,75.72,75.11
31.91,31.91,65.20,73.84,74.94
32.14,32.14,65.55,75.46,73.61
34.23,34.23,64.22,74.46,73.20
26.08,26.08,62.37,76.25,74.25
24.26,24.26,62.67,76.78,73.72
23.99,23.99,60.97,76.15,74.49
23.69,23.69,61.82,76.70,74.38
23.70,23.70,61.67,76.29,73.82
23.81,23.81,60.60,75.63,73.64
22.81,22.81,59.58,75.37,74.70
22.36,22.36,58.82,76.82,73.88
22.59,22.59,61.17,74.89,74.82
20.29,20.29,71.10,73.34,72.16
16.99,16.99,81.94,75.49,72.73
15.61,15.61,84.30,74.56,71.39
18.36,18.36,82.94,68.20,71.62
20.85,20.85,79.58,75.71,72.86
22.65,22.65,74.38,76.87,73.80
21.77,21.77,75.04,76.14,73.39
21.63,21.63,74.72,75.34,71.41
21.59,21.59,75.63,75.52,74.83
21.52,21.52,75.48,74.27,73.79
20.54,20.54,75.50,74.96,74.27
24.66,24.66,70.84,75.58,74.26
22.72,22.72,61.97,76.53,74.00
21.44,21.44,53.61,75.57,76.12
24.39,24.39,57.74,76.68,74.30
19.00,19.00,55.22,76.12,74.60
15.69,15.69,41.01,76.99,73.76
13.84,13.84,44.15,76.60,71.99
12.28,12.28,56.72,75.72,74.83
21.18,21.18,68.44,75.31,75.17
16.72,16.72,68.59,75.35,72.47
6.52,6.52,66.29,72.52,74.65
7.73,7.73,66.79,67.18,74.39
11.58,11.58,65.37,69.83,73.37
12.22,12.22,65.41,70.85,72.83
15.81,15.81,65.40,59.79,74.26
14.26,14.26,63.78,66.49,73.21
15.24,15.24,62.64,66.59,73.17
10.71,10.71,61.75,63.92,73.81
8.91,8.91,61.43,65.01,71.60
10.47,10.47,60.34,65.95,71.49
11.25,11.25,60.30,62.89,70.29
6.16,6.16,60.27,62.22,69.83
6.35,6.35,61.75,61.72,70.16
17.09,17.09,68.38,57.96,72.33
18.51,18.51,76.38,55.64,71.86
12.28,12.28,85.68,62.45,69.91
14.13,14.13,81.57,68.38,70.66
14.78,14.78,77.17,66.67,73.80
8.83,8.83,77.57,72.54,73.95
9.91,9.91,74.30,73.31,74.18
14.40,14.40,71.62,72.77,73.50
17.39,17.39,73.73,75.00,75.35
15.23,15.23,71.29,75.16,74.46
9.95,9.95,64.98,73.36,73.45
8.59,8.59,63.05,76.26,73.18
11.46,11.46,57.92,76.34,74.81
16.76,16.76,54.25,75.04,72.81
20.86,20.86,51.99,77.05,75.20
27.59,27.59,49.20,77.01,74.39
25.13,25.13,47.98,74.94,73.70
24.40,24.40,47.26,75.36,74.35
20.00,20.00,46.00,75.11,74.16
17.27,17.27,57.13,74.21,72.15
16.96,16.96,67.69,72.92,73.31
22.11,22.11,67.08,76.96,73.52
26.44,26.44,67.25,72.73,72.91
28.11,28.11,66.00,71.31,72.92
33.88,33.88,64.56,69.67,71.63
34.66,34.66,65.22,72.78,71.52
35.00,35.00,64.20,74.13,69.18
34.37,34.37,63.89,69.23,70.23
43.32,43.32,63.27,68.18,71.39
51.81,51.81,61.33,70.79,70.70
58.23,58.23,59.07,70.77,71.76
67.46,67.46,55.68,71.01,72.02
72.30,72.30,53.41,71.54,70.62
74.74,74.74,53.31,69.15,67.32
75.61,75.61,54.95,67.64,68.12
72.88,72.88,63.61,60.59,69.53
71.38,71.38,68.36,48.01,70.08
68.42,68.42,84.41,60.12,69.42
70.33,70.33,84.32,65.07,70.99
73.74,73.74,81.51,64.13,72.32
74.48,74.48,72.91,72.86,72.72
74.33,74.33,68.60,74.19,73.61
72.47,72.47,70.18,73.74,72.37
71.29,71.29,69.58,73.72,71.32
75.96,75.96,69.86,74.38,72.07
74.51,74.51,67.08,75.43,70.06
70.91,70.91,61.04,76.94,70.03
72.13,72.13,58.42,77.59,70.92
70.67,70.67,55.15,77.22,73.37
71.58,71.58,57.02,76.14,71.99
71.60,71.60,56.77,76.31,71.74
70.50,70.50,53.38,75.21,72.86
71.21,71.21,50.61,76.09,71.16
69.04,69.04,55.22,74.54,72.94
68.98,68.98,66.71,75.30,73.91
70.30,70.30,67.59,72.08,72.61
68.85,68.85,65.60,77.05,71.74
68.14,68.14,66.41,71.91,71.73
69.56,69.56,65.53,66.24,71.14
69.62,69.62,64.35,67.02,71.71
61.50,61.50,61.75,73.61,70.49
60.26,60.26,62.19,70.25,68.61
64.28,64.28,61.95,63.84,73.29
69.20,69.20,62.86,68.40,73.21
69.53,69.53,63.44,66.51,74.11
67.89,67.89,61.39,63.16,73.15
63.80,63.80,61.47,61.95,73.89
61.82,61.82,59.89,68.96,73.76
60.21,60.21,60.37,68.67,74.44
60.58,60.58,67.48,64.35,71.99
66.60,66.60,72.56,53.68,74.65
69.22,69.22,74.73,53.82,72.08
64.60,64.60,84.58,59.88,70.87
63.61,63.61,84.75,67.11,69.01
65.58,65.58,78.44,66.92,70.00
66.47,66.47,70.96,69.03,72.42
65.40,65.40,72.10,68.00,71.64
67.11,67.11,73.54,72.55,72.63
67.27,67.27,70.54,73.55,73.85
69.43,69.43,69.51,71.30,70.96
69.32,69.32,68.14,71.63,71.61
70.08,70.08,62.86,67.92,72.61
70.10,70.10,57.68,73.75,71.74
69.97,69.97,59.44,75.46,72.43
68.83,68.83,62.81,72.68,71.16
69.76,69.76,62.70,74.24,71.39
68.54,68.54,60.95,73.71,71.98
69.33,69.33,63.87,72.54,72.06
68.72,68.72,71.42,76.91,72.26
70.02,70.02,75.01,74.36,73.29
72.21,72.21,72.31,74.91,71.20
70.66,70.66,71.14,76.96,71.20
71.89,71.89,69.40,77.83,72.22
74.44,74.44,64.62,73.43,71.78
74.61,74.61,61.62,73.70,71.76
75.11,75.11,64.59,74.38,71.11
73.99,73.99,70.99,72.67,71.89
71.85,71.85,72.90,72.79,72.41
73.33,73.33,72.97,74.50,72.56
75.15,75.15,70.58,77.69,69.67
73.95,73.95,66.96,73.75,71.23
76.22,76.22,64.66,74.43,71.72
75.56,75.56,63.07,69.73,70.38
74.94,74.94,64.10,71.60,69.56
76.42,76.42,69.90,71.56,67.86
70.90,70.90,82.16,70.90,67.55
71.61,71.61,84.95,68.62,69.16
73.81,73.81,76.92,72.51,69.59
73.24,73.24,75.92,72.58,69.11
74.60,74.60,74.29,74.10,68.54
75.48,75.48,73.95,77.54,68.78
74.22,74.22,73.42,77.22,69.99
73.53,73.53,71.19,78.47,70.14
73.86,73.86,70.14,76.89,69.87
74.23,74.23,69.79,77.21,70.79
75.42,75.42,70.31,76.74,71.06
75.25,75.25,70.72,74.26,68.65
75.46,75.46,70.55,76.50,68.07
76.17,76.17,69.78,77.11,68.48
75.81,75.81,71.11,74.21,68.70
76.13,76.13,71.10,74.98,67.79
72.98,72.98,71.02,75.13,67.58
74.04,74.04,68.64,76.89,71.61
69.35,69.35,67.62,69.40,75.09
68.68,68.68,68.24,71.33,77.43
66.07,66.07,66.22,68.06,77.29
61.84,61.84,69.45,64.61,75.00
58.97,58.97,68.42,64.26,75.62
56.54,56.54,68.13,62.48,75.80
51.79,51.79,66.95,64.84,75.56
52.26,52.26,68.40,62.57,75.88
51.00,51.00,70.44,65.25,74.70
50.95,50.95,68.29,65.69,76.05
47.86,47.86,67.37,68.22,75.51
46.44,46.44,66.74,66.08,76.15
45.66,45.66,66.37,63.79,75.80
39.22,39.22,64.76,64.61,76.26
41.40,41.40,63.54,63.42,75.65
39.92,39.92,65.61,61.87,75.57
32.02,32.02,68.34,58.70,71.38
26.30,26.30,76.62,61.08,71.13
24.08,24.08,85.40,61.98,72.39
22.37,22.37,80.34,72.05,72.56
24.04,24.04,76.82,75.25,75.81
32.03,32.03,71.96,76.74,76.18
32.45,32.45,72.02,77.30,75.07
28.48,28.48,75.39,78.97,74.50
29.72,29.72,70.63,75.72,75.49
36.98,36.98,66.98,75.10,76.48
36.91,36.91,63.80,76.02,74.77
28.73,28.73,62.71,75.90,75.91
23.86,23.86,59.74,77.89,76.42
23.73,23.73,57.90,78.70,75.71
24.38,24.38,57.22,76.37,76.77
24.19,24.19,54.71,77.01,75.87
22.22,22.22,54.86,74.66,76.11
19.94,19.94,56.21,77.45,75.05
13.55,13.55,62.20,79.56,72.84
17.11,17.11,68.80,78.04,75.77
13.41,13.41,67.61,77.75,76.03
12.74,12.74,66.52,73.42,76.66
17.42,17.42,66.08,72.46,77.54
17.47,17.47,64.05,72.73,75.51
19.57,19.57,64.14,68.59,75.75
19.43,19.43,63.79,65.21,73.78
21.67,21.67,64.63,60.98,71.96
15.54,15.54,62.99,59.26,75.53
16.25,16.25,63.77,55.55,77.11
12.34,12.34,60.48,59.58,75.51
13.93,13.93,61.65,57.43,77.12
16.77,16.77,62.25,55.19,73.21
20.39,20.39,60.02,53.73,74.62
16.00,16.00,62.04,48.58,73.95
10.33,10.33,65.13,49.10,74.71
10.72,10.72,77.82,59.89,74.28
9.33,9.33,86.31,67.49,72.69
9.78,9.78,77.29,75.11,73.88
11.74,11.74,75.71,75.05,74.83
15.48,15.48,69.37,71.19,76.50
17.33,17.33,72.49,77.64,76.03
16.94,16.94,75.37,78.40,75.16
18.44,18.44,75.32,77.39,74.13
18.62,18.62,72.03,76.00,74.08
21.68,21.68,70.88,74.09,74.65
21.09,21.09,66.31,77.19,75.96
20.17,20.17,64.93,76.87,75.29
21.56,21.56,57.30,75.16,74.79
21.85,21.85,54.52,77.32,75.26
24.02,24.02,62.22,76.87,75.02
24.90,24.90,60.83,77.44,75.33
18.41,18.41,63.19,78.58,74.15
8.95,8.95,62.75,79.81,76.09
18.03,18.03,65.79,76.81,75.03
17.30,17.30,68.04,73.82,75.22
17.19,17.19,67.63,61.49,75.83
20.02,20.02,66.17,60.00,76.25
17.76,17.76,66.01,69.78,76.93
18.02,18.02,65.65,69.23,74.90
18.16,18.16,63.87,65.26,74.59
17.90,17.90,63.10,62.61,74.97
13.27,13.27,62.69,56.42,76.13
15.53,15.53,61.38,59.37,75.78
17.83,17.83,61.48,56.49,75.37
17.08,17.08,58.25,58.03,75.31
14.72,14.72,57.48,58.04,75.80
10.56,10.56,58.76,58.77,72.73
9.40,9.40,59.60,54.40,73.11
8.25,8.25,62.85,57.45,72.83
8.07,8.07,71.81,69.38,73.15
8.78,8.78,84.70,69.40,71.28
14.17,14.17,81.80,67.95,72.40
12.09,12.09,79.46,77.33,74.46
13.18,13.18,76.31,76.39,75.11
7.38,7.38,77.65,71.51,74.31
8.93,8.93,72.38,70.48,73.55
10.53,10.53,73.45,75.03,74.13
9.98,9.98,71.58,77.50,72.82
8.55,8.55,68.89,62.64,74.50
7.55,7.55,63.31,60.67,74.08
8.54,8.54,61.68,74.02,75.57
11.55,11.55,57.55,73.62,76.91
16.34,16.34,54.23,75.69,75.66
17.06,17.06,51.26,75.84,74.39
18.22,18.22,50.45,76.46,73.76
18.67,18.67,51.00,75.58,72.20
12.23,12.23,56.59,74.18,74.10
11.10,11.10,63.95,70.73,73.88
12.15,12.15,68.56,74.38,73.48
15.09,15.09,67.55,78.32,75.19
19.51,19.51,68.95,72.99,75.59
23.24,23.24,67.66,70.61,73.83
11.48,11.48,66.10,73.54,75.75
10.17,10.17,64.88,71.96,73.79
8.34,8.34,64.76,76.26,70.79
16.38,16.38,65.61,74.48,71.97
13.21,13.21,63.72,71.89,72.38
14.76,14.76,63.60,77.11,71.75
15.61,15.61,63.28,75.93,73.69
10.11,10.11,61.91,76.72,73.00
14.18,14.18,62.84,78.05,74.80
15.98,15.98,61.78,75.46,75.11
13.76,13.76,61.58,76.69,73.77
9.80,9.80,71.01,77.50,72.32
6.28,6.28,78.91,72.82,71.98
10.71,10.71,83.57,64.12,72.95
16.59,16.59,81.04,71.60,72.87
18.63,18.63,76.72,76.59,72.96
19.09,19.09,73.72,76.99,72.26
19.42,19.42,74.29,78.98,71.53
19.89,19.89,72.18,77.18,71.81
22.40,22.40,68.93,76.34,68.70
22.68,22.68,60.72,77.71,71.91
21.40,21.40,63.27,76.65,72.60
21.97,21.97,59.35,76.81,72.40
21.77,21.77,51.37,77.00,74.21
21.48,21.48,54.32,78.46,73.10
20.12,20.12,51.49,77.63,72.41
20.98,20.98,42.62,76.77,73.35
15.32,15.32,48.62,78.12,72.23
10.00,10.00,49.77,78.97,71.15
17.88,17.88,60.35,76.01,73.11
20.32,20.32,67.15,75.55,74.98
14.23,14.23,66.88,69.04,76.57
12.65,12.65,66.55,66.09,76.92
22.76,22.76,67.17,62.12,76.59
18.66,18.66,66.36,65.71,76.46
16.45,16.45,64.29,67.69,77.36
11.50,11.50,62.23,62.59,76.28
14.05,14.05,63.74,59.37,75.97
14.02,14.02,63.46,60.13,75.70
15.00,15.00,62.42,58.63,75.76
14.35,14.35,61.52,58.17,75.53
15.76,15.76,61.17,58.71,75.28
13.77,13.77,59.46,58.69,76.24
15.44,15.44,59.94,56.24,75.70
10.65,10.65,61.27,54.04,75.19
6.55,6.55,64.54,45.30,74.88
5.05,5.05,74.93,53.93,72.80
4.71,4.71,84.96,59.54,71.88
2.26,2.26,81.57,65.01,73.72
8.36,8.36,77.93,71.98,73.14
8.55,8.55,74.46,74.01,74.88
16.89,16.89,74.94,75.06,73.75
15.05,15.05,73.32,71.97,75.59
16.29,16.29,73.83,72.09,74.70
13.25,13.25,74.57,76.17,74.76
14.15,14.15,67.86,76.63,75.10
12.83,12.83,67.11,77.30,76.27
10.22,10.22,67.09,77.96,75.64
13.88,13.88,58.80,78.32,74.91
16.26,16.26,52.10,77.88,75.58
17.35,17.35,50.19,76.07,75.02
20.67,20.67,52.26,78.32,75.92
16.62,16.62,52.26,79.27,74.34
16.22,16.22,61.65,77.62,75.09
22.35,22.35,68.68,74.04,73.92
16.16,16.16,67.23,77.16,74.75
12.55,12.55,67.21,68.69,74.05
15.50,15.50,66.06,62.23,75.36
17.73,17.73,65.35,62.05,75.79
15.78,15.78,64.24,63.98,73.83
18.31,18.31,64.82,66.34,73.24
15.83,15.83,64.74,59.26,73.45
14.50,14.50,63.46,61.34,71.81
13.95,13.95,61.49,60.92,74.18
11.30,11.30,59.31,57.22,75.92
13.44,13.44,59.10,58.20,75.61
12.39,12.39,59.14,56.45,73.78
14.32,14.32,59.45,55.23,73.11
7.17,7.17,60.40,53.55,73.42
6.38,6.38,64.10,49.86,74.33
8.39,8.39,77.00,55.68,75.05
7.82,7.82,84.70,62.92,74.10
10.37,10.37,79.95,69.89,74.50
11.39,11.39,74.41,68.87,74.70
14.92,14.92,69.77,66.72,75.39
16.97,16.97,70.07,76.21,75.87
16.05,16.05,73.23,73.93,74.89
14.55,14.55,67.11,76.28,75.44
14.60,14.60,59.31,75.86,75.16
17.14,17.14,61.56,74.78,74.93
18.47,18.47,61.31,77.16,75.03
16.80,16.80,58.54,76.86,75.72
17.35,17.35,56.50,76.69,74.72
17.50,17.50,53.22,77.76,76.12
16.84,16.84,59.00,77.28,76.14
15.94,15.94,59.62,77.34,75.00
8.77,8.77,52.97,76.78,73.87
12.94,12.94,64.82,76.73,73.71
10.57,10.57,69.92,79.72,76.39
12.27,12.27,68.59,80.28,75.99
20.50,20.50,66.38,81.12,75.53
14.06,14.06,64.14,79.30,74.58
18.34,18.34,64.33,73.21,75.27
19.78,19.78,62.79,72.02,76.42
21.18,21.18,62.82,64.39,76.27
17.99,17.99,62.81,64.87,75.49
17.32,17.32,62.08,61.26,74.06
14.82,14.82,60.58,57.77,76.66
10.46,10.46,60.75,50.29,75.35
10.71,10.71,60.40,54.60,76.00
11.89,11.89,58.53,53.41,75.73
12.04,12.04,56.17,56.65,75.94
12.59,12.59,59.83,55.15,73.82
15.67,15.67,65.68,55.16,73.88
15.34,15.34,81.08,61.59,73.01
9.16,9.16,85.00,64.21,71.06
8.70,8.70,80.29,64.49,72.41
15.07,15.07,76.99,69.54,72.75
10.79,10.79,74.83,73.59,70.81
6.81,6.81,76.64,78.86,73.01
12.46,12.46,72.27,77.52,71.35
8.94,8.94,67.83,77.85,72.10
11.31,11.31,66.19,76.43,73.54
4.46,4.46,63.91,77.33,75.48
9.00,9.00,62.05,73.41,74.20
13.62,13.62,59.50,69.56,75.65
18.64,18.64,55.03,73.56,75.93
18.99,18.99,52.38,77.22,74.95
17.58,17.58,48.73,76.92,74.44
11.97,11.97,47.29,74.41,73.64
8.92,8.92,51.04,75.01,74.37
17.54,17.54,66.61,70.25,75.17
11.39,11.39,68.55,72.39,73.41
16.94,16.94,67.36,75.19,75.94
8.74,8.74,66.72,76.83,75.66
14.08,14.08,65.51,76.68,74.86
16.35,16.35,63.76,75.57,75.58
11.53,11.53,63.49,74.66,76.40
15.34,15.34,62.71,76.31,75.82
12.69,12.69,62.09,76.34,74.34
7.93,7.93,61.32,77.53,74.68
12.45,12.45,59.25,76.88,75.97
16.39,16.39,59.85,74.51,74.63
19.50,19.50,58.97,73.46,75.37
20.25,20.25,58.91,75.08,74.37
21.45,21.45,59.30,70.69,75.21
18.61,18.61,62.95,73.51,77.75
15.90,15.90,71.80,72.91,74.13
10.02,10.02,79.96,67.57,73.20
9.76,9.76,84.12,68.32,71.36
12.07,12.07,79.94,70.53,73.77
14.00,14.00,73.84,67.94,73.04
17.33,17.33,75.19,71.07,72.30
19.30,19.30,68.98,74.76,71.79
20.20,20.20,75.49,73.08,71.54
21.14,21.14,73.34,75.89,70.77
24.62,24.62,71.96,77.09,71.69
29.60,29.60,65.01,75.30,72.64
28.67,28.67,54.49,74.21,72.60
23.83,23.83,47.61,75.31,74.07
20.41,20.41,50.82,76.31,70.71
21.35,21.35,48.79,76.37,70.39
22.74,22.74,44.82,78.31,72.02
21.86,21.86,41.92,76.86,73.06
14.36,14.36,42.23,78.59,72.51
12.03,12.03,58.74,70.41,75.95
15.72,15.72,67.01,71.12,76.56
16.66,16.66,66.89,71.39,75.83
14.47,14.47,65.04,70.10,77.52
10.53,10.53,63.94,68.09,74.63
15.48,15.48,63.55,66.22,76.01
7.19,7.19,62.57,68.01,76.63
7.59,7.59,62.85,65.61,75.71
8.91,8.91,60.84,67.34,75.48
12.46,12.46,59.59,63.03,75.50
14.02,14.02,60.48,61.46,75.81
17.19,17.19,59.21,63.12,74.91
14.23,14.23,58.82,62.09,74.54
13.94,13.94,57.78,62.39,75.58
13.66,13.66,56.46,61.87,76.30
10.78,10.78,58.85,62.10,76.71
11.57,11.57,64.29,58.43,74.06
19.11,19.11,73.35,58.54,73.17
8.06,8.06,85.07,65.33,71.22
3.80,3.80,83.96,65.82,72.42
7.30,7.30,76.86,66.65,73.44
9.64,9.64,72.64,70.42,74.48
11.89,11.89,69.91,72.57,75.18
13.31,13.31,71.84,75.78,73.77
13.88,13.88,69.64,75.65,73.58
6.53,6.53,67.48,75.81,74.71
4.91,4.91,63.64,74.93,76.39
9.24,9.24,61.71,75.53,74.77
13.44,13.44,58.24,76.53,77.74
14.98,14.98,56.08,77.36,76.18
13.31,13.31,54.23,78.33,75.09
11.49,11.49,48.36,78.04,75.97
10.90,10.90,50.26,77.57,74.48
10.23,10.23,49.13,76.10,75.01
10.57,10.57,60.10,76.39,72.72
16.30,16.30,69.12,78.57,72.33
20.63,20.63,67.04,79.08,74.92
19.86,19.86,65.77,78.63,74.10
17.08,17.08,66.24,75.39,73.92
14.24,14.24,65.37,72.67,73.89
10.18,10.18,65.17,67.94,73.85
10.70,10.70,64.09,60.34,72.51
13.12,13.12,61.81,57.83,73.03
10.65,10.65,62.45,58.63,71.18
11.53,11.53,62.90,53.84,72.98
12.93,12.93,62.97,55.94,73.60
12.34,12.34,61.95,49.59,76.04
17.01,17.01,60.71,53.82,75.15
8.86,8.86,61.62,53.72,74.49
8.01,8.01,60.80,48.68,73.71
7.50,7.50,60.96,52.10,73.93
13.31,13.31,68.03,48.23,75.45
9.26,9.26,82.99,61.63,74.09
9.92,9.92,84.72,67.54,72.15
13.67,13.67,75.28,62.46,74.79
17.11,17.11,69.61,73.65,75.28
21.52,21.52,69.78,74.21,74.89
20.00,20.00,57.68,75.01,74.60
19.86,19.86,70.09,74.52,74.19
21.08,21.08,74.78,76.05,73.53
24.68,24.68,72.76,76.66,74.50
25.49,25.49,69.52,77.31,75.17
22.53,22.53,59.07,76.42,75.67
21.22,21.22,57.48,74.77,74.49
21.09,21.09,58.84,77.09,75.83
23.11,23.11,48.41,76.01,75.12
22.70,22.70,40.18,75.38,74.26
18.13,18.13,47.07,75.26,73.96
15.48,15.48,47.18,77.52,74.37
12.77,12.77,55.99,80.14,73.93
18.18,18.18,66.38,77.86,74.97
21.13,21.13,66.82,73.26,74.94
20.60,20.60,65.70,73.79,75.37
19.31,19.31,65.28,69.19,75.90
19.78,19.78,64.23,56.02,74.41
18.02,18.02,64.66,64.78,75.04
19.68,19.68,63.58,61.40,74.99
22.10,22.10,62.47,56.30,76.25
19.09,19.09,60.95,59.92,74.99
14.81,14.81,60.75,58.26,77.62
11.69,11.69,60.87,58.54,75.91
11.07,11.07,60.60,56.81,75.29
11.18,11.18,58.27,51.21,74.59
10.07,10.07,57.51,59.58,73.94
5.59,5.59,62.04,58.82,75.68
11.19,11.19,68.91,61.69,74.94
15.75,15.75,73.09,56.52,75.01
7.16,7.16,83.00,60.96,72.06
16.38,16.38,84.13,62.44,72.93
10.86,10.86,76.96,69.97,73.53
8.23,8.23,78.42,73.06,73.15
7.36,7.36,72.95,73.88,73.70
11.24,11.24,75.99,74.66,75.46
11.03,11.03,72.61,69.37,72.79
7.92,7.92,66.17,70.32,73.98
9.70,9.70,62.73,73.25,74.69
14.88,14.88,58.60,76.69,74.86
18.82,18.82,55.99,74.13,75.16
18.64,18.64,57.40,67.24,74.68
20.66,20.66,50.03,69.67,74.61
19.57,19.57,45.49,76.25,72.77
16.62,16.62,44.83,75.20,74.30
11.69,11.69,52.13,76.82,74.64
10.33,10.33,57.74,74.15,75.08
19.46,19.46,66.89,76.14,73.50
14.43,14.43,66.97,75.13,74.15
13.90,13.90,66.38,76.46,76.40
12.79,12.79,64.35,74.32,75.20
10.74,10.74,64.92,75.94,75.44
9.20,9.20,63.83,75.55,75.83
13.65,13.65,62.99,75.04,74.68
12.67,12.67,61.03,74.08,73.85
17.13,17.13,60.93,75.22,74.32
16.96,16.96,60.51,75.41,75.30
15.43,15.43,61.52,75.58,74.79
10.96,10.96,61.30,75.50,75.62
6.92,6.92,60.02,74.60,74.96
10.03,10.03,57.99,74.91,74.95
12.02,12.02,57.86,73.68,74.80
11.75,11.75,62.85,72.71,73.28
11.65,11.65,73.20,66.98,70.72
15.33,15.33,82.66,57.66,71.83
10.62,10.62,86.49,62.98,68.13
13.56,13.56,83.30,65.48,68.94
17.11,17.11,72.74,77.37,69.72
18.05,18.05,70.90,75.62,70.64
18.26,18.26,65.41,75.19,71.10
19.26,19.26,75.48,76.53,70.02
17.61,17.61,72.88,76.57,73.81
17.36,17.36,66.02,74.27,74.35
18.03,18.03,56.88,73.69,72.93
19.62,19.62,41.52,74.71,73.98
17.72,17.72,42.44,73.96,73.15
15.50,15.50,45.76,75.78,70.91
17.79,17.79,55.07,77.10,69.35
18.87,18.87,51.98,77.17,72.01
17.80,17.80,50.03,75.87,75.34
14.88,14.88,59.01,74.58,74.81
18.01,18.01,67.53,73.12,75.68
22.52,22.52,67.28,73.56,76.19
24.55,24.55,66.10,75.41,75.66
22.92,22.92,65.92,75.25,76.26
17.41,17.41,65.88,69.90,75.45
18.39,18.39,64.37,70.16,76.37
17.49,17.49,61.88,70.84,77.81
21.87,21.87,61.97,66.21,75.81
16.99,16.99,62.31,64.16,75.67
19.24,19.24,61.64,64.84,76.11
14.61,14.61,62.88,65.68,74.77
15.19,15.19,61.31,65.52,74.53
17.95,17.95,59.76,66.23,74.58
19.35,19.35,59.19,66.64,73.71
22.64,22.64,59.44,64.02,74.73
22.96,22.96,64.59,58.11,75.02
19.30,19.30,71.88,54.36,74.72
10.37,10.37,83.49,59.92,73.04
5.85,5.85,83.90,68.03,74.80
11.76,11.76,78.15,68.77,74.96
9.45,9.45,78.91,70.67,75.66
5.03,5.03,74.01,70.74,76.34
10.22,10.22,72.87,72.55,76.93
10.62,10.62,74.64,71.09,77.37
8.60,8.60,68.27,73.21,75.29
2.83,2.83,62.29,74.17,75.56
3.86,3.86,60.89,72.87,76.35
8.04,8.04,59.56,74.29,76.44
11.82,11.82,55.99,74.47,75.87
17.13,17.13,52.89,74.18,75.85
21.00,21.00,51.58,75.30,75.67
19.81,19.81,48.46,74.81,75.59
16.59,16.59,47.82,75.23,75.40
13.23,13.23,54.78,74.23,75.70
18.65,18.65,66.54,77.83,74.15
19.33,19.33,65.83,78.73,76.80
19.75,19.75,65.87,77.98,75.98
14.88,14.88,64.97,67.24,76.07
18.32,18.32,65.10,75.02,74.44
17.50,17.50,63.15,75.14,75.46
13.64,13.64,63.53,68.60,76.42
10.54,10.54,62.88,69.95,75.81
12.75,12.75,63.04,72.40,76.08
19.40,19.40,62.66,72.19,76.56
17.15,17.15,61.27,73.58,75.61
20.80,20.80,61.72,72.21,76.38
18.15,18.15,61.50,72.72,76.14
17.34,17.34,61.32,71.40,76.50
16.33,16.33,61.21,70.51,75.99
18.46,18.46,64.23,65.41,74.18
17.43,17.43,68.94,54.59,75.78
14.12,14.12,80.67,60.99,74.90
13.77,13.77,85.49,66.92,75.50
14.40,14.40,82.74,66.61,75.42
17.58,17.58,72.78,72.55,76.59
19.23,19.23,75.16,72.02,76.12
20.91,20.91,71.50,73.60,77.03
22.47,22.47,76.11,75.32,76.94
20.18,20.18,75.64,75.46,76.63
17.57,17.57,77.09,75.38,75.79
16.08,16.08,74.42,76.62,76.49
15.72,15.72,69.98,77.27,76.47
15.04,15.04,64.74,78.34,74.22
14.21,14.21,56.33,77.50,74.00
10.59,10.59,56.89,76.92,74.23
15.72,15.72,51.89,76.41,77.24
11.29,11.29,51.52,77.37,76.31
7.04,7.04,51.81,75.72,74.67
17.27,17.27,66.67,62.91,77.53
12.35,12.35,66.10,78.24,76.70
14.55,14.55,64.95,76.93,76.72
17.03,17.03,64.73,72.82,76.79
19.82,19.82,63.34,68.09,75.37
18.54,18.54,61.55,73.05,75.75
15.53,15.53,62.17,73.45,76.95
13.28,13.28,61.74,69.00,77.72
12.44,12.44,60.77,72.02,77.12
10.13,10.13,57.48,71.56,77.83
9.88,9.88,58.86,70.97,77.38
14.78,14.78,58.16,72.25,77.09
17.49,17.49,55.99,71.41,77.95
16.18,16.18,55.10,71.30,76.85
14.09,14.09,57.91,72.50,77.40
11.84,11.84,64.28,69.36,76.69
5.32,5.32,73.68,60.57,77.21
7.70,7.70,76.94,61.31,74.11
10.12,10.12,84.77,66.89,70.69
10.70,10.70,84.17,65.93,72.82
10.87,10.87,79.31,66.43,74.17
11.94,11.94,73.59,70.31,76.70
10.36,10.36,68.80,73.03,76.34
11.14,11.14,70.35,75.47,75.14
14.96,14.96,71.26,73.75,74.81
13.80,13.80,67.68,72.19,75.43
9.78,9.78,62.54,71.78,74.18
6.27,6.27,59.90,67.62,75.13
10.53,10.53,58.93,72.99,76.32
11.87,11.87,61.18,75.62,76.89
11.39,11.39,56.32,73.84,76.17
10.79,10.79,52.10,70.63,75.00
7.19,7.19,56.68,73.24,73.66
4.40,4.40,59.04,74.14,72.53
6.54,6.54,72.10,75.19,73.80
3.13,3.13,75.71,72.64,75.70
5.51,5.51,74.09,72.23,74.60
11.84,11.84,71.78,73.28,75.14
9.68,9.68,71.17,70.61,76.85
12.13,12.13,68.07,73.17,75.57
17.03,17.03,66.83,73.39,75.16
13.91,13.91,68.39,74.44,72.44
5.94,5.94,75.76,76.05,73.26
11.29,11.29,76.41,75.30,76.17
11.11,11.11,73.46,73.75,74.27
8.61,8.61,70.07,74.76,74.44
16.63,16.63,67.93,76.35,75.57
19.29,19.29,66.62,75.73,75.10
20.07,20.07,67.69,73.13,74.07
26.76,26.76,78.76,64.52,73.02
32.40,32.40,85.59,66.27,71.84
42.61,42.61,81.80,58.01,73.61
51.47,51.47,79.89,67.29,74.00
56.51,56.51,78.84,76.47,69.08
57.57,57.57,78.18,78.81,69.63
53.25,53.25,73.95,73.22,69.39
51.48,51.48,71.03,74.75,71.77
49.95,49.95,69.94,76.22,71.43
53.92,53.92,70.14,77.15,71.12
59.38,59.38,71.80,74.22,68.07
77.57,77.57,70.16,73.44,70.40
78.51,78.51,70.14,72.16,68.07
75.59,75.59,70.01,76.26,68.22
76.57,76.57,68.25,76.46,68.03
76.02,76.02,69.39,76.64,69.33
76.14,76.14,69.03,74.31,68.93
74.63,74.63,67.07,72.24,71.73
74.11,74.11,67.50,77.17,70.31
73.28,73.28,67.10,75.82,72.59
72.51,72.51,67.78,73.59,73.81
69.74,69.74,67.12,64.64,73.93
69.93,69.93,67.30,74.28,73.26
68.54,68.54,66.87,70.67,73.24
72.13,72.13,65.69,70.22,73.60
69.82,69.82,66.19,67.72,73.91
64.99,64.99,65.93,63.14,74.08
68.47,68.47,63.92,65.64,71.46
70.83,70.83,61.00,65.11,69.84
70.70,70.70,58.72,61.68,71.21
70.29,70.29,57.98,62.62,69.34
69.12,69.12,58.83,57.20,70.21
70.69,70.69,58.90,58.47,70.83
68.89,68.89,60.39,58.39,73.22
68.44,68.44,63.40,54.59,69.52
67.58,67.58,71.37,62.94,71.19
66.31,66.31,80.90,62.86,71.02
67.82,67.82,84.58,64.85,71.32
72.72,72.72,81.17,67.92,71.42
75.11,75.11,75.54,70.40,72.45
74.34,74.34,73.59,73.63,73.66
76.99,76.99,75.10,76.12,72.07
78.73,78.73,73.05,76.39,72.13
76.74,76.74,72.24,75.72,72.75
71.35,71.35,70.73,74.26,73.18
76.75,76.75,65.49,76.80,72.59
75.23,75.23,61.76,76.47,73.48
74.45,74.45,61.99,78.82,72.89
74.54,74.54,60.13,78.18,71.65
72.86,72.86,61.12,78.70,71.21
74.27,74.27,59.91,77.73,72.75
73.30,73.30,58.34,75.67,73.97
73.01,73.01,60.22,77.37,73.07
72.55,72.55,67.73,79.36,71.48
72.81,72.81,67.65,79.74,68.88
74.64,74.64,67.52,77.32,68.68
72.14,72.14,67.88,69.63,66.59
72.63,72.63,66.33,61.97,64.72
74.86,74.86,67.80,62.72,65.95
73.20,73.20,67.54,62.07,64.17
74.73,74.73,66.63,57.74,71.07
73.77,73.77,65.06,64.63,69.45
71.24,71.24,65.14,54.55,72.15
72.04,72.04,63.85,59.12,69.90
71.06,71.06,62.75,65.08,71.99
69.94,69.94,62.39,62.10,69.81
70.70,70.70,61.72,56.34,70.82
72.13,72.13,61.63,63.30,66.74
71.38,71.38,60.55,60.04,71.55
68.19,68.19,68.20,60.08,69.72
69.08,69.08,81.76,67.01,71.12
68.48,68.48,83.80,64.90,72.17
70.98,70.98,76.03,67.89,73.00
69.42,69.42,76.07,67.49,74.94
69.35,69.35,73.23,69.86,75.14
66.27,66.27,69.57,72.91,75.95
61.61,61.61,74.71,72.89,74.78
70.57,70.57,72.95,74.18,75.24
71.77,71.77,70.13,75.46,74.14
74.44,74.44,67.88,73.54,72.32
75.28,75.28,67.90,74.20,72.73
74.04,74.04,64.31,75.96,71.72
72.60,72.60,53.98,71.65,70.65
73.81,73.81,57.05,76.97,72.51
77.08,77.08,57.16,78.38,73.15
78.91,78.91,59.85,76.15,72.18
79.62,79.62,60.68,78.21,73.15
76.27,76.27,65.65,78.17,73.08
75.09,75.09,66.78,76.13,71.40
70.70,70.70,64.53,78.93,74.59
67.07,67.07,63.79,73.86,74.76
69.56,69.56,63.48,69.53,75.13
70.27,70.27,65.05,67.77,76.42
69.79,69.79,63.58,59.99,74.51
69.52,69.52,61.96,61.81,74.86
75.20,75.20,59.83,61.12,75.34
74.56,74.56,59.03,62.00,73.27
70.49,70.49,59.61,57.75,72.73
71.72,71.72,59.33,63.91,72.57
74.39,74.39,56.95,58.93,73.71
74.79,74.79,56.89,62.31,72.05
75.30,75.30,58.07,60.58,71.92
73.93,73.93,61.38,54.35,73.38
74.07,74.07,68.45,57.76,72.54
66.94,66.94,80.83,64.74,71.54
66.08,66.08,85.70,63.31,71.34
69.34,69.34,82.28,63.77,73.01
71.68,71.68,76.30,69.37,73.49
73.77,73.77,75.79,70.18,72.47
79.46,79.46,72.83,71.44,71.23
71.40,71.40,70.04,74.36,71.93
78.78,78.78,73.19,71.03,70.60
79.11,79.11,68.43,67.87,70.87
76.96,76.96,66.27,67.37,71.88
73.57,73.57,61.71,60.42,71.98
76.97,76.97,59.90,73.47,71.98
77.01,77.01,56.97,70.74,73.00
73.04,73.04,56.85,73.33,72.84
73.17,73.17,53.42,70.92,73.40
77.06,77.06,52.82,73.33,73.01
72.69,72.69,56.24,74.29,73.82
69.91,69.91,63.92,77.14,74.05
75.41,75.41,68.57,73.51,71.74
76.48,76.48,68.95,68.88,72.21
75.36,75.36,67.75,72.07,72.54
73.43,73.43,67.37,76.01,73.21
72.16,72.16,64.90,71.77,75.45
69.80,69.80,64.53,70.58,75.72
72.74,72.74,65.19,72.67,75.20
73.62,73.62,65.47,75.20,73.45
71.50,71.50,65.05,73.28,73.48
73.05,73.05,63.40,75.27,73.65
74.08,74.08,60.65,72.22,73.74
74.04,74.04,60.08,73.25,75.14
72.52,72.52,59.27,74.35,73.27
72.69,72.69,59.80,75.72,72.05
71.53,71.53,62.38,74.60,71.28
67.36,67.36,67.34,65.34,71.30
63.70,63.70,80.95,64.77,70.86
59.58,59.58,84.10,61.13,69.09
59.62,59.62,76.39,67.51,71.44
59.72,59.72,78.37,66.19,73.09
57.82,57.82,77.88,69.57,73.46
57.08,57.08,70.26,71.03,74.30
54.39,54.39,69.37,74.26,72.52
53.45,53.45,67.56,75.41,73.16
55.20,55.20,63.37,72.96,72.04
67.69,67.69,63.87,75.03,70.42
72.47,72.47,61.33,74.00,71.96
71.54,71.54,52.73,76.23,70.93
72.63,72.63,48.67,75.16,72.87
73.03,73.03,54.41,73.97,70.14
71.74,71.74,54.10,74.61,68.41
72.29,72.29,46.75,75.15,68.89
71.12,71.12,52.18,74.09,73.72
69.75,69.75,60.44,69.82,73.23
74.37,74.37,67.21,75.94,72.11
75.15,75.15,68.11,68.20,72.45
75.88,75.88,67.11,72.52,72.43
76.47,76.47,65.78,58.36,72.27
74.39,74.39,63.47,63.39,72.32
74.07,74.07,61.95,62.80,70.83
71.31,71.31,58.66,58.67,72.09
69.35,69.35,55.00,55.50,71.95
69.93,69.93,54.17,60.89,72.26
70.40,70.40,50.87,60.98,73.14
69.98,69.98,49.61,57.71,72.88
71.45,71.45,51.03,55.09,71.95
71.08,71.08,48.94,52.61,71.52
70.93,70.93,50.21,54.06,71.79
69.90,69.90,58.78,50.20,72.30
69.81,69.81,66.68,52.35,72.45
71.64,71.64,72.15,56.92,71.76
69.55,69.55,85.11,58.76,70.84
70.91,70.91,83.67,64.57,71.16
74.17,74.17,78.90,72.46,71.74
75.08,75.08,72.87,77.03,71.90
75.52,75.52,70.71,76.70,72.28
75.18,75.18,70.55,74.81,72.26
74.79,74.79,70.87,75.28,72.07
73.20,73.20,72.54,75.58,72.85
74.80,74.80,73.97,76.32,73.49
73.34,73.34,65.44,78.11,73.76
72.77,72.77,61.86,76.32,74.39
73.48,73.48,59.06,78.14,73.97
72.70,72.70,58.50,79.23,73.21
75.27,75.27,59.54,76.57,72.20
73.80,73.80,59.91,76.77,71.94
73.19,73.19,58.87,76.10,72.80
71.13,71.13,56.68,77.63,71.69
73.44,73.44,64.03,71.68,70.17
72.78,72.78,67.36,73.99,68.28
72.00,72.00,66.50,66.47,67.47
73.57,73.57,67.25,63.16,66.66
73.66,73.66,65.39,61.69,69.37
72.41,72.41,64.48,62.41,71.09
72.53,72.53,64.70,64.80,69.19
73.16,73.16,65.84,67.63,68.31
71.98,71.98,63.77,56.45,68.67
71.27,71.27,62.14,59.80,68.62
70.48,70.48,62.50,59.86,67.65
72.50,72.50,60.73,53.38,66.93
72.30,72.30,60.06,55.38,62.12
72.53,72.53,60.98,51.97,67.80
73.67,73.67,60.62,58.13,69.92
70.21,70.21,59.93,51.38,68.50
69.20,69.20,65.03,58.73,72.31
67.23,67.23,79.42,68.61,71.85
67.95,67.95,84.43,64.89,71.28
69.08,69.08,82.26,70.02,72.05
69.65,69.65,76.58,76.25,73.27
66.14,66.14,72.66,74.07,73.50
64.80,64.80,73.58,76.25,73.41
70.58,70.58,74.70,75.02,72.36
76.89,76.89,71.67,75.98,71.86
77.62,77.62,66.36,74.91,70.78
73.65,73.65,61.11,74.10,70.75
73.32,73.32,60.92,76.40,72.94
75.80,75.80,59.83,77.07,69.49
78.48,78.48,55.06,75.90,72.48
78.62,78.62,56.03,77.63,71.05
76.60,76.60,51.03,75.75,71.07
73.78,73.78,47.41,77.60,72.28
76.64,76.64,55.16,78.06,72.96
74.51,74.51,63.39,78.54,72.65
68.22,68.22,67.11,65.28,73.26
67.44,67.44,65.46,68.88,72.65
62.52,62.52,64.71,70.70,72.96
59.66,59.66,64.36,61.95,73.08
65.83,65.83,63.63,66.85,75.60
69.94,69.94,61.96,68.66,73.46
75.25,75.25,60.30,58.47,74.12
76.07,76.07,60.10,57.87,73.60
77.73,77.73,57.97,57.75,74.27
75.41,75.41,59.54,56.77,70.70
72.46,72.46,60.49,58.19,74.36
76.04,76.04,59.04,55.01,72.67
74.36,74.36,58.37,54.55,70.81
77.60,77.60,57.94,57.77,71.30
77.35,77.35,60.95,54.44,69.60
75.58,75.58,68.01,51.77,68.65
74.68,74.68,75.17,63.42,69.23
70.63,70.63,85.03,65.62,68.12
74.25,74.25,82.19,66.29,70.33
75.70,75.70,80.13,65.01,69.85
79.53,79.53,75.31,65.21,67.66
79.11,79.11,76.36,70.72,68.74
77.78,77.78,72.49,69.90,67.86
75.65,75.65,71.77,74.95,68.53
78.93,78.93,71.77,76.59,68.45
78.43,78.43,69.39,70.15,70.29
73.51,73.51,66.33,70.36,71.39
73.81,73.81,64.59,74.12,71.56
79.10,79.10,61.42,77.16,71.32
78.48,78.48,57.42,72.35,71.76
73.16,73.16,54.61,74.75,70.78
76.74,76.74,52.28,76.86,69.61
79.17,79.17,55.23,72.37,69.42
78.52,78.52,62.13,68.21,71.32
77.88,77.88,66.83,71.11,72.60
76.02,76.02,67.00,78.46,72.16
76.40,76.40,65.80,78.23,71.46
77.82,77.82,65.95,77.27,73.81
78.25,78.25,65.56,71.17,72.71
75.59,75.59,64.22,71.41,73.70
72.12,72.12,62.52,72.70,74.26
74.60,74.60,63.87,75.25,74.15
74.92,74.92,63.67,76.54,75.38
75.60,75.60,62.35,74.13,73.27
71.08,71.08,62.52,76.16,71.50
73.17,73.17,61.52,77.32,71.07
64.47,64.47,61.24,75.38,70.34
66.43,66.43,60.31,77.55,70.25
63.23,63.23,60.29,77.01,73.42
63.25,63.25,63.89,74.10,75.96
60.72,60.72,70.48,71.23,72.48
56.86,56.86,82.59,65.24,71.93
58.99,58.99,83.75,73.02,72.62
59.64,59.64,81.34,68.72,71.58
62.08,62.08,72.94,73.04,72.59
66.10,66.10,74.34,69.53,70.68
68.34,68.34,66.54,71.45,71.33
67.29,67.29,73.85,73.62,71.22
67.24,67.24,73.37,75.40,70.98
61.86,61.86,72.23,76.43,68.27
57.04,57.04,57.06,76.36,67.16
66.43,66.43,51.41,75.64,69.26
66.79,66.79,56.63,74.87,68.98
72.64,72.64,55.85,74.26,65.43
75.00,75.00,51.57,74.70,65.85
77.77,77.77,51.10,74.30,65.23
78.77,78.77,50.94,75.82,66.16
75.22,75.22,52.07,75.68,67.59
76.16,76.16,61.21,74.45,71.40
75.80,75.80,64.40,68.37,71.79
76.29,76.29,64.77,69.01,71.57
74.37,74.37,63.84,68.20,73.65
74.62,74.62,63.24,64.36,72.25
74.95,74.95,62.70,65.34,73.65
70.29,70.29,61.70,61.53,72.26
68.18,68.18,59.57,59.90,72.81
66.91,66.91,58.61,59.34,73.26
68.93,68.93,52.88,54.50,73.31
70.64,70.64,49.96,52.06,72.65
71.19,71.19,49.85,50.09,72.81
71.12,71.12,48.20,49.46,73.95
72.85,72.85,49.45,49.43,72.53
71.79,71.79,51.11,47.57,73.68
70.85,70.85,59.50,43.60,72.68
66.39,66.39,66.48,52.50,72.59
70.83,70.83,74.58,47.93,73.02
68.96,68.96,85.41,65.31,69.31
73.02,73.02,84.27,65.05,72.83
75.13,75.13,79.10,67.03,73.58
77.88,77.88,73.37,72.48,73.82
76.87,76.87,75.43,72.18,73.38
72.71,72.71,73.34,72.20,74.20
70.54,70.54,73.49,74.51,72.57
69.97,69.97,73.49,74.14,72.78
72.35,72.35,66.77,72.93,73.20
74.15,74.15,63.28,73.75,73.10
77.37,77.37,59.07,73.77,72.85
77.39,77.39,54.54,76.28,72.19
76.28,76.28,54.48,74.79,73.04
71.93,71.93,51.15,75.55,71.12
71.00,71.00,51.17,76.48,72.70
73.33,73.33,50.97,76.02,71.40
73.18,73.18,54.46,76.37,70.93
75.09,75.09,61.55,79.00,70.61
71.85,71.85,67.75,79.29,70.99
69.95,69.95,68.66,77.65,68.08
70.56,70.56,68.19,74.69,68.34
69.61,69.61,67.19,67.14,68.64
70.19,70.19,65.72,64.67,66.30
71.44,71.44,65.36,67.76,65.33
70.47,70.47,64.25,65.84,66.94
73.73,73.73,65.07,62.82,68.02
72.80,72.80,64.81,55.47,69.75
74.10,74.10,64.17,52.12,69.19
72.83,72.83,63.10,54.49,70.73
70.46,70.46,63.82,48.89,68.92
71.63,71.63,62.85,47.71,66.89
73.31,73.31,63.19,41.61,67.35
68.77,68.77,63.27,50.50,69.80
66.03,66.03,66.44,52.80,70.85
66.09,66.09,78.97,60.61,72.79
65.81,65.81,84.94,62.34,72.89
69.46,69.46,80.86,62.78,75.24
68.32,68.32,74.45,72.24,74.73
67.01,67.01,72.64,71.25,73.68
69.47,69.47,70.80,73.21,73.06
70.58,70.58,67.68,74.41,73.15
71.53,71.53,64.35,75.24,72.81
68.24,68.24,61.40,77.71,72.63
65.92,65.92,65.35,76.42,74.11
63.59,63.59,58.97,74.92,73.16
60.18,60.18,58.31,75.63,73.99
60.48,60.48,53.47,76.47,73.64
59.28,59.28,56.26,76.31,73.75
53.05,53.05,50.41,76.32,73.72
44.86,44.86,48.88,76.52,73.46
44.73,44.73,50.57,74.05,73.97
45.33,45.33,62.56,75.75,73.63
41.84,41.84,68.59,76.45,74.02
41.23,41.23,67.33,72.51,73.77
45.60,45.60,67.33,68.68,72.80
44.37,44.37,65.13,66.77,74.86
40.60,40.60,65.45,57.98,73.28
37.71,37.71,64.09,58.81,73.28
36.20,36.20,63.89,60.00,74.67
35.46,35.46,61.85,56.94,73.93
37.50,37.50,60.67,55.56,73.45
35.29,35.29,59.86,53.29,74.66
35.25,35.25,59.67,43.71,74.11
36.28,36.28,58.55,46.45,74.83
34.18,34.18,57.32,62.01,73.58
33.65,33.65,59.96,59.96,74.01
25.78,25.78,61.01,46.40,72.86
21.10,21.10,70.71,52.59,72.47
17.82,17.82,78.51,59.54,73.34
18.12,18.12,83.46,65.09,70.94
20.30,20.30,80.47,63.11,71.37
19.34,19.34,75.04,64.90,73.61
18.95,18.95,72.99,68.86,73.66
20.69,20.69,71.47,70.53,73.53
24.15,24.15,72.91,71.90,72.85
21.97,21.97,74.83,73.88,74.09
21.72,21.72,74.60,75.55,73.13
22.34,22.34,67.38,75.89,73.77
25.10,25.10,64.86,73.59,74.96
26.98,26.98,60.72,75.43,75.08
24.09,24.09,56.42,76.51,74.12
23.61,23.61,55.65,72.72,75.37
25.56,25.56,51.95,75.19,72.97
24.45,24.45,49.55,72.91,74.23
22.94,22.94,52.93,74.66,73.97
21.60,21.60,64.43,74.03,73.41
17.91,17.91,67.98,74.61,73.71
17.08,17.08,66.70,73.03,74.80
16.11,16.11,66.31,74.37,73.59
12.81,12.81,64.93,73.16,74.62
11.56,11.56,64.82,75.22,73.90
11.86,11.86,63.21,73.79,72.94
14.68,14.68,63.73,74.68,73.53
14.18,14.18,63.03,74.92,73.15
13.30,13.30,61.72,73.97,73.30
17.62,17.62,61.08,74.90,74.89
11.80,11.80,60.91,73.48,73.18
10.13,10.13,60.77,72.64,72.80
11.28,11.28,61.45,74.66,73.10
11.14,11.14,60.36,72.76,73.29
10.04,10.04,61.28,71.76,72.74
11.08,11.08,62.85,72.83,71.74
16.55,16.55,70.96,74.12,72.77
15.41,15.41,82.17,71.68,71.70
7.12,7.12,85.91,71.62,70.80
12.53,12.53,79.66,70.64,71.86
12.69,12.69,76.62,72.14,70.58
17.73,17.73,79.19,73.43,68.55
22.22,22.22,74.44,73.28,68.99
21.19,21.19,70.55,74.04,70.30
19.86,19.86,74.01,73.78,71.39
22.49,22.49,72.30,75.48,72.97
21.25,21.25,56.14,75.37,73.65
21.73,21.73,44.19,74.05,72.52
23.26,23.26,51.78,75.65,73.77
21.33,21.33,53.04,76.11,71.18
22.39,22.39,48.73,76.89,70.62
16.53,16.53,46.31,76.78,72.54
10.39,10.39,46.83,75.84,72.03
12.34,12.34,60.11,76.27,74.57
15.98,15.98,67.38,75.31,76.04
23.31,23.31,66.62,73.86,75.65
23.40,23.40,64.88,75.36,75.16
26.34,26.34,65.78,61.70,75.48
25.91,25.91,65.01,68.00,74.74
19.23,19.23,64.81,60.43,74.14
20.23,20.23,64.68,65.60,74.72
21.52,21.52,63.57,54.23,73.34
26.91,26.91,62.38,54.92,74.94
28.24,28.24,61.62,52.87,75.42
28.29,28.29,63.49,55.22,75.73
24.66,24.66,62.21,52.52,75.27
27.05,27.05,60.80,50.59,75.54
36.39,36.39,60.45,50.71,74.80
48.36,48.36,62.19,49.70,75.49
57.17,57.17,70.43,50.48,73.75
61.19,61.19,79.03,60.16,70.98
62.52,62.52,84.49,66.83,70.63
64.51,64.51,79.46,71.66,71.60
63.06,63.06,77.22,68.80,72.27
64.56,64.56,77.18,71.38,70.49
62.13,62.13,74.92,75.52,70.02
66.16,66.16,73.06,74.35,73.35
64.58,64.58,74.21,75.68,73.70
60.81,60.81,71.35,75.84,72.30
63.91,63.91,66.24,76.62,72.30
66.10,66.10,64.76,76.24,73.87
65.95,65.95,64.47,75.05,73.53
65.68,65.68,63.59,74.26,73.82
66.41,66.41,61.84,74.58,73.01
66.39,66.39,60.21,76.07,71.62
66.62,66.62,59.12,74.40,72.93
65.27,65.27,59.45,74.70,70.16
64.66,64.66,62.16,68.03,70.42
63.38,63.38,67.58,68.87,71.03
63.90,63.90,67.50,75.11,72.92
59.13,59.13,67.37,73.63,71.73
57.94,57.94,65.48,67.90,71.61
55.15,55.15,64.37,63.17,69.63
57.26,57.26,64.83,64.27,70.15
51.75,51.75,63.95,68.72,68.21
49.27,49.27,64.37,66.21,68.20
52.77,52.77,63.87,60.10,70.85
57.42,57.42,60.07,61.92,71.46
64.36,64.36,57.06,63.31,71.66
70.63,70.63,50.96,63.15,71.82
71.47,71.47,49.88,58.28,70.73
76.00,76.00,56.54,57.06,70.18
74.11,74.11,63.71,55.81,70.16
72.72,72.72,68.29,54.68,69.42
67.06,67.06,80.75,59.05,69.36
66.25,66.25,85.83,65.13,71.65
69.67,69.67,75.37,68.93,73.72
68.97,68.97,76.78,75.22,74.09
68.41,68.41,62.61,75.28,75.04
70.14,70.14,69.54,75.07,74.79
71.23,71.23,69.34,75.52,74.28
70.84,70.84,71.86,75.42,74.34
73.23,73.23,72.95,74.34,72.80
69.66,69.66,67.57,74.58,72.86
69.25,69.25,65.79,73.86,72.15
67.69,67.69,68.06,74.95,72.35
71.80,71.80,57.00,75.27,72.46
73.42,73.42,51.81,74.65,73.50
69.78,69.78,55.97,75.72,73.50
71.62,71.62,54.22,76.96,72.34
73.13,73.13,52.53,74.23,71.59
68.94,68.94,54.47,76.43,70.34
69.11,69.11,62.12,74.42,72.53
70.38,70.38,67.72,73.94,73.31
71.65,71.65,66.45,66.07,75.07
71.55,71.55,64.95,62.51,74.39
68.49,68.49,65.34,62.25,76.05
65.43,65.43,65.10,68.52,74.57
65.26,65.26,62.94,63.03,74.50
69.10,69.10,63.26,70.23,73.58
67.88,67.88,62.34,70.10,72.53
66.41,66.41,62.20,66.65,72.79
66.99,66.99,60.65,68.60,74.63
63.33,63.33,59.85,65.86,73.84
65.51,65.51,57.43,68.19,74.45
71.82,71.82,56.06,67.40,74.33
72.49,72.49,57.45,67.93,73.30
69.83,69.83,60.58,67.39,73.84
68.82,68.82,67.30,59.13,73.09
68.21,68.21,73.52,60.60,73.49
66.10,66.10,84.39,64.08,70.80
65.42,65.42,85.13,61.34,70.22
67.57,67.57,79.55,70.09,71.77
71.72,71.72,76.40,74.56,73.26
71.67,71.67,72.60,74.48,74.39
69.31,69.31,71.97,74.98,74.77
69.48,69.48,71.85,74.65,74.68
72.07,72.07,72.07,76.00,71.49
70.12,70.12,73.81,71.90,74.34
72.53,72.53,69.88,68.44,74.14
69.53,69.53,60.51,77.17,74.66
69.25,69.25,55.86,76.51,74.17
72.38,72.38,60.33,74.79,72.69
74.11,74.11,62.50,74.93,70.95
70.51,70.51,59.86,76.81,72.37
72.67,72.67,62.02,77.62,70.91
69.40,69.40,69.74,77.64,72.59
71.97,71.97,72.98,75.09,72.17
74.82,74.82,72.48,77.00,72.12
75.55,75.55,70.84,74.23,74.64
76.46,76.46,69.38,73.36,73.09
76.83,76.83,67.56,75.26,71.75
77.01,77.01,66.02,75.97,74.49
75.61,75.61,64.35,78.87,71.37
74.56,74.56,64.80,76.83,71.43
75.64,75.64,69.30,77.20,72.35
76.20,76.20,71.74,73.87,72.35
71.66,71.66,71.99,76.59,72.09
75.13,75.13,69.89,75.30,72.28
76.98,76.98,66.69,78.58,72.32
73.84,73.84,65.96,77.19,72.13
73.12,73.12,65.63,78.22,70.14
75.44,75.44,70.95,73.93,68.92
72.13,72.13,83.07,73.87,70.93
69.66,69.66,84.14,73.43,71.22
74.73,74.73,77.88,73.49,69.78
74.79,74.79,77.69,74.67,68.09
74.86,74.86,77.52,76.53,68.34
76.85,76.85,75.86,77.79,68.73
75.11,75.11,71.46,78.07,66.40
72.83,72.83,71.57,78.35,67.51
75.23,75.23,71.59,77.07,69.11
71.19,71.19,70.38,75.14,68.18
72.95,72.95,71.03,75.06,69.78
70.13,70.13,70.79,78.43,69.40
64.50,64.50,70.98,77.71,66.34
62.03,62.03,70.25,73.60,68.09
63.44,63.44,71.07,75.41,68.38
66.45,66.45,71.46,77.13,67.44
74.97,74.97,69.20,77.34,68.66
76.95,76.95,67.69,76.35,68.15
75.06,75.06,67.92,67.16,69.61
74.99,74.99,68.10,69.54,70.76
74.82,74.82,68.29,64.66,71.42
76.54,76.54,67.96,62.97,71.95
75.08,75.08,67.15,65.46,72.75
75.67,75.67,67.47,66.89,72.01
75.27,75.27,66.06,65.95,70.81
75.81,75.81,66.20,58.84,70.02
75.22,75.22,65.58,58.08,71.17
73.70,73.70,64.38,59.59,71.00
75.12,75.12,65.14,57.52,68.83
76.61,76.61,66.33,56.88,68.70
67.60,67.60,65.15,55.87,71.35
62.23,62.23,66.84,53.47,71.43
66.78,66.78,66.45,55.72,71.42
66.17,66.17,66.65,53.70,69.15
71.25,71.25,68.53,55.64,69.30
69.42,69.42,73.67,59.55,70.22
65.58,65.58,85.79,61.01,69.08
70.26,70.26,82.65,72.03,70.71
72.11,72.11,79.02,74.94,72.08
73.94,73.94,73.89,76.53,71.27
75.42,75.42,72.40,74.18,70.73
76.81,76.81,73.16,76.58,69.73
75.16,75.16,72.89,77.09,71.33
74.69,74.69,71.91,75.09,72.31
72.51,72.51,70.24,75.68,73.34
71.87,71.87,63.36,74.99,74.37
72.01,72.01,62.66,77.39,73.68
73.82,73.82,63.33,76.60,73.26
74.71,74.71,62.02,74.70,74.38
74.64,74.64,61.68,76.73,74.20
75.64,75.64,62.03,76.26,71.93
76.36,76.36,64.14,76.22,72.64
74.78,74.78,66.52,79.17,72.24
73.55,73.55,69.57,77.78,69.94
74.52,74.52,69.15,80.11,70.32
72.81,72.81,67.57,80.04,66.96
72.39,72.39,66.64,79.12,68.33
72.22,72.22,67.82,79.26,69.40
70.98,70.98,66.50,75.09,68.47
71.06,71.06,66.21,61.48,69.76
67.80,67.80,64.74,61.09,69.68
66.39,66.39,63.67,57.60,69.69
61.93,61.93,65.11,58.17,69.71
62.36,62.36,64.55,57.88,70.20
61.68,61.68,63.43,54.54,70.51
62.51,62.51,61.33,49.39,70.34
64.47,64.47,62.71,49.45,67.41
70.81,70.81,63.46,59.31,70.26
74.35,74.35,60.98,53.58,68.54
73.07,73.07,72.71,64.84,70.63
71.08,71.08,85.39,66.02,70.01
73.77,73.77,81.49,68.26,71.06
76.00,76.00,75.78,72.14,72.43
72.13,72.13,74.01,66.87,73.50
74.47,74.47,70.32,74.65,73.93
73.40,73.40,74.12,75.32,74.97
67.81,67.81,75.56,72.81,74.84
66.73,66.73,72.30,74.85,73.53
67.67,67.67,70.29,68.21,72.60
65.78,65.78,68.64,68.88,73.59
59.52,59.52,67.60,76.28,74.14
55.19,55.19,64.00,71.67,73.93
57.48,57.48,59.46,75.36,75.07
62.75,62.75,59.53,77.90,73.56
68.44,68.44,60.40,77.25,74.26
72.75,72.75,61.06,78.17,74.27
71.64,71.64,67.32,77.20,73.92
67.39,67.39,73.07,77.66,73.35
61.37,61.37,70.99,77.27,73.68
54.15,54.15,66.34,71.76,73.99
51.60,51.60,65.00,67.59,75.87
55.90,55.90,65.98,62.37,74.67
59.59,59.59,67.80,59.20,73.42
67.86,67.86,70.11,59.12,71.69
73.16,73.16,65.32,64.32,73.38
78.25,78.25,60.66,60.58,72.50
76.81,76.81,60.49,63.11,73.75
75.13,75.13,63.04,64.90,73.12
75.61,75.61,60.45,59.89,72.75
73.82,73.82,59.26,60.22,73.16
73.97,73.97,60.35,58.60,72.78
74.38,74.38,62.59,59.56,74.68
72.88,72.88,66.69,58.51,72.41
70.99,70.99,75.21,60.16,72.44
69.26,69.26,84.59,64.03,70.43
69.37,69.37,82.60,64.92,69.67
71.73,71.73,78.28,72.82,67.90
74.17,74.17,74.86,73.11,69.87
73.58,73.58,77.54,69.72,70.46
75.32,75.32,71.83,72.26,69.25
74.23,74.23,69.94,74.07,70.58
75.30,75.30,72.85,71.22,69.29
77.00,77.00,67.47,71.46,69.22
75.38,75.38,63.04,60.84,70.01
73.25,73.25,63.76,59.16,70.92
75.10,75.10,60.29,72.25,72.36
75.37,75.37,53.64,70.10,72.65
76.27,76.27,51.20,68.41,70.36
73.74,73.74,54.84,76.92,72.75
74.43,74.43,52.34,75.21,71.27
73.80,73.80,57.46,75.31,72.62
75.62,75.62,64.35,77.81,72.01
72.50,72.50,68.71,76.56,71.58
77.83,77.83,68.06,70.53,72.04
69.42,69.42,66.11,72.02,73.00
72.54,72.54,64.50,75.75,73.54
71.94,71.94,65.46,77.26,72.59
72.59,72.59,64.33,75.46,72.32
73.08,73.08,62.58,73.32,71.72
69.68,69.68,62.47,75.01,71.35
68.74,68.74,62.00,75.38,72.09
63.29,63.29,61.17,73.45,71.97
60.40,60.40,59.54,74.08,74.08
62.55,62.55,58.38,74.01,74.53
64.14,64.14,59.36,75.06,72.37
60.35,60.35,60.07,72.39,72.42
59.19,59.19,65.95,68.98,73.10
58.94,58.94,71.80,72.92,72.59
62.32,62.32,84.21,71.74,71.04
65.37,65.37,83.98,71.19,72.25
66.93,66.93,78.28,74.25,71.72
66.72,66.72,76.24,75.66,70.92
66.54,66.54,73.20,75.75,71.11
60.77,60.77,72.36,77.89,72.34
55.02,55.02,70.39,76.78,69.65
59.45,59.45,57.90,72.67,72.32
60.62,60.62,54.22,75.75,71.69
57.24,57.24,56.75,75.32,72.24
58.36,58.36,57.02,78.49,71.56
60.98,60.98,43.90,77.08,70.49
68.07,68.07,54.86,70.79,71.67
72.50,72.50,58.40,75.04,66.93
77.23,77.23,53.03,73.97,70.41
73.89,73.89,54.95,74.36,71.60
72.87,72.87,60.14,78.56,70.49
75.05,75.05,65.23,80.91,71.79
74.21,74.21,66.69,79.05,72.16
71.98,71.98,66.50,76.76,73.11
71.16,71.16,66.55,68.15,72.45
73.39,73.39,64.70,60.76,72.74
72.65,72.65,63.86,59.64,71.53
70.91,70.91,62.30,58.44,73.54
72.95,72.95,62.58,61.57,73.77
72.64,72.64,62.12,61.75,73.78
64.04,64.04,59.90,62.50,73.50
59.26,59.26,59.71,63.00,71.34
61.51,61.51,60.90,63.02,71.76
62.29,62.29,59.65,61.35,73.35
60.36,60.36,59.30,60.89,73.36
58.44,58.44,59.58,61.19,72.76
54.96,54.96,61.93,56.09,73.91
58.54,58.54,68.41,64.51,74.99
62.98,62.98,78.75,68.73,71.91
67.37,67.37,84.58,66.16,71.00
72.42,72.42,80.71,67.56,71.40
72.21,72.21,75.74,68.59,72.06
70.25,70.25,73.48,76.37,71.31
71.20,71.20,71.70,74.53,73.73
71.56,71.56,70.51,76.09,73.52
72.37,72.37,71.56,73.24,73.14
75.76,75.76,74.91,74.48,73.60
74.23,74.23,70.18,77.15,74.48
74.80,74.80,61.71,74.40,73.73
75.84,75.84,62.11,75.47,73.55
75.91,75.91,59.61,76.35,72.79
74.71,74.71,60.32,76.59,71.94
72.29,72.29,61.07,77.63,72.16
71.08,71.08,58.72,76.17,72.64
72.04,72.04,59.65,76.70,69.15
70.85,70.85,63.72,72.07,68.62
72.38,72.38,70.49,69.57,68.76
73.16,73.16,70.15,77.34,67.11
73.85,73.85,67.69,76.02,66.79
74.39,74.39,67.62,66.02,67.12
73.55,73.55,66.78,67.35,65.95
74.09,74.09,65.87,65.97,66.74
70.92,70.92,66.15,68.00,67.50
70.44,70.44,66.98,65.54,70.27
67.74,67.74,66.01,64.36,71.40
65.29,65.29,63.93,61.84,71.66
60.44,60.44,62.67,64.42,68.83
61.17,61.17,63.38,64.77,69.26
62.18,62.18,62.58,63.22,66.82
64.60,64.60,62.13,63.86,70.97
59.67,59.67,61.61,58.46,68.99
61.73,61.73,63.78,56.52,71.67
66.56,66.56,70.61,58.28,73.34
68.06,68.06,85.15,63.10,71.70
67.62,67.62,84.60,71.35,73.51
72.50,72.50,79.32,71.33,71.80
74.07,74.07,74.85,76.66,72.43
74.61,74.61,75.10,76.59,73.10
75.04,75.04,74.26,75.37,72.12
74.18,74.18,72.91,76.86,73.32
71.10,71.10,68.29,74.21,72.75
67.92,67.92,63.68,74.39,74.20
69.17,69.17,55.84,75.55,75.48
69.99,69.99,61.17,73.00,74.76
67.03,67.03,56.76,75.60,73.87
62.77,62.77,53.09,70.06,72.34
61.31,61.31,54.72,73.72,72.15
65.04,65.04,56.34,75.69,73.16
70.51,70.51,58.45,75.03,73.14
69.62,69.62,61.08,76.63,74.29
69.25,69.25,67.86,76.72,73.49
69.16,69.16,67.80,67.92,75.09
59.38,59.38,66.29,71.66,73.11
55.33,55.33,65.50,70.46,74.36
57.91,57.91,65.07,65.56,74.30
62.53,62.53,65.67,61.99,72.71
69.14,69.14,62.23,61.58,73.40
74.69,74.69,60.17,62.33,74.16
75.04,75.04,60.27,63.73,72.96
71.59,71.59,60.89,60.54,72.20
71.30,71.30,61.53,60.91,73.83
74.87,74.87,59.65,59.59,71.70
74.45,74.45,58.21,55.03,70.46
76.57,76.57,58.58,54.90,69.79
76.43,76.43,57.96,56.55,68.65
74.39,74.39,60.87,51.53,69.88
75.17,75.17,68.15,55.93,69.13
73.86,73.86,80.84,64.47,69.62
72.74,72.74,83.84,61.67,68.78
73.56,73.56,80.97,72.00,68.83
71.34,71.34,78.79,67.94,68.78
71.47,71.47,75.29,72.92,68.76
74.75,74.75,72.36,74.37,69.06
74.49,74.49,73.30,67.26,67.92
74.07,74.07,72.06,75.04,70.69
74.64,74.64,72.21,71.68,70.17
72.61,72.61,69.85,70.03,71.57
78.08,78.08,63.86,69.28,72.59
74.51,74.51,63.38,71.76,73.67
74.79,74.79,61.91,67.53,71.95
74.56,74.56,61.97,70.80,70.66
74.52,74.52,57.47,70.68,71.14
74.16,74.16,53.39,71.77,70.72
74.14,74.14,55.63,71.53,71.98
73.63,73.63,65.48,75.54,72.88
73.19,73.19,65.57,73.63,75.20
73.79,73.79,65.18,68.40,73.68
72.53,72.53,65.60,75.40,71.81
73.82,73.82,64.68,76.17,71.72
73.17,73.17,66.47,73.79,72.78
75.18,75.18,64.49,73.53,72.21
72.74,72.74,63.97,72.22,69.84
72.56,72.56,64.26,68.44,71.85
73.23,73.23,61.86,73.56,71.88
70.76,70.76,60.46,73.94,71.66
71.81,71.81,61.41,72.33,73.46
71.73,71.73,59.29,72.74,74.28
71.89,71.89,60.40,74.13,73.72
66.03,66.03,59.80,73.60,73.41
61.88,61.88,60.65,68.93,73.34
61.13,61.13,66.72,65.54,71.67
59.40,59.40,75.33,64.52,71.16
57.46,57.46,85.78,66.69,68.72
59.88,59.88,82.19,63.72,69.09
62.26,62.26,76.45,68.21,70.72
64.73,64.73,67.33,71.61,69.60
66.01,66.01,69.43,72.76,69.66
69.19,69.19,69.47,73.80,70.11
69.28,69.28,75.24,75.11,70.36
66.49,66.49,73.54,76.08,70.46
66.52,66.52,64.56,77.78,72.00
66.49,66.49,57.99,75.38,73.66
64.63,64.63,57.02,74.12,72.86
62.23,62.23,56.43,74.93,70.89
61.86,61.86,52.94,76.78,68.22
67.35,67.35,48.52,75.58,68.86
73.00,73.00,54.96,75.58,69.58
76.77,76.77,58.24,75.90,69.41
77.49,77.49,59.95,77.05,68.75
76.36,76.36,65.93,79.81,70.46
76.40,76.40,66.08,77.82,71.45
76.92,76.92,65.07,74.48,72.26
78.95,78.95,65.12,69.88,73.42
75.08,75.08,65.32,64.66,74.27
77.17,77.17,63.80,61.92,73.30
74.72,74.72,62.78,64.62,73.86
73.44,73.44,61.99,64.76,71.74
76.23,76.23,61.38,60.48,73.03
79.29,79.29,61.06,58.91,72.08
75.93,75.93,60.21,57.64,73.51
64.56,64.56,59.12,58.11,74.32
61.97,61.97,60.26,58.24,73.01
63.02,63.02,59.68,57.19,71.88
63.72,63.72,58.97,54.65,73.01
68.89,68.89,62.77,52.43,73.94
72.44,72.44,71.11,56.19,72.28
73.81,73.81,79.20,64.84,70.06
74.26,74.26,84.40,68.82,71.43
73.72,73.72,78.81,69.61,69.87
76.18,76.18,76.72,73.14,71.78
74.25,74.25,73.55,71.51,72.11
76.23,76.23,68.56,70.66,72.76
77.83,77.83,69.51,71.55,72.37
76.62,76.62,69.07,72.16,71.76
78.52,78.52,70.83,75.24,72.11
75.94,75.94,67.18,75.96,71.18
78.53,78.53,61.66,76.47,73.05
75.46,75.46,60.11,76.09,71.91
77.94,77.94,57.06,76.08,70.95
78.31,78.31,55.30,75.09,70.69
78.36,78.36,54.35,74.07,71.32
77.68,77.68,52.17,75.38,70.51
77.27,77.27,52.98,76.21,71.36
74.79,74.79,56.04,72.59,68.83
75.41,75.41,66.61,71.53,67.82
77.40,77.40,67.50,70.28,68.49
81.13,81.13,67.22,74.01,65.79
78.30,78.30,66.52,73.41,66.11
73.04,73.04,65.15,71.88,66.97
74.09,74.09,64.32,68.49,66.21
72.77,72.77,65.33,61.79,66.92
69.47,69.47,65.04,65.11,68.96
66.53,66.53,63.96,54.07,70.34
67.56,67.56,62.97,57.56,69.75
66.21,66.21,60.84,50.56,69.11
70.43,70.43,56.90,55.47,67.04
72.07,72.07,54.44,54.45,66.14
73.07,73.07,53.46,52.32,65.02
71.05,71.05,56.04,53.83,66.13
72.40,72.40,62.45,49.08,67.57
73.55,73.55,68.48,50.19,70.67
69.18,69.18,84.12,65.34,69.92
70.40,70.40,83.53,69.95,71.74
73.59,73.59,82.42,67.94,72.77
73.53,73.53,64.34,71.06,72.17
72.25,72.25,72.47,75.09,73.48
74.25,74.25,69.65,74.59,72.84
74.59,74.59,70.18,74.48,71.98
74.53,74.53,69.34,74.82,72.29
75.40,75.40,57.05,74.64,72.06
76.40,76.40,58.60,73.67,73.59
75.96,75.96,55.89,75.23,73.33
73.06,73.06,55.94,75.82,72.85
73.77,73.77,54.60,74.43,72.49
75.93,75.93,53.32,74.54,72.13
74.30,74.30,51.42,76.13,73.39
73.82,73.82,53.83,73.60,73.96
73.13,73.13,58.32,75.36,72.81
75.15,75.15,67.09,74.93,72.81
73.70,73.70,68.16,77.51,72.58
74.80,74.80,66.93,76.44,74.40
75.11,75.11,65.07,75.93,73.03
76.05,76.05,65.20,71.50,73.32
76.48,76.48,65.37,73.32,72.95
75.14,75.14,62.98,65.46,73.20
74.30,74.30,62.60,61.05,71.99
74.74,74.74,61.49,57.21,72.77
74.98,74.98,60.83,54.49,72.38
73.49,73.49,61.31,52.15,72.69
74.25,74.25,61.03,55.66,71.70
74.23,74.23,59.19,58.63,73.63
74.64,74.64,58.04,55.58,71.73
74.06,74.06,60.38,57.78,71.97
73.87,73.87,65.91,54.53,70.50
68.59,68.59,73.08,47.55,71.12
66.94,66.94,82.36,64.75,70.00
67.44,67.44,84.85,65.28,69.05
72.91,72.91,79.45,64.49,71.46
75.07,75.07,72.59,65.96,70.00
75.58,75.58,71.82,65.99,68.47
77.29,77.29,71.16,68.38,70.17
77.27,77.27,73.09,71.58,70.11
71.93,71.93,73.34,74.95,71.23
71.04,71.04,72.01,76.10,71.41
74.07,74.07,62.07,76.46,72.10
75.59,75.59,62.54,72.46,72.12
70.95,70.95,66.21,74.15,72.09
73.22,73.22,64.51,74.83,70.52
73.53,73.53,60.71,76.51,70.52
71.36,71.36,59.06,72.42,71.81
71.20,71.20,60.88,74.79,72.40
68.54,68.54,61.49,75.63,72.29
66.77,66.77,67.22,74.35,71.75
65.46,65.46,66.51,76.40,72.09
64.09,64.09,65.97,76.65,71.13
65.12,65.12,67.23,78.58,71.85
64.08,64.08,64.31,76.75,71.87
63.76,63.76,63.25,76.09,72.84
60.05,60.05,62.81,75.76,73.66
62.84,62.84,63.75,74.60,72.75
60.97,60.97,63.34,75.41,73.59
57.29,57.29,61.65,75.86,72.04
55.02,55.02,61.50,73.44,72.47
55.48,55.48,61.48,75.29,71.55
55.16,55.16,61.75,75.52,72.52
53.57,53.57,61.25,74.24,72.76
52.43,52.43,61.40,76.33,71.70
51.51,51.51,61.51,76.74,72.49
51.77,51.77,65.62,74.85,69.79
52.42,52.42,72.83,70.46,71.38
51.05,51.05,85.37,72.55,69.08
50.75,50.75,81.95,73.05,71.26
48.65,48.65,79.06,66.68,68.53
46.94,46.94,79.57,66.85,70.12
46.70,46.70,72.34,71.05,70.65
44.78,44.78,71.24,73.73,69.38
45.15,45.15,71.38,75.81,71.18
44.26,44.26,72.63,76.00,73.27
44.97,44.97,68.11,73.94,72.15
39.73,39.73,58.42,73.53,73.05
36.82,36.82,46.95,74.49,73.48
37.15,37.15,52.04,75.17,74.34
36.17,36.17,47.68,76.76,71.36
40.10,40.10,41.73,77.73,71.88
35.88,35.88,54.74,77.56,72.72
33.28,33.28,58.82,76.82,73.13
31.18,31.18,67.62,75.18,75.70
33.13,33.13,66.61,79.12,75.36
33.94,33.94,66.42,80.25,73.71
31.20,31.20,65.38,74.74,73.33
29.10,29.10,65.19,69.62,73.49
25.59,25.59,64.42,71.36,73.86
26.43,26.43,64.04,74.07,72.69
30.01,30.01,63.11,68.11,73.57
27.30,27.30,63.08,67.78,73.23
28.05,28.05,62.04,71.92,73.96
31.31,31.31,62.31,71.54,73.48
29.80,29.80,63.14,68.69,72.91
29.02,29.02,61.73,68.47,72.69
28.56,28.56,60.92,66.87,72.74
25.16,25.16,61.12,65.95,72.22
20.95,20.95,65.46,61.07,71.40
11.87,11.87,72.81,56.57,71.73
10.57,10.57,82.55,60.35,71.22
23.18,23.18,84.79,62.79,69.96
31.08,31.08,80.58,68.27,72.10
35.27,35.27,76.26,68.46,74.19
40.48,40.48,76.13,72.87,73.87
45.28,45.28,73.53,75.90,74.28
49.70,49.70,74.93,74.89,74.64
51.40,51.40,73.15,74.81,73.94
54.49,54.49,69.78,75.19,75.28
51.72,51.72,67.65,74.75,74.83
43.88,43.88,64.72,76.39,73.83
42.95,42.95,64.83,75.95,73.97
46.62,46.62,60.66,74.54,73.42
53.83,53.83,58.19,75.28,72.35
66.09,66.09,57.33,75.41,72.35
70.71,70.71,57.56,76.14,73.69
66.43,66.43,57.41,73.55,72.06
70.85,70.85,63.38,76.04,72.77
70.02,70.02,65.75,69.77,72.31
70.50,70.50,65.47,68.94,72.75
70.39,70.39,65.16,75.47,71.96
68.21,68.21,64.13,71.63,70.52
64.74,64.74,64.12,69.42,71.02
60.37,60.37,63.42,71.86,68.58
53.45,53.45,62.38,71.86,71.58
51.93,51.93,62.32,67.32,72.49
56.80,56.80,59.88,69.17,72.45
62.23,62.23,57.90,67.22,72.95
70.23,70.23,56.11,68.43,73.38
71.37,71.37,52.68,67.85,73.07
75.19,75.19,53.05,69.28,73.36
74.04,74.04,57.37,68.07,71.77
70.77,70.77,65.65,63.53,69.81
68.41,68.41,70.89,59.06,71.39
68.09,68.09,84.77,65.53,71.47
72.42,72.42,83.23,68.20,72.38
71.85,71.85,68.51,69.65,74.63
70.39,70.39,76.79,73.33,75.27
69.97,69.97,59.87,73.53,75.26
66.16,66.16,66.75,74.68,75.40
70.14,70.14,71.59,74.17,74.83
69.55,69.55,72.24,73.56,75.40
70.00,70.00,70.63,73.80,71.58
71.92,71.92,66.87,74.33,72.96
70.33,70.33,65.42,72.73,74.74
70.99,70.99,62.19,72.90,75.22
73.50,73.50,51.17,74.73,74.10
68.96,68.96,48.28,73.85,74.10
66.40,66.40,48.11,75.09,72.50
66.58,66.58,51.47,76.71,73.45
66.96,66.96,51.79,76.49,73.29
68.00,68.00,55.83,74.85,74.88
67.29,67.29,65.58,75.88,75.40
64.61,64.61,66.22,76.16,75.64
61.09,61.09,64.88,71.89,75.54
59.12,59.12,65.62,68.79,75.13
56.35,56.35,64.02,65.54,74.85
58.69,58.69,63.92,74.12,74.35
57.79,57.79,62.29,64.88,75.09
61.39,61.39,62.23,70.28,75.83
60.47,60.47,62.22,70.22,76.65
61.06,61.06,62.09,67.48,76.06
60.01,60.01,62.55,70.52,76.13
57.64,57.64,60.07,70.12,76.24
57.21,57.21,59.41,72.56,76.70
56.13,56.13,58.50,69.54,75.56
55.01,55.01,60.03,69.35,75.37
60.80,60.80,64.78,62.96,77.74
62.43,62.43,71.60,56.04,77.51
60.40,60.40,78.40,65.31,73.96
58.36,58.36,85.51,64.74,72.23
59.36,59.36,82.48,68.74,72.82
61.08,61.08,79.15,66.74,74.45
61.92,61.92,75.23,69.57,73.99
64.21,64.21,70.65,71.13,74.30
66.61,66.61,75.03,72.47,76.02
64.08,64.08,73.69,72.98,75.17
64.60,64.60,73.96,69.31,74.40
65.23,65.23,74.05,68.83,73.87
68.21,68.21,69.34,68.80,74.56
68.34,68.34,59.77,76.43,75.75
67.89,67.89,56.56,74.57,75.65
66.39,66.39,61.38,68.65,73.19
66.83,66.83,62.61,75.81,73.94
69.55,69.55,62.85,74.36,73.82
69.52,69.52,62.16,75.15,73.64
70.82,70.82,69.01,74.16,71.59
70.50,70.50,74.51,66.99,74.29
71.94,71.94,72.90,66.68,75.95
70.62,70.62,69.14,73.76,74.74
74.03,74.03,67.61,75.54,75.22
75.76,75.76,67.63,76.56,72.60
77.42,77.42,65.87,75.25,75.99
74.43,74.43,65.78,74.89,74.03
77.47,77.47,69.01,70.73,70.43
73.00,73.00,72.08,70.77,71.20
76.17,76.17,74.49,75.18,69.81
78.10,78.10,71.17,75.27,70.28
72.10,72.10,70.31,76.69,71.91
78.97,78.97,68.18,73.67,70.39
74.72,74.72,65.84,71.90,71.28
71.95,71.95,68.47,63.37,71.09
71.25,71.25,74.94,65.67,70.45
73.28,73.28,84.36,68.37,69.58
72.87,72.87,79.27,65.78,71.69
72.35,72.35,73.54,65.74,74.50
72.96,72.96,74.31,70.50,74.01
73.87,73.87,75.07,74.57,72.78
74.23,74.23,74.33,74.30,75.07
72.03,72.03,72.89,74.41,76.31
74.78,74.78,71.59,75.06,76.41
76.40,76.40,70.32,70.02,76.01
74.31,74.31,70.08,74.30,74.41
75.62,75.62,70.83,73.31,75.26
73.51,73.51,70.80,71.99,72.50
74.16,74.16,70.95,73.13,73.15
74.79,74.79,71.58,74.25,73.36
74.59,74.59,71.71,76.49,72.03
73.93,73.93,73.31,76.58,72.57
74.25,74.25,72.80,79.55,71.69
72.47,72.47,71.04,81.20,69.58
71.79,71.79,72.38,74.54,71.27
68.17,68.17,70.12,75.39,71.10
60.87,60.87,69.96,71.10,69.79
62.95,62.95,70.01,67.82,67.28
61.67,61.67,68.48,60.32,66.81
58.01,58.01,69.53,61.26,67.48
52.80,52.80,69.76,58.07,66.56
53.64,53.64,68.87,59.27,65.08
53.42,53.42,69.30,62.98,65.58
52.95,52.95,68.87,61.64,63.38
51.70,51.70,69.01,61.27,63.35
53.58,53.58,68.02,57.10,62.18
50.55,50.55,66.99,56.21,59.30
51.28,51.28,67.66,57.93,59.21
44.15,44.15,65.51,56.70,56.77
44.35,44.35,67.97,60.07,62.75
34.34,34.34,71.77,70.17,66.47
30.33,30.33,75.33,70.26,68.51
28.11,28.11,83.43,68.80,70.85
25.51,25.51,83.19,70.90,69.89
24.10,24.10,74.81,73.34,70.48
26.98,26.98,76.30,70.77,72.72
26.51,26.51,72.51,75.54,74.15
26.28,26.28,70.85,78.19,73.84
27.05,27.05,70.49,79.23,73.62
25.48,25.48,66.90,77.81,73.22
25.38,25.38,67.02,76.85,73.70
28.92,28.92,64.16,78.29,72.96
34.41,34.41,62.82,79.37,71.74
31.32,31.32,62.18,79.52,72.35
27.16,27.16,59.57,77.25,72.89
23.59,23.59,58.78,78.95,72.40
25.16,25.16,59.73,79.20,74.18
23.82,23.82,59.78,79.02,75.65
15.82,15.82,62.76,79.90,75.68
20.72,20.72,68.58,73.14,73.25
18.14,18.14,68.14,78.22,70.46
14.65,14.65,66.99,75.45,70.55
20.07,20.07,66.40,69.72,68.39
23.22,23.22,67.09,63.93,68.83
25.50,25.50,65.66,66.11,68.10
27.30,27.30,65.46,65.57,66.78
26.87,26.87,65.12,65.69,65.46
27.66,27.66,63.96,61.43,63.60
27.62,27.62,62.95,64.67,63.22
26.87,26.87,64.18,61.85,59.73
28.23,28.23,64.08,61.59,58.75
25.50,25.50,63.22,63.27,58.82
21.34,21.34,63.52,61.17,60.06
15.84,15.84,62.44,60.43,60.72
14.70,14.70,63.76,53.71,64.71
11.99,11.99,67.51,57.58,68.17
9.07,9.07,80.94,61.09,71.17
11.00,11.00,84.37,67.24,74.33
9.85,9.85,82.59,66.42,74.90
11.09,11.09,75.05,69.25,75.92
11.03,11.03,74.74,70.92,76.09
10.76,10.76,75.68,71.80,75.57
10.60,10.60,72.39,74.55,76.07
11.40,11.40,74.53,75.68,76.00
12.96,12.96,69.46,75.79,76.13
15.31,15.31,61.27,76.02,77.06
17.58,17.58,60.07,75.19,76.37
20.73,20.73,54.06,77.77,74.77
21.90,21.90,54.35,76.32,73.09
23.43,23.43,50.52,78.47,72.06
22.99,22.99,47.79,78.23,69.47
18.65,18.65,52.96,77.13,65.76
9.55,9.55,54.90,77.12,65.03
6.20,6.20,56.64,71.91,70.37
14.73,14.73,68.14,74.49,70.80
13.45,13.45,66.74,72.49,69.14
13.18,13.18,66.55,69.49,69.97
20.25,20.25,66.60,66.37,67.43
18.16,18.16,66.51,58.43,64.69
8.43,8.43,65.30,57.76,63.87
14.98,14.98,63.65,59.41,65.30
13.91,13.91,63.81,59.60,72.48
11.89,11.89,62.81,62.91,74.74
16.31,16.31,63.00,63.03,73.54
13.02,13.02,63.21,60.19,74.24
8.37,8.37,61.63,64.40,74.46
6.94,6.94,61.87,64.84,75.31
10.69,10.69,60.94,59.28,75.91
11.28,11.28,62.39,56.08,75.02
13.67,13.67,62.52,55.71,75.20
14.64,14.64,65.91,58.24,73.46
15.39,15.39,76.21,63.14,73.70
11.49,11.49,85.40,67.66,69.18
13.59,13.59,82.64,70.63,70.14
12.41,12.41,77.00,69.62,71.69
8.02,8.02,72.63,71.86,69.44
3.89,3.89,72.59,75.34,71.78
9.49,9.49,73.34,75.23,70.23
4.86,4.86,72.57,73.38,72.96
6.85,6.85,72.36,75.41,72.35
1.31,1.31,71.85,79.48,72.84
2.59,2.59,68.61,79.13,72.34
7.02,7.02,62.80,77.96,73.43
10.76,10.76,60.68,79.87,74.96
13.01,13.01,60.04,79.86,73.72
13.82,13.82,60.45,78.75,72.17
11.78,11.78,62.02,79.36,73.54
7.93,7.93,59.24,78.71,74.14
11.63,11.63,68.48,79.53,73.97
22.93,22.93,71.19,80.11,74.91
19.16,19.16,67.81,75.53,75.21
16.60,16.60,67.54,75.84,74.18
16.17,16.17,66.51,65.21,75.00
11.96,11.96,65.85,63.67,73.94
15.03,15.03,65.11,66.59,74.55
18.01,18.01,65.10,61.85,72.88
12.77,12.77,62.59,58.40,75.91
17.19,17.19,65.37,58.54,73.23
16.45,16.45,63.88,62.26,74.63
15.63,15.63,62.17,60.64,74.59
18.00,18.00,61.73,58.24,74.17
16.19,16.19,60.48,60.69,75.50
16.36,16.36,61.10,56.64,73.95
12.26,12.26,61.95,53.16,74.12
10.83,10.83,65.23,52.66,72.86
9.85,9.85,77.32,58.53,74.33
7.17,7.17,85.73,60.32,72.41
7.87,7.87,83.27,70.14,72.53
6.93,6.93,72.08,73.58,74.87
10.62,10.62,77.32,68.86,73.99
15.21,15.21,69.70,75.71,76.46
16.71,16.71,67.17,75.81,75.60
16.96,16.96,62.04,76.44,75.53
19.08,19.08,71.09,76.79,77.33
20.35,20.35,58.64,74.39,76.86
21.15,21.15,55.17,76.65,76.79
20.58,20.58,58.19,76.57,76.23
18.43,18.43,51.23,76.67,76.62
19.15,19.15,52.57,78.24,75.50
19.11,19.11,55.45,76.55,75.07
15.52,15.52,54.42,77.60,73.72
10.16,10.16,57.93,77.85,73.25
17.01,17.01,70.24,75.64,73.48
17.77,17.77,70.69,80.01,72.84
17.67,17.67,68.80,77.61,71.21
20.67,20.67,67.42,77.28,68.65
18.60,18.60,67.69,71.67,67.76
10.21,10.21,67.21,70.53,65.04
12.20,12.20,66.93,63.89,64.02
11.93,11.93,65.83,63.20,62.51
14.82,14.82,65.67,58.79,62.50
16.20,16.20,65.78,62.34,62.21
19.89,19.89,65.17,61.75,61.51
18.11,18.11,63.83,60.54,58.42
15.13,15.13,62.39,63.14,57.77
11.32,11.32,62.94,59.17,60.04
4.74,4.74,63.14,58.39,60.95
2.85,2.85,63.48,59.98,68.72
3.32,3.32,65.36,60.89,70.12
14.01,14.01,73.47,61.86,72.85
9.84,9.84,80.07,63.79,71.42
1.28,1.28,84.31,69.91,71.54
8.96,8.96,81.62,75.04,70.90
11.33,11.33,79.19,78.64,73.74
12.56,12.56,75.81,75.05,73.99
14.19,14.19,73.47,76.77,76.42
14.50,14.50,72.23,75.06,75.53
12.90,12.90,72.46,76.61,75.16
9.27,9.27,73.15,74.43,76.49
10.09,10.09,72.02,74.68,74.11
11.66,11.66,60.01,76.80,74.98
16.43,16.43,57.69,76.58,74.74
15.90,15.90,57.99,74.69,74.67
15.68,15.68,57.48,76.19,73.07
15.27,15.27,54.30,76.57,74.00
12.95,12.95,59.62,78.59,73.68
13.31,13.31,63.14,78.90,72.37
15.79,15.79,69.69,78.67,73.85
16.83,16.83,69.51,76.85,73.11
14.49,14.49,68.64,75.01,72.72
15.16,15.16,69.87,70.95,69.90
16.76,16.76,67.95,68.78,67.28
16.88,16.88,68.70,55.14,64.35
17.47,17.47,68.42,60.60,60.73
19.73,19.73,68.97,57.97,58.40
19.97,19.97,67.98,61.53,58.00
23.49,23.49,65.10,59.88,56.95
29.49,29.49,65.68,62.60,55.79
29.50,29.50,64.79,62.22,53.46
28.11,28.11,63.87,63.13,55.54
27.00,27.00,63.23,61.96,58.41
15.11,15.11,62.73,59.02,59.29
14.83,14.83,62.78,55.39,61.79
14.61,14.61,65.72,55.67,73.35
9.15,9.15,77.03,64.67,73.70
6.78,6.78,85.97,62.10,73.33
5.94,5.94,80.51,72.55,75.23
8.43,8.43,75.70,73.62,74.16
11.16,11.16,67.49,79.50,73.16
14.78,14.78,67.69,74.25,75.04
16.02,16.02,69.45,74.95,75.28
17.06,17.06,65.27,71.89,75.92
14.93,14.93,66.56,72.66,76.23
14.03,14.03,62.90,76.80,77.79
12.14,12.14,62.57,74.15,77.30
15.15,15.15,58.29,75.84,75.93
16.25,16.25,55.23,78.15,74.15
14.56,14.56,61.29,78.35,75.02
12.15,12.15,63.38,77.31,73.77
13.50,13.50,61.92,77.59,71.97
11.63,11.63,67.75,78.96,71.25
7.69,7.69,76.58,78.87,70.17
1.74,1.74,76.98,75.23,69.22
0.06,0.06,77.30,73.22,72.27
2.70,2.70,73.45,75.07,69.52
8.03,8.03,71.61,73.17,68.90
8.78,8.78,69.45,70.55,67.53
3.36,3.36,68.51,66.95,65.81
0.14,0.14,68.62,59.91,72.25
0.00,0.00,73.23,65.77,73.07
0.45,0.45,74.00,61.32,73.43
6.74,6.74,76.24,59.27,74.36
7.27,7.27,71.79,55.99,74.76
5.49,5.49,69.96,62.63,73.94
8.45,8.45,66.80,60.21,74.25
6.65,6.65,64.92,59.26,75.22
5.42,5.42,66.44,54.59,72.61
8.07,8.07,69.58,59.34,73.21
4.62,4.62,79.37,67.91,70.90
7.23,7.23,83.44,63.87,69.72
15.37,15.37,82.84,67.85,72.32
9.35,9.35,77.37,69.82,73.69
11.44,11.44,79.41,67.44,74.79
14.92,14.92,73.56,66.40,75.36
12.21,12.21,72.83,66.35,75.19
6.80,6.80,71.91,71.70,74.87
7.95,7.95,74.61,73.02,75.22
7.84,7.84,73.06,74.19,74.88
0.45,0.45,72.80,73.81,75.78
0.16,0.16,72.26,75.65,74.86
1.04,1.04,68.18,77.30,76.56
3.04,3.04,66.78,77.92,76.46
4.33,4.33,64.11,76.62,75.47
3.05,3.05,64.16,76.11,75.44
5.72,5.72,68.65,78.74,74.38
10.40,10.40,73.98,79.52,74.62
7.42,7.42,72.91,78.37,74.31
1.26,1.26,71.58,76.99,72.87
1.04,1.04,72.62,80.43,74.34
6.62,6.62,73.68,79.33,73.63
9.87,9.87,72.39,75.40,72.78
10.41,10.41,69.54,78.39,71.33
6.86,6.86,71.19,75.84,72.68
8.85,8.85,76.66,76.64,70.44
11.87,11.87,74.98,76.03,70.03
11.65,11.65,73.61,69.62,72.10
18.36,18.36,70.35,63.35,67.75
32.00,32.00,68.60,59.31,69.44
41.94,41.94,67.47,53.43,69.01
56.29,56.29,64.87,52.99,70.29
71.14,71.14,69.62,55.55,70.63
71.79,71.79,76.32,61.19,69.74
67.84,67.84,85.10,68.03,67.17
70.90,70.90,80.99,68.20,69.41
72.64,72.64,77.07,64.46,71.08
75.57,75.57,72.64,68.93,70.16
75.36,75.36,74.27,72.52,71.99
73.88,73.88,74.64,75.95,70.98
75.19,75.19,72.96,76.75,73.91
75.05,75.05,71.25,77.27,74.67
75.31,75.31,71.02,77.49,74.02
71.49,71.49,73.45,74.72,73.38
78.79,78.79,71.56,68.93,72.84
79.64,79.64,72.03,59.63,72.97
72.34,72.34,73.48,56.72,73.24
76.44,76.44,72.27,59.09,73.64
73.64,73.64,72.42,59.77,73.40
73.30,73.30,71.68,68.76,74.00
77.14,77.14,70.44,74.11,73.21
76.61,76.61,70.13,76.36,71.22
72.65,72.65,68.89,76.90,73.51
75.75,75.75,70.24,77.33,72.31
75.36,75.36,67.91,80.68,70.82
76.48,76.48,67.71,79.25,72.98
74.60,74.60,67.92,78.64,71.12
76.80,76.80,67.77,78.59,73.33
73.55,73.55,69.09,78.70,70.72
70.71,70.71,68.44,78.49,71.14
70.87,70.87,68.93,78.87,71.73
71.71,71.71,69.26,79.01,72.47
70.64,70.64,67.55,77.29,72.54
72.73,72.73,67.09,74.92,72.60
73.61,73.61,66.66,68.23,72.26
68.70,68.70,67.90,55.53,71.44
66.24,66.24,68.89,56.37,69.80
66.32,66.32,73.67,59.31,73.01
65.86,65.86,82.85,58.76,71.75
69.89,69.89,81.18,67.66,71.42
69.57,69.57,79.76,73.53,71.77
73.78,73.78,80.57,78.58,71.13
72.42,72.42,77.64,79.39,70.80
71.67,71.67,74.21,77.85,70.97
72.54,72.54,67.55,79.27,72.07
72.69,72.69,68.48,78.59,71.57
73.56,73.56,68.57,76.99,71.71
75.85,75.85,67.94,77.82,70.26
73.78,73.78,66.39,79.65,71.69
72.60,72.60,66.26,80.80,72.15
75.26,75.26,63.11,71.11,71.20
74.18,74.18,62.64,68.52,71.60
74.86,74.86,61.88,71.37,71.49
75.83,75.83,61.94,72.58,73.61
76.14,76.14,63.06,72.24,72.97
75.97,75.97,67.10,81.03,70.10
76.60,76.60,66.02,82.08,68.48
79.26,79.26,62.24,81.80,69.37
73.36,73.36,61.98,79.64,71.49
76.64,76.64,57.86,80.53,71.87
77.25,77.25,57.02,81.43,71.30
73.58,73.58,58.55,82.65,70.21
75.47,75.47,58.14,83.65,69.06
78.70,78.70,65.18,82.79,69.60
76.69,76.69,67.44,82.14,68.92
76.56,76.56,62.93,81.76,71.07
76.10,76.10,60.94,79.73,70.37
76.09,76.09,60.98,71.88,70.49
75.77,75.77,57.98,65.33,68.62
74.39,74.39,58.02,67.85,69.83
64.19,64.19,63.32,72.23,70.47
64.49,64.49,77.75,79.56,71.49
61.63,61.63,83.29,78.14,68.00
65.34,65.34,82.46,75.90,66.16
69.68,69.68,74.22,79.74,65.71
76.37,76.37,69.01,77.93,65.16
75.09,75.09,66.47,79.93,64.67
76.35,76.35,63.25,81.25,62.74
75.54,75.54,60.47,80.84,65.42
74.54,74.54,62.47,80.67,65.95
76.65,76.65,63.43,79.16,67.35
77.57,77.57,64.90,80.25,70.59
78.70,78.70,62.83,80.60,68.85
77.48,77.48,62.64,82.42,71.04
77.53,77.53,57.30,80.90,71.48
79.06,79.06,54.76,80.67,70.86
78.83,78.83,53.77,75.53,70.01
79.73,79.73,55.10,66.59,70.55
77.96,77.96,57.45,74.20,71.01
73.94,73.94,66.14,83.41,71.06
72.12,72.12,64.98,81.76,71.01
72.07,72.07,63.47,81.52,71.01
74.01,74.01,61.44,81.38,68.62
75.17,75.17,58.45,81.39,66.56
73.42,73.42,55.21,81.84,67.37
73.33,73.33,55.33,81.62,67.04
75.67,75.67,59.54,82.32,66.76
73.85,73.85,65.23,81.50,67.12
74.53,74.53,64.37,82.89,69.61
74.20,74.20,63.64,81.82,67.97
72.81,72.81,58.74,82.33,67.10
73.60,73.60,56.61,80.79,68.12
74.90,74.90,59.16,80.04,68.83
71.48,71.48,61.60,72.94,65.33
72.98,72.98,72.08,72.54,66.61
75.62,75.62,82.82,76.73,65.32
71.98,71.98,80.87,74.77,65.63
75.23,75.23,77.65,77.80,70.17
73.42,73.42,75.59,79.71,69.54
80.22,80.22,72.97,78.59,71.34
75.08,75.08,71.45,78.62,73.24
76.03,76.03,72.94,78.69,72.81
74.00,74.00,72.50,78.60,71.80
73.53,73.53,69.95,80.46,72.14
68.87,68.87,72.22,81.09,72.50
65.95,65.95,68.34,79.75,73.20
60.79,60.79,66.43,79.84,72.29
53.56,53.56,64.69,80.58,72.57
51.65,51.65,65.68,81.24,70.68
52.14,52.14,65.93,80.19,72.22
54.16,54.16,68.67,72.17,72.07
65.56,65.56,74.43,66.74,71.79
69.60,69.60,72.94,69.29,71.14
70.47,70.47,74.29,66.26,73.70
70.51,70.51,68.30,69.90,73.15
70.00,70.00,66.96,77.36,72.24
71.77,71.77,65.64,76.85,72.51
69.59,69.59,67.72,77.46,72.38
69.04,69.04,68.71,73.35,72.03
68.23,68.23,68.01,74.61,72.52
68.63,68.63,67.18,75.97,71.16
70.42,70.42,66.16,75.97,70.72
71.32,71.32,66.62,74.35,71.91
71.01,71.01,66.61,77.40,70.83
70.35,70.35,65.20,75.61,71.39
71.49,71.49,64.29,71.29,71.58
72.92,72.92,65.63,59.95,69.74
71.90,71.90,67.85,57.02,70.04
70.48,70.48,73.11,50.92,72.73
67.85,67.85,84.51,59.42,69.80
71.33,71.33,82.94,62.69,72.00
73.19,73.19,79.50,65.12,71.39
72.40,72.40,77.17,71.60,70.47
72.97,72.97,68.10,71.70,70.79
70.87,70.87,73.27,74.23,71.93
72.16,72.16,61.99,71.77,73.16
73.19,73.19,63.55,71.86,73.97
72.43,72.43,69.66,72.72,75.89
73.24,73.24,69.31,72.42,74.87
70.78,70.78,63.47,74.55,72.94
68.89,68.89,57.87,74.15,74.83
63.88,63.88,62.16,75.64,74.20
62.14,62.14,63.30,76.69,75.64
63.93,63.93,62.86,73.64,75.05
74.44,74.44,68.16,72.83,76.47
70.86,70.86,70.02,72.55,75.22
67.99,67.99,68.39,72.84,74.22
75.58,75.58,66.41,73.95,73.62
79.83,79.83,66.95,75.95,72.62
80.59,80.59,64.50,76.58,73.14
79.08,79.08,62.63,73.68,72.23
71.87,71.87,61.68,73.54,73.30
78.09,78.09,61.72,69.67,74.01
77.88,77.88,63.23,69.72,72.57
74.41,74.41,66.24,77.88,70.61
72.85,72.85,64.43,76.17,74.08
71.23,71.23,62.07,76.87,72.50
73.48,73.48,56.87,76.41,72.52
69.66,69.66,56.39,74.95,69.15
69.50,69.50,57.28,73.48,69.38
68.52,68.52,61.51,64.24,69.22
69.62,69.62,71.83,73.28,68.95
69.14,69.14,81.74,75.30,68.93
66.04,66.04,83.50,73.44,66.73
69.11,69.11,78.39,71.55,68.48
73.74,73.74,79.58,75.23,70.29
76.96,76.96,75.66,73.99,70.79
79.24,79.24,71.12,71.02,70.28
75.43,75.43,71.72,70.37,70.51
74.51,74.51,65.23,70.39,69.47
73.69,73.69,64.90,69.53,70.57
71.73,71.73,67.66,68.28,72.00
72.80,72.80,66.15,68.59,71.67
73.83,73.83,64.24,69.19,70.28
75.65,75.65,63.56,66.91,70.92
74.22,74.22,62.04,69.82,69.92
73.31,73.31,58.91,69.94,70.98
73.08,73.08,56.55,69.41,70.47
73.05,73.05,65.19,72.11,72.18
72.76,72.76,70.59,72.71,71.67
73.82,73.82,70.41,68.46,70.90
72.72,72.72,68.40,70.99,70.51
74.27,74.27,69.13,72.19,68.84
73.95,73.95,67.28,68.34,68.94
73.79,73.79,67.14,69.65,68.91
72.22,72.22,59.62,70.60,69.70
72.27,72.27,57.13,71.42,71.47
73.13,73.13,66.55,66.84,71.00
72.88,72.88,66.29,67.67,70.47
72.64,72.64,63.51,69.48,68.83
73.54,73.54,60.79,71.59,69.11
73.72,73.72,56.42,70.30,68.55
73.84,73.84,54.42,69.42,68.77
72.96,72.96,57.27,75.18,67.21
72.72,72.72,66.93,69.97,67.39
70.08,70.08,65.19,75.39,68.91
70.34,70.34,80.64,78.75,70.29
69.95,69.95,84.07,77.68,68.61
71.32,71.32,78.02,78.12,66.74
70.77,70.77,76.27,79.57,67.49
72.27,72.27,77.01,76.86,66.52
70.12,70.12,67.60,78.82,68.31
70.09,70.09,61.79,81.23,67.05
70.80,70.80,61.70,80.99,68.27
70.16,70.16,64.17,79.53,68.76
69.81,69.81,68.29,77.73,72.13
69.21,69.21,67.21,79.00,71.67
70.33,70.33,68.34,75.06,71.15
69.54,69.54,68.16,79.68,70.04
66.82,66.82,64.09,79.29,70.82
70.94,70.94,65.23,77.97,71.68
70.46,70.46,61.72,74.24,70.98
70.32,70.32,68.70,80.74,71.31
65.59,65.59,73.19,79.12,71.34
64.30,64.30,75.81,79.84,69.15
64.39,64.39,74.32,75.97,69.09
57.30,57.30,72.41,79.65,69.42
58.90,58.90,70.11,79.27,66.89
59.14,59.14,67.20,79.87,66.66
54.25,54.25,65.82,77.71,68.18
55.14,55.14,69.58,80.55,69.49
57.91,57.91,71.68,80.79,71.35
59.96,59.96,71.23,78.20,71.33
60.58,60.58,70.05,79.54,70.68
59.34,59.34,68.19,78.68,69.49
64.87,64.87,67.74,81.32,71.82
64.11,64.11,65.88,77.86,72.38
66.31,66.31,66.19,80.01,70.91
71.87,71.87,72.60,72.80,70.91
73.74,73.74,84.18,62.93,71.77
74.75,74.75,83.16,65.27,69.86
74.94,74.94,78.90,75.01,72.05
73.51,73.51,79.73,78.81,71.02
73.72,73.72,71.29,75.92,71.34
75.23,75.23,71.69,77.12,72.12
73.76,73.76,73.20,77.13,73.13
74.09,74.09,73.16,80.35,73.82
74.89,74.89,71.69,78.25,72.03
73.37,73.37,69.28,81.34,73.28
73.27,73.27,65.83,79.54,72.71
74.04,74.04,62.19,81.22,72.26
72.81,72.81,64.94,80.05,73.23
73.59,73.59,66.42,81.91,73.79
73.07,73.07,61.53,79.80,72.35
72.96,72.96,60.65,80.99,70.27
73.71,73.71,69.59,79.52,69.67
72.95,72.95,73.47,80.48,71.60
73.59,73.59,73.54,77.96,72.74
72.07,72.07,70.95,80.18,71.95
71.06,71.06,68.75,80.18,72.53
72.63,72.63,66.17,82.07,72.90
73.46,73.46,64.82,79.59,72.35
72.17,72.17,65.58,79.31,72.26
70.74,70.74,69.56,79.76,70.58
72.56,72.56,72.55,78.00,70.67
73.28,73.28,71.93,79.81,71.23
73.36,73.36,69.94,76.36,71.17
70.92,70.92,67.80,76.29,70.35
73.30,73.30,67.19,71.62,71.67
75.91,75.91,66.15,66.13,68.17
76.40,76.40,71.48,59.91,70.92
74.96,74.96,82.69,65.49,69.84
74.78,74.78,82.52,64.11,70.53
71.56,71.56,78.45,65.36,70.14
74.08,74.08,76.83,69.90,68.70
76.69,76.69,73.66,70.79,71.27
75.43,75.43,73.32,73.55,73.14
74.06,74.06,71.25,70.55,72.94
74.94,74.94,71.79,72.27,73.92
74.01,74.01,70.30,71.39,73.70
73.46,73.46,70.77,74.66,74.64
71.33,71.33,70.08,72.73,74.89
72.58,72.58,70.94,76.03,74.75
71.87,71.87,69.84,71.51,75.03
70.92,70.92,68.98,71.08,75.46
75.92,75.92,67.27,65.60,74.97
76.11,76.11,67.96,65.73,73.31
75.00,75.00,67.77,69.28,73.38
74.89,74.89,67.31,71.85,74.35
74.64,74.64,67.55,77.96,73.64
73.66,73.66,66.67,75.49,73.90
72.79,72.79,65.91,77.90,71.14
70.89,70.89,66.15,77.38,71.53
71.21,71.21,65.92,78.36,72.16
71.37,71.37,65.96,80.35,70.91
70.50,70.50,64.78,79.17,70.42
70.79,70.79,66.69,81.15,70.27
71.99,71.99,67.07,78.30,72.54
76.20,76.20,67.25,77.91,71.93
76.69,76.69,65.82,75.19,68.37
71.38,71.38,66.68,75.50,70.30
60.31,60.31,65.79,66.36,70.22
62.10,62.10,65.39,58.51,68.82
63.74,63.74,66.86,65.06,69.35
62.08,62.08,73.56,73.62,72.00
61.65,61.65,84.22,76.08,68.73
65.46,65.46,82.09,73.08,69.94
70.11,70.11,76.43,73.83,71.75
74.05,74.05,71.87,73.32,72.63
72.27,72.27,71.33,73.96,73.52
70.64,70.64,69.45,76.61,72.26
72.37,72.37,71.59,79.42,72.80
74.35,74.35,71.04,80.86,71.30
76.60,76.60,67.56,81.94,72.50
75.38,75.38,66.45,81.36,70.39
73.88,73.88,64.82,80.69,71.84
74.45,74.45,66.32,80.83,71.95
73.58,73.58,61.45,75.80,72.81
76.56,76.56,60.80,68.30,73.97
77.29,77.29,60.63,55.44,74.03
73.16,73.16,61.52,64.65,73.22
73.80,73.80,65.84,72.02,71.95
76.69,76.69,67.12,79.69,71.05
77.14,77.14,65.75,82.25,72.02
76.25,76.25,63.02,81.54,72.59
77.93,77.93,59.11,81.87,71.81
73.94,73.94,58.70,79.77,72.76
81.24,81.24,57.12,81.30,70.75
80.13,80.13,57.50,81.39,69.94
78.82,78.82,59.05,81.42,73.08
77.32,77.32,65.32,81.39,73.52
77.80,77.80,66.96,81.16,70.37
66.96,66.96,65.10,82.57,72.55
60.78,60.78,63.48,81.25,72.34
58.43,58.43,59.43,72.08,71.04
56.32,56.32,58.14,65.78,71.56
60.03,60.03,59.56,61.01,71.94
60.66,60.66,66.94,66.74,72.09
61.83,61.83,75.56,74.01,69.30
66.68,66.68,83.50,76.22,67.18
71.11,71.11,79.02,76.35,71.00
74.09,74.09,76.46,75.31,70.10
73.52,73.52,79.69,78.38,67.75
74.79,74.79,72.97,77.82,67.06
77.41,77.41,71.60,77.57,66.71
76.18,76.18,66.58,76.70,68.28
76.52,76.52,61.48,76.94,66.66
76.58,76.58,67.82,80.92,68.40
76.37,76.37,66.68,80.35,69.69
75.88,75.88,63.78,77.17,69.82
76.46,76.46,61.77,76.08,68.75
76.85,76.85,58.74,72.39,68.89
78.04,78.04,62.44,64.66,69.33
76.00,76.00,62.36,67.05,69.90
75.94,75.94,57.81,77.02,69.32
76.97,76.97,61.92,80.89,69.53
75.10,75.10,65.98,83.53,68.53
75.46,75.46,65.03,82.20,67.55
78.59,78.59,64.26,79.71,65.96
76.98,76.98,62.07,79.28,64.05
75.31,75.31,58.63,79.41,65.20
75.15,75.15,56.20,82.39,65.06
75.42,75.42,56.38,83.02,64.61
73.25,73.25,63.03,82.42,65.45
73.93,73.93,65.89,79.55,69.58
75.78,75.78,64.03,80.13,68.24
78.51,78.51,60.73,79.73,69.11
72.11,72.11,56.92,80.52,70.09
76.22,76.22,53.06,76.50,71.17
69.58,69.58,57.46,70.42,71.66
68.87,68.87,66.26,67.63,71.00
74.02,74.02,73.89,71.78,70.82
74.37,74.37,82.79,77.87,67.68
77.00,77.00,82.70,72.67,69.34
75.82,75.82,77.55,69.94,72.24
78.87,78.87,75.02,73.03,73.32
71.90,71.90,71.63,78.01,72.45
74.60,74.60,71.60,79.97,70.57
75.36,75.36,68.45,77.89,72.13
74.46,74.46,65.42,78.00,72.28
73.32,73.32,68.67,77.52,71.43
70.70,70.70,68.12,78.86,71.94
68.51,68.51,66.71,78.97,72.49
64.31,64.31,62.76,77.45,70.45
57.98,57.98,59.64,76.39,70.68
55.95,55.95,57.96,71.17,70.97
56.37,56.37,61.33,69.58,70.37
62.66,62.66,63.81,76.70,71.23
72.42,72.42,67.76,75.15,73.18
74.30,74.30,69.84,78.45,73.25
72.83,72.83,72.55,77.53,73.33
73.14,73.14,70.88,78.37,70.58
73.30,73.30,66.36,76.31,69.51
73.23,73.23,66.80,77.73,71.29
69.85,69.85,67.48,78.21,70.61
70.23,70.23,66.18,80.08,69.57
70.30,70.30,64.45,78.98,70.13
70.29,70.29,65.79,80.25,70.09
71.84,71.84,67.40,77.69,69.81
76.32,76.32,67.84,73.99,70.27
76.81,76.81,67.64,74.80,69.95
73.23,73.23,67.92,77.15,69.23
75.25,75.25,68.52,77.97,69.64
76.29,76.29,70.21,78.69,70.45
70.57,70.57,76.78,73.17,71.95
69.68,69.68,85.75,71.96,71.45
72.35,72.35,81.55,69.79,73.21
74.23,74.23,78.08,70.78,74.16
75.99,75.99,78.13,68.27,73.68
71.05,71.05,73.05,70.70,74.43
72.91,72.91,74.52,69.17,74.02
69.82,69.82,74.78,71.52,74.25
71.59,71.59,76.77,70.56,76.75
69.18,69.18,73.42,70.22,75.79
70.42,70.42,66.31,70.45,75.64
66.92,66.92,64.81,71.54,75.53
63.68,63.68,66.66,71.72,75.92
60.60,60.60,63.87,70.71,74.33
63.17,63.17,65.86,69.22,74.63
65.25,65.25,58.49,73.09,74.76
68.73,68.73,56.57,71.65,74.05
75.84,75.84,65.05,73.71,72.83
72.02,72.02,67.68,69.74,73.34
72.84,72.84,69.49,75.22,73.28
72.91,72.91,68.99,75.31,72.48
73.30,73.30,68.31,72.12,71.59
77.43,77.43,66.55,70.01,70.07
76.90,76.90,68.44,71.08,69.89
77.70,77.70,67.78,70.44,73.24
77.78,77.78,66.29,71.24,70.81
76.85,76.85,68.99,73.88,69.26
73.70,73.70,65.92,74.49,68.77
71.48,71.48,63.80,72.75,70.27
68.28,68.28,62.62,72.57,70.66
68.68,68.68,61.48,71.75,68.61
70.49,70.49,59.58,70.59,67.57
71.16,71.16,62.67,73.41,66.63
69.89,69.89,70.42,67.61,69.47
71.29,71.29,79.35,62.63,69.79
69.36,69.36,84.08,68.89,69.66
67.15,67.15,77.93,72.61,71.17
70.86,70.86,74.12,76.49,74.87
68.82,68.82,75.31,75.43,75.08
69.66,69.66,71.42,72.73,73.24
69.60,69.60,69.55,74.02,73.45
70.97,70.97,66.99,72.29,73.07
74.04,74.04,65.93,70.54,73.41
70.72,70.72,67.97,70.43,73.66
68.17,68.17,68.09,71.40,71.65
71.86,71.86,68.22,71.38,73.11
70.25,70.25,64.28,69.35,71.74
72.91,72.91,60.21,70.11,73.63
76.00,76.00,59.42,68.21,71.82
78.34,78.34,61.39,68.20,71.20
72.48,72.48,64.47,74.45,70.82
71.06,71.06,65.98,76.25,72.11
77.39,77.39,67.07,72.69,70.38
77.60,77.60,64.84,71.53,70.84
78.61,78.61,64.20,71.77,71.22
78.22,78.22,64.48,75.71,71.98
75.02,75.02,61.56,75.46,72.38
76.67,76.67,58.96,76.94,72.95
77.70,77.70,58.44,76.58,72.60
74.29,74.29,67.07,79.94,71.22
75.45,75.45,67.17,79.38,71.33
73.81,73.81,65.32,81.34,70.69
74.05,74.05,63.92,80.02,70.62
70.92,70.92,63.34,81.75,71.89
69.18,69.18,64.58,80.11,71.60
67.84,67.84,62.21,81.44,69.83
73.88,73.88,61.95,75.63,70.19
71.92,71.92,73.48,74.35,70.12
66.96,66.96,84.13,76.28,68.29
71.43,71.43,83.34,74.59,69.67
71.32,71.32,80.43,76.60,68.89
73.28,73.28,81.16,78.99,70.36
72.82,72.82,76.89,78.28,71.84
74.25,74.25,78.88,78.35,68.41
68.03,68.03,77.07,79.40,67.93
69.85,69.85,72.03,75.70,69.02
68.46,68.46,73.56,72.01,71.58
67.96,67.96,73.07,70.88,72.87
66.69,66.69,66.22,73.92,72.67
67.89,67.89,71.45,78.96,72.48
67.47,67.47,67.20,78.37,72.84
67.13,67.13,66.59,77.88,73.11
70.08,70.08,61.75,78.68,72.44
70.05,70.05,63.59,80.19,73.20
69.67,69.67,72.50,79.15,71.05
67.92,67.92,75.73,79.06,71.10
65.91,65.91,75.89,76.06,69.94
66.14,66.14,74.33,79.07,71.70
65.43,65.43,72.54,79.22,70.52
66.09,66.09,69.70,80.43,68.08
67.30,67.30,70.13,78.92,67.27
66.64,66.64,65.32,78.82,66.95
65.63,65.63,65.08,75.98,66.97
55.75,55.75,67.99,74.69,68.51
55.06,55.06,68.26,74.07,72.29
53.12,53.12,66.94,76.72,69.50
54.89,54.89,65.65,77.87,66.31
53.92,53.92,64.31,80.74,65.70
50.33,50.33,59.15,79.94,65.32
48.64,48.64,59.62,80.42,65.20
49.65,49.65,66.99,77.93,66.01
52.20,52.20,74.92,78.19,70.70
48.78,48.78,82.67,70.30,71.06
46.14,46.14,84.95,70.91,71.13
46.04,46.04,77.13,75.23,74.11
46.16,46.16,78.64,78.40,73.16
50.71,50.71,73.83,78.33,73.21
50.83,50.83,74.88,78.31,74.02
50.02,50.02,74.30,80.63,73.82
47.08,47.08,70.56,78.55,74.65
43.57,43.57,72.61,80.77,75.29
46.43,46.43,71.80,78.67,74.82
44.29,44.29,69.39,81.63,72.53
39.76,39.76,69.47,79.12,72.66
39.48,39.48,68.86,80.29,72.80
36.98,36.98,67.82,77.91,73.34
34.98,34.98,66.29,81.32,70.71
31.73,31.73,66.85,79.67,71.17
26.23,26.23,74.46,82.23,69.15
30.30,30.30,75.11,79.44,70.16
25.66,25.66,75.09,80.30,70.78
20.92,20.92,74.71,79.23,71.84
23.71,23.71,71.55,81.27,72.17
26.46,26.46,69.52,79.44,71.22
28.07,28.07,67.42,79.05,69.50
26.09,26.09,67.05,81.73,70.31
26.30,26.30,70.45,78.41,70.59
28.86,28.86,74.50,70.21,70.81
27.08,27.08,74.12,65.71,70.12
29.20,29.20,72.25,63.77,70.56
33.14,33.14,71.44,59.83,70.53
40.26,40.26,70.45,60.02,70.15
50.06,50.06,70.91,59.88,68.68
64.64,64.64,72.63,55.83,69.16
71.55,71.55,78.66,58.98,68.74
71.30,71.30,85.77,58.11,68.70
73.86,73.86,79.05,66.27,70.05
75.39,75.39,76.22,66.42,70.03
76.73,76.73,75.30,67.60,71.62
75.09,75.09,75.13,66.69,70.47
75.51,75.51,76.24,66.72,70.73
76.64,76.64,75.11,67.77,73.05
76.46,76.46,73.18,70.58,71.68
78.56,78.56,74.44,68.32,71.34
75.29,75.29,73.49,63.27,69.80
76.16,76.16,74.73,64.08,72.07
75.36,75.36,72.59,63.32,72.93
74.26,74.26,72.21,59.53,73.30
73.53,73.53,72.67,59.73,72.77
73.32,73.32,70.49,56.90,72.83
72.66,72.66,70.44,64.71,71.31
72.99,72.99,70.63,77.61,72.61
71.77,71.77,70.00,81.11,73.15
71.38,71.38,70.22,76.89,72.02
73.63,73.63,68.65,78.13,71.89
73.24,73.24,68.39,80.37,71.49
70.65,70.65,69.66,79.45,71.04
78.17,78.17,68.14,79.28,70.00
77.77,77.77,69.16,80.27,69.97
75.40,75.40,69.03,78.29,70.28
71.81,71.81,69.53,79.17,71.29
71.61,71.61,69.33,80.53,71.77
75.68,75.68,67.95,79.34,71.68
66.67,66.67,69.64,75.33,71.89
65.39,65.39,68.38,74.67,71.29
69.50,69.50,68.29,74.90,70.89
71.98,71.98,69.47,58.26,70.28
71.96,71.96,70.15,63.91,69.97
70.95,70.95,73.96,71.02,71.45
69.53,69.53,83.53,72.29,70.35
69.87,69.87,82.84,68.70,68.84
71.43,71.43,79.98,69.22,70.11
73.73,73.73,73.74,74.11,71.89
73.40,73.40,69.63,78.66,71.33
73.24,73.24,70.25,80.44,71.13
71.80,71.80,67.64,79.63,72.29
72.38,72.38,68.67,80.03,71.30
72.42,72.42,69.61,81.24,70.64
70.04,70.04,66.97,80.33,71.91
71.92,71.92,69.93,80.30,70.96
72.04,72.04,67.40,70.97,72.90
76.61,76.61,63.70,69.05,71.13
78.96,78.96,64.92,66.20,71.64
75.97,75.97,61.36,70.17,72.40
76.29,76.29,61.21,76.90,73.93
74.55,74.55,66.06,81.96,72.29
75.04,75.04,64.80,82.39,70.32
75.08,75.08,64.38,83.30,71.06
73.87,73.87,61.18,81.66,70.76
76.07,76.07,59.79,82.80,70.13
77.01,77.01,58.76,82.59,70.21
76.57,76.57,59.05,83.26,69.60
76.61,76.61,60.56,84.39,69.26
73.69,73.69,64.21,82.58,69.01
74.50,74.50,66.45,82.74,70.32
72.94,72.94,64.55,84.12,69.74
66.92,66.92,62.69,82.96,71.31
64.24,64.24,59.90,80.92,71.22
66.16,66.16,61.45,78.10,70.74
68.59,68.59,61.60,77.48,67.99
68.22,68.22,71.57,78.08,69.33
73.28,73.28,78.56,71.06,68.89
71.13,71.13,84.93,66.07,68.60
68.68,68.68,82.46,74.34,69.27
68.12,68.12,81.12,77.12,68.29
66.14,66.14,70.06,78.93,69.45
70.45,70.45,69.01,78.93,69.89
71.39,71.39,72.24,80.89,69.21
71.00,71.00,67.33,82.05,68.31
68.78,68.78,70.33,83.66,67.28
71.61,71.61,69.10,81.85,68.41
77.14,77.14,67.30,81.46,69.59
79.33,79.33,66.73,75.04,71.00
76.96,76.96,70.45,71.53,70.43
73.56,73.56,70.09,65.61,69.49
72.34,72.34,63.80,67.99,69.52
72.36,72.36,59.72,72.50,69.62
73.44,73.44,67.17,75.62,70.44
75.37,75.37,65.73,83.27,69.77
76.78,76.78,66.48,81.65,67.63
78.51,78.51,66.20,80.21,68.96
78.19,78.19,65.06,78.70,67.96
78.70,78.70,62.84,82.28,67.39
77.91,77.91,59.62,80.54,67.72
76.75,76.75,55.19,78.44,67.41
72.59,72.59,53.64,78.36,67.49
70.24,70.24,60.74,78.30,69.72
70.37,70.37,69.31,81.59,69.25
70.60,70.60,67.11,81.32,69.23
73.41,73.41,67.48,81.75,71.30
72.71,72.71,65.11,78.13,69.38
72.05,72.05,63.43,77.05,69.58
67.36,67.36,63.23,78.10,71.58
66.64,66.64,65.07,74.30,70.92
70.63,70.63,69.56,73.22,72.45
73.56,73.56,83.66,74.01,68.95
75.35,75.35,83.84,73.90,70.71
72.78,72.78,79.94,77.79,72.22
74.59,74.59,75.37,78.84,73.33
77.57,77.57,74.89,79.31,72.19
71.98,71.98,73.17,79.47,71.48
78.82,78.82,72.66,80.70,71.06
77.71,77.71,74.41,79.88,72.60
71.05,71.05,71.11,77.79,72.53
69.89,69.89,68.42,79.00,70.66
62.40,62.40,68.21,79.10,71.29
59.10,59.10,66.96,79.52,71.80
55.16,55.16,65.00,79.24,71.74
54.98,54.98,61.53,78.77,72.12
55.38,55.38,60.41,72.11,71.85
64.47,64.47,63.28,70.77,72.92
73.16,73.16,64.83,76.50,73.36
70.00,70.00,71.32,76.03,72.78
70.19,70.19,70.64,79.44,73.88
69.94,69.94,68.76,75.88,73.91
68.64,68.64,68.90,75.60,72.82
67.05,67.05,68.12,73.05,72.30
70.06,70.06,67.76,77.16,72.96
66.49,66.49,66.29,76.79,71.56
68.58,68.58,64.78,76.70,71.37
70.72,70.72,66.59,74.64,69.29
67.40,67.40,66.30,76.68,70.82
68.97,68.97,66.04,75.82,71.51
72.97,72.97,68.25,75.76,71.07
75.16,75.16,67.68,70.93,71.70
76.26,76.26,66.25,74.53,73.13
69.59,69.59,69.47,76.68,72.26
67.99,67.99,74.14,75.10,71.67
66.68,66.68,84.87,69.71,72.22
68.04,68.04,82.70,69.21,71.27
66.73,66.73,79.15,71.01,72.70
68.70,68.70,78.98,71.64,73.33
68.04,68.04,74.20,73.79,73.48
68.03,68.03,76.02,73.30,73.27
67.45,67.45,75.37,71.56,73.42
66.23,66.23,74.76,59.60,75.56
65.94,65.94,73.60,62.56,75.60
67.00,67.00,68.69,67.95,74.91
65.10,65.10,65.65,72.94,74.21
63.38,63.38,65.09,73.02,74.58
63.62,63.62,60.68,74.98,76.41
65.63,65.63,57.76,74.53,75.48
70.72,70.72,57.87,73.25,74.81
70.40,70.40,55.67,72.93,73.75
65.35,65.35,64.81,71.03,74.53
64.52,64.52,71.76,71.87,72.09
67.79,67.79,70.58,74.84,74.81
69.39,69.39,68.03,74.95,73.95
68.94,68.94,68.42,72.72,75.02
71.67,71.67,68.19,71.56,72.86
74.50,74.50,67.46,69.90,72.51
75.99,75.99,66.25,68.44,72.08
77.41,77.41,64.37,68.18,71.79
74.14,74.14,63.43,74.76,72.44
71.45,71.45,67.00,76.01,72.57
70.79,70.79,67.16,76.75,70.11
70.24,70.24,65.58,76.14,69.58
70.95,70.95,63.74,73.91,69.00
69.57,69.57,61.18,72.51,70.81
66.87,66.87,60.83,70.97,70.15
64.46,64.46,65.02,72.66,69.22
66.77,66.77,72.99,72.65,73.06
66.07,66.07,81.74,64.01,71.10
68.32,68.32,82.75,59.08,71.53
67.47,67.47,79.28,62.43,71.29
66.65,66.65,83.50,67.34,71.19
69.87,69.87,76.90,69.87,72.74
71.66,71.66,75.38,71.51,71.87
71.22,71.22,70.33,71.38,73.39
73.81,73.81,68.09,74.01,74.09
71.60,71.60,68.21,73.55,73.78
70.18,70.18,69.71,72.80,73.83
70.85,70.85,66.65,72.06,73.96
72.97,72.97,66.32,71.25,73.43
71.07,71.07,62.71,72.79,72.79
72.41,72.41,57.18,74.30,73.62
71.80,71.80,57.13,74.65,73.23
73.60,73.60,57.53,69.66,71.79
74.24,74.24,59.23,69.65,72.91
71.46,71.46,68.61,74.05,73.17
72.08,72.08,67.56,74.69,73.41
72.69,72.69,67.25,72.84,72.12
70.63,70.63,69.94,72.53,72.39
67.52,67.52,70.16,70.30,71.74
71.40,71.40,68.39,74.93,71.12
71.99,71.99,66.32,77.04,69.16
71.39,71.39,65.48,75.68,71.12
70.32,70.32,66.88,78.95,71.52
71.81,71.81,66.27,77.52,70.84
69.03,69.03,67.21,81.07,70.71
70.04,70.04,64.72,79.78,69.72
70.47,70.47,64.41,81.71,71.17
70.75,70.75,57.79,79.30,69.76
72.67,72.67,64.78,77.98,70.09
71.12,71.12,71.97,73.71,67.70
72.20,72.20,81.42,67.43,68.33
71.07,71.07,83.87,67.80,69.65
73.37,73.37,80.45,75.26,70.15
73.19,73.19,82.08,76.55,68.46
72.20,72.20,78.34,78.89,68.29
73.28,73.28,67.74,78.45,68.76
72.58,72.58,68.73,76.81,70.42
72.83,72.83,70.64,75.06,67.77
75.15,75.15,69.41,78.18,70.01
71.73,71.73,70.51,77.40,74.62
68.17,68.17,68.36,80.51,74.52
65.03,65.03,67.89,78.33,73.86
62.97,62.97,65.15,79.78,74.60
62.36,62.36,65.88,78.22,74.12
62.00,62.00,64.21,77.71,74.38
61.73,61.73,63.44,77.99,73.54
60.60,60.60,67.11,80.24,74.21
64.02,64.02,73.18,78.41,75.04
60.89,60.89,74.22,78.93,74.07
60.91,60.91,71.51,77.40,72.35
63.61,63.61,72.92,81.16,70.98
67.44,67.44,69.48,80.88,69.76
65.78,65.78,68.22,79.56,68.88
61.14,61.14,68.26,73.51,70.14
56.95,56.95,69.47,69.70,70.96
57.12,57.12,73.34,69.38,72.54
55.38,55.38,73.95,73.28,70.61
56.50,56.50,71.53,72.89,66.44
54.97,54.97,69.18,75.63,67.57
52.42,52.42,67.92,76.08,66.85
51.05,51.05,65.28,79.87,65.58
49.41,49.41,68.64,78.46,64.65
49.21,49.21,71.86,80.14,68.07
53.69,53.69,82.40,77.29,70.09
61.98,61.98,80.30,77.26,72.50
64.73,64.73,76.51,76.32,74.15
66.25,66.25,73.33,80.26,74.69
69.32,69.32,70.02,76.41,72.96
70.92,70.92,70.24,78.03,73.45
72.00,72.00,69.04,78.07,72.50
72.40,72.40,66.77,80.56,73.67
69.59,69.59,67.36,77.71,73.37
69.35,69.35,68.35,79.02,74.21
68.28,68.28,68.00,77.87,73.36
68.99,68.99,65.36,80.09,73.76
68.90,68.90,63.06,79.61,73.78
68.15,68.15,61.54,81.33,74.32
70.03,70.03,59.70,80.58,73.42
69.69,69.69,60.81,80.57,73.13
66.78,66.78,67.60,80.05,72.54
66.31,66.31,74.57,80.64,71.35
66.36,66.36,74.62,80.94,71.68
67.57,67.57,72.20,80.71,71.60
70.90,70.90,70.75,80.71,72.19
73.54,73.54,66.98,78.07,72.12
72.61,72.61,68.04,80.45,72.10
72.28,72.28,67.99,78.69,71.07
70.63,70.63,69.19,79.86,71.04
66.08,66.08,73.47,76.73,68.62
63.93,63.93,73.91,76.86,71.64
60.11,60.11,70.74,74.51,71.42
54.97,54.97,67.73,76.52,71.42
56.15,56.15,66.29,67.75,71.08
59.63,59.63,65.45,70.00,71.20
69.42,69.42,66.63,65.81,72.00
71.76,71.76,70.83,60.99,72.96
70.03,70.03,77.72,61.68,71.60
69.63,69.63,84.49,58.16,70.29
72.60,72.60,78.25,63.90,73.28
72.70,72.70,75.48,57.26,71.73
76.68,76.68,71.02,64.45,73.14
73.26,73.26,72.65,64.95,74.80
73.82,73.82,73.47,66.98,74.04
75.33,75.33,69.02,67.46,74.63
72.67,72.67,71.21,69.63,75.73
74.20,74.20,70.75,63.89,75.70
73.98,73.98,68.21,66.20,75.61
70.70,70.70,68.67,70.92,74.83
70.96,70.96,68.92,70.34,74.61
74.43,74.43,66.84,66.47,74.15
74.06,74.06,67.78,61.75,74.37
75.12,75.12,66.25,58.58,74.07
72.17,72.17,68.07,63.20,73.74
74.58,74.58,67.12,77.82,73.01
74.20,74.20,66.69,80.66,72.92
73.47,73.47,66.03,78.10,72.56
71.84,71.84,65.35,78.87,72.52
74.05,74.05,66.40,78.34,70.63
76.85,76.85,66.62,78.38,70.30
71.14,71.14,66.55,78.73,70.94
71.58,71.58,66.84,78.45,71.66
74.63,74.63,68.30,78.57,71.60
77.68,77.68,66.57,79.03,71.91
73.25,73.25,66.32,76.22,73.82
74.20,74.20,64.40,75.47,72.18
69.45,69.45,64.44,74.33,71.69
65.82,65.82,62.59,73.01,71.15
69.65,69.65,64.77,63.70,73.04
67.82,67.82,68.01,65.14,72.10
69.19,69.19,73.13,66.50,73.37
66.58,66.58,83.58,74.55,68.91
72.63,72.63,81.36,69.61,71.19
70.15,70.15,77.15,71.03,74.43
71.15,71.15,72.60,76.93,76.08
70.84,70.84,72.52,77.58,73.60
69.28,69.28,71.03,77.49,72.12
67.83,67.83,71.86,81.94,73.55
68.91,68.91,71.70,83.24,72.52
69.63,69.63,69.37,81.42,73.03
71.18,71.18,67.58,81.64,73.32
73.32,73.32,66.67,78.35,73.52
72.78,72.78,65.30,63.69,74.99
72.44,72.44,62.76,65.29,73.84
72.76,72.76,58.15,64.27,73.66
73.55,73.55,59.86,60.70,74.23
76.91,76.91,61.45,74.89,75.17
77.15,77.15,66.57,81.55,73.17
76.04,76.04,66.96,83.46,73.33
77.55,77.55,64.76,82.27,72.14
76.85,76.85,62.88,81.86,73.00
80.42,80.42,61.88,81.78,72.05
73.13,73.13,58.64,81.58,72.28
78.51,78.51,57.35,81.97,73.81
75.81,75.81,57.30,83.63,72.94
76.99,76.99,63.11,83.98,72.75
75.61,75.61,66.49,83.62,69.71
77.35,77.35,66.49,82.95,71.83
80.06,80.06,64.57,81.46,71.83
77.94,77.94,63.25,75.95,72.02
72.43,72.43,60.90,71.61,70.30
72.50,72.50,61.92,71.18,72.53
65.49,65.49,68.10,64.83,72.51
67.95,67.95,75.02,70.29,71.29
66.26,66.26,85.01,69.59,70.39
67.22,67.22,83.90,73.45,70.23
70.72,70.72,81.31,72.33,70.75
73.91,73.91,69.49,74.57,69.91
75.52,75.52,67.84,71.13,69.10
77.84,77.84,72.62,74.92,67.04
71.97,71.97,72.93,79.12,68.99
72.37,72.37,72.71,79.72,67.47
74.95,74.95,69.54,78.49,68.47
76.42,76.42,68.85,75.77,70.15
76.12,76.12,68.94,80.13,69.19
77.56,77.56,67.98,78.08,71.03
76.10,76.10,69.80,79.02,70.36
70.82,70.82,67.19,74.18,71.26
75.00,75.00,62.99,70.74,70.76
76.79,76.79,62.29,64.67,69.23
75.01,75.01,65.71,69.20,69.71
79.25,79.25,66.12,78.93,70.79
78.32,78.32,65.11,80.59,70.44
74.67,74.67,64.64,80.34,71.19
74.28,74.28,62.97,81.05,69.68
76.19,76.19,58.83,81.72,67.60
76.84,76.84,56.48,80.98,67.55
74.03,74.03,54.53,78.61,67.20
71.88,71.88,54.87,80.81,66.40
75.63,75.63,63.58,79.96,68.60
74.79,74.79,68.74,81.11,69.73
74.24,74.24,67.18,80.63,71.81
74.42,74.42,63.66,80.58,72.90
74.90,74.90,63.44,80.58,70.76
77.79,77.79,61.21,77.77,68.87
71.47,71.47,60.29,71.56,67.03
72.04,72.04,69.91,63.73,68.29
76.54,76.54,73.36,64.48,67.94
73.65,73.65,82.77,74.21,69.39
77.73,77.73,80.97,73.36,71.61
76.62,76.62,78.60,70.09,70.65
74.40,74.40,72.40,64.98,70.37
74.63,74.63,72.17,70.49,71.48
77.40,77.40,70.67,73.47,71.86
76.99,76.99,70.74,72.27,71.93
75.24,75.24,71.08,74.76,72.68
70.41,70.41,73.53,74.11,73.13
67.18,67.18,69.38,71.35,73.53
65.14,65.14,68.10,73.17,73.65
60.53,60.53,64.46,73.37,72.61
62.85,62.85,63.44,70.58,73.29
62.60,62.60,61.17,64.42,73.33
73.99,73.99,58.06,60.27,73.25
74.11,74.11,57.22,66.45,72.52
71.14,71.14,64.07,72.99,73.51
70.07,70.07,70.22,76.03,74.16
69.90,69.90,71.91,75.69,74.06
71.35,71.35,68.51,75.72,73.00
70.51,70.51,67.50,74.17,73.35
69.72,69.72,66.79,73.19,71.96
68.88,68.88,65.79,74.00,71.11
69.63,69.63,65.87,74.53,70.33
70.09,70.09,67.01,77.06,71.88
74.02,74.02,67.37,74.54,69.46
74.86,74.86,68.45,74.65,68.77
74.99,74.99,68.73,74.58,70.47
75.48,75.48,67.60,75.60,68.13
75.01,75.01,67.98,72.46,68.94
75.54,75.54,68.37,75.50,70.26
71.97,71.97,73.35,72.01,71.52
70.08,70.08,73.06,67.30,71.68
68.85,68.85,85.69,65.44,71.57
70.30,70.30,81.10,65.04,73.08
72.12,72.12,80.69,65.53,72.40
73.14,73.14,75.01,66.40,73.70
72.20,72.20,72.04,71.45,74.32
72.21,72.21,73.45,72.03,72.76
71.77,71.77,74.14,70.29,75.58
71.13,71.13,73.58,68.53,74.94
69.40,69.40,70.70,69.45,74.56
67.70,67.70,68.90,68.30,75.12
67.73,67.73,66.59,73.03,76.04
64.98,64.98,63.56,74.40,75.97
63.43,63.43,60.71,74.21,74.75
66.47,66.47,62.21,73.58,74.69
69.17,69.17,59.84,71.45,75.63
78.57,78.57,59.72,70.60,75.92
76.68,76.68,67.29,70.14,74.97
69.58,69.58,70.69,72.23,73.00
72.84,72.84,69.01,67.04,72.18
75.10,75.10,68.07,71.08,71.28
76.16,76.16,67.17,70.26,73.09
76.73,76.73,65.25,67.77,70.87
76.12,76.12,62.78,71.08,70.80
77.52,77.52,60.24,69.39,71.26
75.25,75.25,59.83,73.37,69.15
77.16,77.16,62.87,71.03,72.43
75.18,75.18,67.63,74.98,72.29
77.16,77.16,66.06,73.48,71.70
77.47,77.47,64.35,76.44,70.56
75.75,75.75,62.60,76.60,68.25
72.63,72.63,62.77,73.05,70.54
69.92,69.92,63.42,72.38,70.61
67.69,67.69,61.90,67.73,70.55
66.25,66.25,70.17,65.76,72.55
65.34,65.34,80.89,67.24,71.97
64.17,64.17,84.63,67.95,72.04
67.95,67.95,81.21,69.27,73.49
66.99,66.99,74.67,73.43,73.87
66.84,66.84,73.90,73.92,72.79
68.13,68.13,70.50,71.66,73.48
71.76,71.76,73.02,71.36,72.70
74.20,74.20,74.23,70.88,73.53
73.09,73.09,72.62,69.37,74.63
75.28,75.28,74.13,68.74,73.81
74.01,74.01,70.49,68.58,71.97
69.73,69.73,64.43,67.79,72.24
71.31,71.31,61.47,65.67,72.59
74.90,74.90,57.61,65.98,71.73
72.38,72.38,54.84,70.10,73.27
72.20,72.20,56.41,63.85,72.61
69.45,69.45,65.02,71.26,71.94
70.77,70.77,65.37,71.92,72.16
75.68,75.68,66.37,70.21,71.96
72.34,72.34,68.28,70.18,71.80
75.34,75.34,67.65,68.94,72.64
74.15,74.15,64.76,71.58,71.96
74.56,74.56,65.40,69.66,73.63
71.73,71.73,62.11,72.31,72.82
70.97,70.97,65.19,73.33,72.57
70.16,70.16,67.89,76.05,72.53
73.48,73.48,67.09,76.44,73.35
72.41,72.41,65.51,77.01,72.31
75.20,75.20,63.49,76.32,72.01
77.33,77.33,61.60,74.86,72.59
70.65,70.65,61.74,72.50,73.11
72.84,72.84,59.92,69.50,73.45
77.13,77.13,64.75,67.85,71.75
73.93,73.93,72.76,69.60,70.77
72.63,72.63,85.00,73.17,68.26
68.79,68.79,81.45,75.83,69.11
66.39,66.39,79.83,80.36,69.17
67.27,67.27,76.41,78.58,70.39
68.58,68.58,72.64,79.24,72.32
66.46,66.46,72.87,77.98,72.28
66.28,66.28,74.37,77.83,70.49
65.80,65.80,75.49,73.54,72.28
64.84,64.84,75.39,72.87,72.37
64.83,64.83,73.57,75.64,73.50
65.03,65.03,69.20,78.32,76.14
64.79,64.79,70.86,77.49,74.62
65.16,65.16,66.20,80.17,74.50
65.35,65.35,67.78,78.18,74.25
62.07,62.07,69.72,80.66,73.38
60.55,60.55,65.79,78.29,73.54
57.73,57.73,70.74,75.25,72.87
66.68,66.68,76.38,76.56,72.81
68.58,68.58,74.96,78.68,72.16
67.18,67.18,72.80,77.51,70.56
59.82,59.82,72.33,78.39,73.16
60.98,60.98,69.68,77.64,70.92
58.96,58.96,67.13,77.94,72.34
52.94,52.94,65.85,73.65,68.79
48.52,48.52,72.12,68.18,67.97
49.73,49.73,74.79,72.61,68.34
55.25,55.25,73.83,71.92,70.68
66.72,66.72,70.57,76.10,70.47
73.24,73.24,71.69,78.24,67.99
70.55,70.55,68.79,80.00,66.09
75.42,75.42,66.51,76.24,64.34
76.69,76.69,67.81,68.97,66.57
76.29,76.29,71.05,68.16,70.10
71.00,71.00,84.01,71.95,69.82
69.91,69.91,83.95,76.24,69.36
67.86,67.86,80.27,77.74,71.68
69.80,69.80,79.29,74.04,73.75
69.75,69.75,77.74,75.33,73.07
71.86,71.86,67.09,78.00,73.01
71.93,71.93,71.94,79.80,73.05
71.54,71.54,70.79,77.38,73.56
74.54,74.54,70.92,76.70,72.11
70.52,70.52,73.58,76.47,71.22
73.49,73.49,72.45,75.07,71.85
74.24,74.24,70.04,75.65,71.87
72.98,72.98,70.48,74.86,72.22
73.29,73.29,66.05,78.95,70.27
74.68,74.68,65.52,77.43,72.53
73.60,73.60,64.75,78.95,71.50
72.14,72.14,68.77,76.96,72.66
74.86,74.86,73.29,78.71,72.06
74.20,74.20,73.55,76.00,72.35
73.53,73.53,71.64,75.43,73.10
74.21,74.21,69.59,68.79,72.42
74.74,74.74,69.39,71.87,72.40
76.34,76.34,66.17,73.97,71.76
74.81,74.81,67.54,73.52,69.44
71.04,71.04,70.40,70.63,70.75
71.01,71.01,73.58,65.74,69.29
61.79,61.79,74.00,64.75,71.76
61.83,61.83,72.84,61.32,69.95
63.36,63.36,70.33,57.54,68.30
61.47,61.47,67.92,57.35,67.64
64.06,64.06,67.58,60.25,69.70
63.88,63.88,68.15,63.21,71.19
65.60,65.60,69.00,65.85,69.63
62.33,62.33,82.58,68.45,69.52
64.69,64.69,82.98,75.05,71.22
68.48,68.48,77.73,78.27,72.91
68.95,68.95,76.68,78.67,74.61
71.66,71.66,72.67,76.83,76.82
73.24,73.24,71.85,76.62,76.08
71.39,71.39,70.35,77.24,74.45
72.46,72.46,71.26,76.42,73.00
72.09,72.09,69.92,78.70,75.29
70.43,70.43,68.26,78.30,76.21
70.97,70.97,70.60,77.19,75.54
69.70,69.70,69.36,79.36,75.53
71.38,71.38,69.46,80.52,75.42
71.92,71.92,69.95,77.71,76.47
70.67,70.67,69.10,78.19,76.22
69.21,69.21,69.63,77.62,74.12
67.76,67.76,68.65,79.34,74.79
68.04,68.04,70.65,78.34,75.67
69.82,69.82,68.22,72.51,78.48
74.21,74.21,67.16,64.80,78.34
75.77,75.77,67.15,67.89,76.41
72.21,72.21,67.79,61.59,77.60
70.99,70.99,65.93,55.65,75.81
72.59,72.59,66.37,55.60,76.18
70.97,70.97,66.61,59.43,76.76
71.90,71.90,65.53,51.08,78.30
73.99,73.99,65.01,45.22,76.56
76.42,76.42,63.81,48.93,75.95
75.52,75.52,64.80,49.21,75.45
74.54,74.54,65.45,47.71,76.06
71.88,71.88,63.24,47.99,76.88
71.74,71.74,63.45,48.32,77.06
72.76,72.76,62.28,48.91,76.83
75.16,75.16,64.50,51.25,75.31
68.97,68.97,72.84,60.64,73.69
69.87,69.87,85.84,64.29,73.01
69.20,69.20,82.32,72.10,73.14
69.73,69.73,79.02,76.89,76.79
71.09,71.09,72.93,77.04,77.09
68.50,68.50,70.34,75.64,77.85
65.53,65.53,72.91,78.24,73.97
65.75,65.75,73.52,77.56,77.14
66.89,66.89,73.73,72.69,75.36
64.79,64.79,73.62,73.95,76.43
62.09,62.09,67.09,71.24,75.37
58.14,58.14,63.47,72.57,75.69
56.02,56.02,62.22,76.03,76.32
55.19,55.19,59.92,75.36,76.25
53.94,53.94,59.21,76.03,74.45
55.86,55.86,58.07,71.92,76.03
53.46,53.46,56.80,67.11,75.97
56.42,56.42,60.65,74.18,76.21
58.98,58.98,68.90,75.75,75.41
60.64,60.64,67.92,69.40,76.54
57.47,57.47,66.75,70.43,77.48
53.71,53.71,65.16,69.44,75.71
49.34,49.34,65.34,67.82,76.24
48.13,48.13,65.73,61.94,74.38
48.96,48.96,64.29,62.49,73.48
50.09,50.09,64.44,55.55,74.62
50.42,50.42,64.65,58.91,76.11
43.17,43.17,62.70,56.19,76.56
38.90,38.90,62.04,52.76,75.84
44.25,44.25,61.92,53.72,75.87
42.19,42.19,60.54,55.25,74.59
37.89,37.89,60.62,51.47,74.16
37.96,37.96,60.02,48.48,75.73
35.02,35.02,59.97,50.38,77.14
29.75,29.75,61.96,54.08,75.09
23.23,23.23,69.83,57.44,75.55
17.75,17.75,85.15,64.28,71.80
19.43,19.43,84.50,62.23,75.83
21.15,21.15,80.78,66.46,75.91
21.00,21.00,70.71,71.03,75.86
21.52,21.52,71.86,73.54,76.13
21.81,21.81,68.45,73.85,74.95
22.95,22.95,71.46,73.94,75.56
24.93,24.93,74.49,76.44,75.12
23.07,23.07,74.09,77.19,74.94
22.36,22.36,67.10,78.45,75.70
24.87,24.87,62.85,79.04,73.59
23.28,23.28,53.61,77.45,75.94
22.59,22.59,58.46,79.21,75.63
21.22,21.22,58.34,78.47,75.58
20.81,20.81,55.21,78.41,73.42
18.95,18.95,58.22,76.92,76.25
13.82,13.82,57.91,73.60,75.62
16.46,16.46,65.00,79.75,76.94
19.19,19.19,66.38,74.64,77.15
20.07,20.07,66.46,69.13,76.28
23.24,23.24,66.08,67.78,74.05
21.90,21.90,65.50,64.20,76.21
23.23,23.23,65.35,59.48,76.57
25.71,25.71,64.39,59.27,75.74
20.95,20.95,63.54,58.67,76.86
19.31,19.31,63.52,57.00,76.75
16.76,16.76,61.84,58.22,75.63
16.07,16.07,62.83,54.04,75.71
10.35,10.35,63.27,54.01,74.69
9.87,9.87,63.00,54.94,76.13
13.45,13.45,61.02,50.86,74.29
9.29,9.29,60.92,49.41,74.26
6.56,6.56,66.44,53.34,76.40
11.32,11.32,72.29,59.84,75.37
5.59,5.59,84.27,63.72,72.71
11.25,11.25,83.61,67.48,72.85
5.62,5.62,76.51,73.82,73.33
14.42,14.42,75.84,74.96,72.71
17.71,17.71,74.56,76.27,73.54
13.18,13.18,72.94,77.79,74.23
10.69,10.69,69.58,77.79,74.41
8.73,8.73,66.88,74.89,74.72
7.40,7.40,66.77,65.05,73.98
10.71,10.71,62.20,62.97,74.37
17.84,17.84,63.54,73.77,74.16
20.75,20.75,61.02,72.05,73.83
20.26,20.26,57.49,72.13,75.83
19.43,19.43,55.00,73.53,73.30
18.52,18.52,51.90,73.35,73.94
14.67,14.67,58.36,72.54,74.48
11.47,11.47,65.36,76.06,75.78
15.62,15.62,69.05,79.10,75.04
8.82,8.82,68.82,75.91,75.80
14.38,14.38,67.65,69.42,75.94
25.27,25.27,66.56,74.22,75.03
20.92,20.92,65.11,71.95,75.51
13.30,13.30,65.40,75.27,75.15
13.84,13.84,63.56,74.93,75.07
11.86,11.86,63.10,72.26,76.08
13.38,13.38,61.61,74.89,76.65
13.37,13.37,62.54,74.79,76.29
10.92,10.92,61.78,75.98,75.06
14.11,14.11,61.26,75.40,75.88
12.61,12.61,60.39,73.59,74.77
11.19,11.19,59.64,75.06,75.30
12.72,12.72,61.32,75.63,75.29
13.87,13.87,65.15,73.30,73.04
13.84,13.84,74.35,72.81,75.41
12.39,12.39,84.50,69.11,71.95
13.19,13.19,83.92,67.33,73.26
17.64,17.64,80.68,72.25,74.42
19.78,19.78,74.81,73.42,71.43
21.30,21.30,76.04,72.32,71.79
20.75,20.75,75.86,72.08,73.29
22.32,22.32,73.00,74.44,74.56
23.62,23.62,75.44,75.12,71.35
23.09,23.09,75.39,76.80,70.39
21.99,21.99,71.99,77.70,68.21
19.64,19.64,70.74,75.09,70.81
19.55,19.55,66.30,76.65,73.99
21.47,21.47,62.66,77.96,71.02
23.27,23.27,53.68,75.01,72.87
23.52,23.52,53.26,76.81,72.96
22.15,22.15,55.76,76.61,71.53
13.71,13.71,64.25,79.33,71.85
19.06,19.06,66.99,74.15,75.30
15.96,15.96,68.22,75.33,76.11
15.51,15.51,67.50,71.73,76.10
12.18,12.18,66.41,65.70,76.39
14.37,14.37,64.20,62.51,76.97
17.54,17.54,64.48,63.87,75.39
14.25,14.25,66.29,66.00,75.48
12.00,12.00,63.44,69.61,76.16
15.06,15.06,62.90,59.92,76.40
13.92,13.92,61.15,58.36,75.55
10.54,10.54,61.01,55.92,74.75
12.68,12.68,61.29,57.43,76.28
15.38,15.38,60.03,57.75,76.46
12.66,12.66,59.54,56.82,75.97
9.84,9.84,59.93,60.15,77.78
7.63,7.63,60.82,61.41,76.81
15.18,15.18,69.32,69.15,75.13
10.50,10.50,80.60,73.14,71.41
13.18,13.18,82.81,65.37,71.23
14.12,14.12,77.83,69.32,74.46
12.53,12.53,75.14,74.26,75.93
10.59,10.59,73.37,70.92,77.07
13.65,13.65,73.68,75.22,76.17
10.65,10.65,77.29,75.70,75.55
11.47,11.47,74.08,75.31,74.62
15.67,15.67,74.79,69.32,75.71
19.46,19.46,70.03,70.58,77.19
18.97,18.97,66.72,73.16,76.64
14.50,14.50,59.30,69.54,76.68
16.34,16.34,56.18,70.37,76.37
17.87,17.87,55.37,69.10,76.66
20.29,20.29,57.35,69.46,76.05
21.74,21.74,52.28,71.69,74.33
21.11,21.11,54.78,70.78,76.19
12.03,12.03,67.13,75.98,74.36
14.75,14.75,68.09,77.97,75.72
16.82,16.82,67.63,76.85,75.21
14.42,14.42,66.66,75.58,75.82
17.46,17.46,66.51,73.20,76.98
8.77,8.77,65.59,69.94,76.66
10.10,10.10,65.18,68.00,76.01
11.79,11.79,63.90,63.74,76.37
12.64,12.64,62.38,65.64,75.29
13.25,13.25,63.73,62.05,74.76
12.18,12.18,63.25,63.22,76.52
18.84,18.84,62.57,58.85,75.74
22.23,22.23,62.51,61.05,74.93
19.09,19.09,63.10,60.47,76.58
22.00,22.00,61.54,59.85,76.41
22.77,22.77,61.76,57.51,77.53
18.27,18.27,63.13,59.32,74.70
15.17,15.17,67.83,59.49,75.25
9.45,9.45,80.60,68.42,74.16
6.90,6.90,84.90,67.73,73.23
10.37,10.37,80.76,73.28,74.59
14.50,14.50,77.96,73.17,74.77
13.29,13.29,76.91,76.95,75.01
13.40,13.40,68.23,76.58,73.40
16.98,16.98,76.29,75.73,74.41
21.29,21.29,72.93,72.24,75.41
23.16,23.16,71.76,68.77,74.98
20.90,20.90,65.29,72.14,75.94
20.75,20.75,61.34,72.34,75.62
21.30,21.30,51.64,71.71,74.80
22.01,22.01,48.51,74.36,76.20
22.18,22.18,54.66,70.49,74.60
19.08,19.08,60.31,73.97,74.95
17.50,17.50,56.44,76.35,72.75
16.64,16.64,61.40,77.12,76.15
13.54,13.54,65.63,78.29,75.88
16.11,16.11,67.71,77.68,77.64
17.94,17.94,67.66,76.33,76.49
22.36,22.36,67.33,71.09,76.65
27.41,27.41,65.03,73.82,77.01
28.79,28.79,64.60,67.60,76.47
29.05,29.05,64.81,61.44,75.77
28.70,28.70,64.45,59.42,75.39
18.60,18.60,63.98,57.73,75.62
11.24,11.24,61.77,59.16,76.13
13.76,13.76,61.86,52.53,77.14
12.86,12.86,61.81,51.26,76.96
12.87,12.87,61.74,52.02,73.93
18.07,18.07,62.02,54.84,74.57
20.78,20.78,61.20,53.26,74.20
15.43,15.43,60.56,55.88,75.40
12.62,12.62,62.85,56.43,75.53
4.58,4.58,70.09,55.71,75.32
9.43,9.43,79.44,68.48,73.62
15.35,15.35,85.09,67.36,72.20
21.61,21.61,82.93,64.89,71.85
27.73,27.73,75.88,67.58,74.51
36.00,36.00,72.37,68.69,75.25
32.93,32.93,74.17,66.99,74.26
16.45,16.45,72.04,70.13,73.42
7.65,7.65,72.09,72.21,75.91
6.95,6.95,74.83,73.70,76.16
7.51,7.51,67.87,71.80,76.70
11.49,11.49,58.98,69.42,76.47
15.83,15.83,56.55,76.69,76.39
19.82,19.82,56.35,76.28,74.46
23.46,23.46,50.44,74.95,72.16
24.15,24.15,48.82,71.89,75.75
21.32,21.32,52.57,74.82,73.74
18.25,18.25,60.68,75.61,73.11
19.43,19.43,67.18,71.78,74.51
21.99,21.99,66.10,74.59,74.67
17.36,17.36,65.70,77.90,73.88
17.91,17.91,65.28,76.68,76.16
18.00,18.00,64.03,77.70,76.04
16.48,16.48,62.64,75.54,76.33
17.17,17.17,63.24,73.97,75.47
16.77,16.77,62.46,75.90,74.90
15.47,15.47,59.73,77.03,75.14
13.38,13.38,60.13,76.40,76.40
13.39,13.39,61.30,77.28,74.97
16.20,16.20,60.75,75.80,77.47
16.76,16.76,60.14,76.41,75.98
18.81,18.81,60.52,76.48,75.63
18.25,18.25,58.98,76.28,73.97
22.16,22.16,59.71,76.48,74.12
20.94,20.94,66.57,72.11,76.28
13.81,13.81,72.74,69.37,73.17
10.17,10.17,85.05,69.79,70.57
11.68,11.68,83.70,66.24,73.19
17.71,17.71,77.60,70.75,72.07
19.57,19.57,73.18,73.78,71.37
22.68,22.68,68.96,72.26,70.76
23.06,23.06,66.44,71.58,71.67
22.30,22.30,69.82,74.78,72.48
19.99,19.99,75.47,77.02,72.77
25.86,25.86,73.85,76.23,73.81
32.49,32.49,66.10,76.28,74.93
34.28,34.28,66.47,75.08,76.87
26.03,26.03,56.56,75.09,76.60
20.02,20.02,54.42,76.21,77.03
20.59,20.59,41.91,74.86,74.45
21.76,21.76,52.05,75.69,72.40
28.40,28.40,48.87,75.32,74.71
19.92,19.92,54.24,74.65,76.44
17.00,17.00,62.96,73.54,76.73
15.15,15.15,67.02,76.12,75.42
16.48,16.48,64.50,77.56,74.40
19.10,19.10,65.66,72.97,75.72
18.32,18.32,66.21,68.22,74.72
15.66,15.66,64.65,68.64,75.99
13.55,13.55,64.19,58.84,75.24
17.08,17.08,63.33,67.13,76.36
17.87,17.87,61.43,59.97,76.17
14.51,14.51,61.18,48.52,76.36
16.43,16.43,59.86,57.64,77.14
17.84,17.84,62.00,54.19,76.66
14.23,14.23,60.97,53.27,75.61
16.24,16.24,60.37,49.25,75.49
14.79,14.79,59.81,52.09,76.23
11.47,11.47,63.85,48.99,73.95
14.65,14.65,68.67,51.93,73.40
21.09,21.09,76.46,59.41,74.02
10.92,10.92,84.67,64.24,73.25
2.57,2.57,80.70,69.07,76.10
2.75,2.75,78.39,75.29,74.06
5.31,5.31,73.46,74.87,75.20
7.28,7.28,72.83,74.47,75.02
15.15,15.15,76.73,74.34,77.16
11.36,11.36,72.55,74.94,75.44
9.53,9.53,66.53,73.26,76.39
13.36,13.36,65.77,73.66,75.12
14.85,14.85,64.08,74.68,76.23
13.99,13.99,60.02,75.17,75.03
12.22,12.22,58.87,76.49,76.02
16.30,16.30,55.66,75.89,75.78
21.35,21.35,54.45,76.74,75.30
23.36,23.36,45.67,76.16,76.11
22.78,22.78,48.78,77.76,74.49
19.65,19.65,52.45,76.23,73.73
22.91,22.91,65.70,76.26,74.78
22.46,22.46,68.09,77.44,75.69
21.45,21.45,66.69,77.02,76.45
17.69,17.69,65.80,76.21,74.09
16.61,16.61,65.70,73.34,74.04
16.64,16.64,64.72,71.45,72.58
17.93,17.93,64.11,64.71,73.03
16.17,16.17,62.53,61.57,72.97
12.66,12.66,63.08,58.91,75.14
14.95,14.95,62.07,59.14,74.51
13.72,13.72,62.21,54.87,74.67
16.84,16.84,61.14,62.50,73.76
11.08,11.08,61.50,58.68,73.82
11.69,11.69,61.36,54.78,73.78
10.22,10.22,58.72,57.32,75.31
14.50,14.50,62.25,51.02,76.11
17.34,17.34,68.69,54.39,75.20
9.78,9.78,81.30,61.02,73.50
10.57,10.57,85.01,67.07,73.08
12.24,12.24,84.29,68.95,75.01
16.75,16.75,71.16,67.75,75.94
16.23,16.23,77.79,72.63,74.68
19.52,19.52,72.72,74.05,74.76
21.98,21.98,73.20,75.58,74.54
23.85,23.85,74.07,76.12,75.26
24.17,24.17,67.60,75.60,74.86
19.66,19.66,57.24,75.49,76.32
17.69,17.69,58.18,74.67,75.78
17.86,17.86,60.63,74.70,74.45
19.09,19.09,60.61,75.54,76.45
19.24,19.24,47.29,76.02,76.59
18.60,18.60,44.26,76.60,76.25
17.81,17.81,50.14,77.50,75.77
17.20,17.20,58.05,76.06,75.90
12.98,12.98,59.10,77.94,76.00
18.86,18.86,66.58,76.31,76.67
19.79,19.79,68.08,76.67,75.02
21.06,21.06,65.98,75.29,75.23
23.12,23.12,65.85,72.70,74.45
32.13,32.13,65.69,68.37,76.03
33.55,33.55,65.37,66.91,77.09
31.05,31.05,65.03,68.05,75.99
29.46,29.46,63.42,61.62,76.11
26.08,26.08,61.68,60.86,76.78
17.40,17.40,60.13,51.06,76.25
15.81,15.81,60.32,58.08,75.81
17.46,17.46,61.26,51.07,75.21
15.87,15.87,60.22,58.14,74.95
11.29,11.29,60.21,54.19,75.19
15.92,15.92,62.99,54.24,76.92
16.00,16.00,67.06,54.92,76.90
13.56,13.56,77.76,58.77,72.90
12.40,12.40,84.85,62.73,74.58
11.44,11.44,81.43,61.96,73.84
14.88,14.88,76.28,70.76,73.54
8.03,8.03,77.78,72.57,74.26
11.09,11.09,73.31,74.17,75.65
10.72,10.72,74.26,75.49,73.55
10.40,10.40,74.58,76.61,74.42
11.27,11.27,69.27,74.13,76.31
10.02,10.02,64.22,72.59,75.65
10.85,10.85,61.19,71.32,75.79
13.73,13.73,58.07,75.92,75.84
16.70,16.70,51.76,77.97,75.26
17.10,17.10,51.98,75.57,73.85
18.08,18.08,56.76,76.44,73.70
19.28,19.28,52.69,75.38,73.47
14.35,14.35,46.66,75.12,73.12
11.59,11.59,55.26,77.33,75.44
13.16,13.16,67.61,74.72,76.03
17.02,17.02,66.92,72.37,74.87
16.64,16.64,65.46,75.94,75.08
19.01,19.01,65.27,76.21,75.00
18.38,18.38,63.97,77.34,76.12
12.62,12.62,63.16,76.23,75.79
16.90,16.90,63.09,74.95,76.61
8.38,8.38,61.84,76.17,75.47
6.43,6.43,62.84,77.30,74.54
8.33,8.33,60.85,76.16,76.00
6.21,6.21,60.07,75.09,76.16
6.52,6.52,58.90,74.86,75.09
8.59,8.59,59.40,74.80,75.18
6.71,6.71,58.90,75.73,75.64
5.16,5.16,60.23,75.63,74.63
5.74,5.74,61.06,77.05,73.51
4.94,4.94,68.33,77.11,73.07
4.97,4.97,82.78,73.99,72.38
7.38,7.38,84.15,70.42,72.44
12.57,12.57,81.54,68.07,72.46
14.97,14.97,75.40,73.72,72.39
17.12,17.12,74.93,72.72,72.39
21.11,21.11,68.87,72.58,70.32
23.70,23.70,75.65,74.65,70.80
27.58,27.58,73.87,73.60,72.36
28.27,28.27,73.20,74.06,71.20
26.86,26.86,73.48,73.24,70.95
23.32,23.32,69.27,74.43,71.80
22.56,22.56,64.89,75.29,72.95
20.85,20.85,62.44,74.75,68.73
19.35,19.35,59.40,74.05,73.49
23.14,23.14,57.51,74.10,74.39
22.03,22.03,48.21,74.42,74.19
14.55,14.55,55.66,75.17,74.35
17.80,17.80,67.11,75.94,76.10
17.08,17.08,67.53,75.89,76.04
13.67,13.67,65.90,73.58,75.05
13.24,13.24,65.04,72.33,75.48
17.93,17.93,65.54,68.44,75.28
24.16,24.16,64.78,58.87,75.86
25.90,25.90,63.75,60.55,77.77
25.57,25.57,64.88,61.35,75.64
25.21,25.21,64.00,56.50,75.28
26.89,26.89,63.41,60.71,75.25
27.73,27.73,63.06,59.61,75.64
25.40,25.40,62.50,53.88,73.03
17.73,17.73,62.01,45.45,74.88
14.47,14.47,61.64,46.28,75.18
11.51,11.51,62.35,41.39,75.39
6.10,6.10,62.80,44.48,76.15
12.95,12.95,72.48,40.56,73.79
8.44,8.44,82.51,58.18,73.06
11.15,11.15,85.04,65.07,72.65
10.49,10.49,78.49,65.84,75.52
13.95,13.95,73.20,70.23,76.27
16.34,16.34,76.25,73.11,75.32
10.90,10.90,72.25,72.69,76.45
14.30,14.30,73.36,74.33,76.83
13.36,13.36,74.21,75.56,76.51
12.33,12.33,69.45,76.38,76.18
12.67,12.67,62.55,76.71,74.19
12.23,12.23,62.18,77.08,76.07
10.83,10.83,61.06,77.11,76.29
13.48,13.48,55.96,76.92,77.03
17.50,17.50,49.39,76.37,77.35
12.03,12.03,48.88,75.71,77.48
10.33,10.33,48.33,75.68,74.74
16.52,16.52,51.41,76.73,75.72
18.73,18.73,67.05,73.44,75.66
19.46,19.46,66.85,76.67,75.66
16.78,16.78,66.52,73.55,75.97
23.73,23.73,66.66,74.87,76.33
25.16,25.16,65.47,70.88,76.49
21.46,21.46,64.15,66.02,74.49
17.58,17.58,63.96,72.13,76.17
15.35,15.35,62.21,71.17,74.64
10.52,10.52,63.74,69.30,73.97
18.54,18.54,62.42,71.92,76.05
26.65,26.65,60.34,71.10,75.99
24.65,24.65,59.87,70.78,77.28
24.77,24.77,58.54,69.80,76.43
23.12,23.12,58.72,71.07,77.47
18.43,18.43,58.70,67.75,77.10
17.80,17.80,63.71,65.65,75.86
23.77,23.77,70.35,59.78,75.47
23.66,23.66,81.82,57.53,74.50
15.91,15.91,84.51,58.02,75.20
13.79,13.79,80.53,64.19,75.87
13.65,13.65,74.36,73.34,77.73
9.56,9.56,71.64,73.72,75.05
15.08,15.08,58.73,74.23,77.39
14.38,14.38,71.23,74.11,76.12
17.18,17.18,69.58,73.68,77.36
17.85,17.85,72.04,74.88,75.37
17.66,17.66,72.74,75.24,76.18
15.83,15.83,64.35,74.51,75.66
14.65,14.65,53.34,74.24,74.83
15.90,15.90,57.98,74.25,75.11
13.81,13.81,57.85,75.61,76.25
13.66,13.66,58.25,74.74,76.51
14.83,14.83,55.30,75.28,77.15
14.64,14.64,57.82,74.90,75.75
10.98,10.98,67.22,79.31,76.63
20.14,20.14,66.22,74.19,75.74
19.25,19.25,65.01,72.31,75.63
15.92,15.92,66.33,68.47,74.66
18.97,18.97,65.65,74.10,76.08
22.63,22.63,65.38,72.91,75.01
32.50,32.50,62.73,71.44,77.17
29.67,29.67,61.16,70.18,77.86
24.04,24.04,61.41,72.20,76.09
26.39,26.39,60.89,69.60,75.87
17.62,17.62,61.99,70.02,75.46
17.89,17.89,60.56,72.02,76.15
20.61,20.61,60.70,71.11,75.58
19.96,19.96,59.61,67.41,74.99
20.03,20.03,59.61,71.22,77.09
16.83,16.83,63.95,69.35,75.34
15.71,15.71,68.61,64.97,77.05
13.77,13.77,77.22,59.58,76.83
14.02,14.02,83.43,65.17,73.00
11.73,11.73,83.34,62.98,74.45
8.19,8.19,83.29,69.81,73.75
7.36,7.36,76.73,70.15,76.25
14.58,14.58,74.49,73.36,75.88
19.29,19.29,71.33,76.33,75.82
22.48,22.48,75.49,75.46,73.68
23.10,23.10,76.17,73.58,72.28
16.59,16.59,75.32,68.81,73.10
14.35,14.35,72.06,62.90,74.58
16.38,16.38,62.97,71.86,77.22
22.62,22.62,61.74,71.24,77.81
23.27,23.27,57.96,72.67,77.54
20.63,20.63,59.85,71.74,75.93
15.77,15.77,57.66,69.21,76.02
10.51,10.51,64.01,70.65,74.40
9.33,9.33,72.46,71.96,74.23
7.05,7.05,72.28,76.98,73.91
4.57,4.57,73.02,75.12,74.44
4.50,4.50,71.57,72.59,77.05
6.52,6.52,67.47,68.79,75.84
8.61,8.61,66.20,73.27,75.32
22.32,22.32,67.01,76.30,75.44
30.71,30.71,65.58,74.81,75.84
33.83,33.83,66.70,76.75,75.45
27.40,27.40,74.41,74.66,74.29
19.93,19.93,72.72,73.19,72.66
13.54,13.54,72.32,68.59,73.86
8.92,8.92,69.11,70.67,73.52
6.89,6.89,66.55,75.54,74.06
11.61,11.61,66.53,76.22,72.01
19.42,19.42,66.05,77.15,72.72
25.67,25.67,75.72,77.51,72.56
30.48,30.48,85.21,73.65,71.91
36.40,36.40,80.25,67.45,74.20
37.01,37.01,76.89,78.70,73.86
38.83,38.83,74.21,75.07,72.80
39.06,39.06,73.50,76.35,71.19
43.33,43.33,74.06,76.65,71.97
51.32,51.32,73.31,77.39,70.48
60.77,60.77,73.46,77.54,71.17
69.55,69.55,71.14,73.64,69.24
79.84,79.84,71.16,76.18,71.25
75.78,75.78,70.43,75.18,69.91
77.23,77.23,69.98,73.88,71.22
75.08,75.08,69.50,75.77,70.44
75.67,75.67,68.63,76.03,67.83
75.64,75.64,69.39,76.80,69.58
73.99,73.99,69.52,78.16,68.61
75.59,75.59,68.34,78.44,72.71
73.30,73.30,68.89,70.00,73.71
68.68,68.68,68.59,68.09,74.09
71.22,71.22,68.39,63.98,74.69
73.99,73.99,66.70,56.78,75.84
70.46,70.46,67.80,64.68,76.29
66.36,66.36,67.76,66.91,74.58
61.20,61.20,67.24,65.31,75.48
65.41,65.41,66.69,63.92,74.64
66.22,66.22,63.97,59.43,73.56
69.06,69.06,63.35,54.79,73.50
69.45,69.45,63.25,59.39,74.12
69.81,69.81,62.08,54.53,73.82
69.13,69.13,64.17,50.38,72.42
75.95,75.95,64.59,50.94,71.70
74.50,74.50,65.08,46.67,70.52
72.49,72.49,66.00,47.05,72.69
70.78,70.78,68.33,50.17,72.42
74.49,74.49,74.56,57.66,72.05
71.17,71.17,85.61,62.75,69.51
70.68,70.68,81.07,62.08,72.27
71.00,71.00,82.58,70.76,73.21
74.83,74.83,76.61,75.01,74.85
73.10,73.10,73.01,73.84,74.86
72.58,72.58,71.04,73.40,74.21
78.68,78.68,72.92,74.10,72.86
76.62,76.62,73.53,75.06,73.40
76.50,76.50,72.38,78.84,71.89
77.66,77.66,70.29,78.37,73.94
72.47,72.47,63.02,75.94,74.38
72.79,72.79,59.88,77.67,72.33
72.21,72.21,60.63,77.73,73.32
71.53,71.53,58.42,76.66,72.15
70.95,70.95,58.06,78.30,71.93
70.26,70.26,59.38,78.28,72.89
71.93,71.93,65.57,80.26,73.63
70.50,70.50,69.29,77.09,71.06
70.75,70.75,67.17,76.91,72.37
71.87,71.87,65.87,71.49,69.88
73.59,73.59,65.99,66.67,67.41
72.90,72.90,64.74,62.20,66.15
70.58,70.58,64.32,60.14,68.30
61.62,61.62,65.34,59.10,67.16
61.16,61.16,66.54,56.53,68.78
56.06,56.06,64.89,51.46,68.21
53.00,53.00,64.31,52.64,69.72
51.94,51.94,62.61,51.03,69.28
55.71,55.71,60.15,50.03,69.10
63.12,63.12,56.52,50.09,65.34
70.73,70.73,53.90,54.58,64.15
72.85,72.85,52.74,56.46,68.90
74.33,74.33,55.63,51.71,69.99
77.10,77.10,62.52,55.05,71.94
70.75,70.75,69.13,59.50,73.48
67.12,67.12,85.43,63.62,70.60
67.75,67.75,85.05,62.47,72.01
72.19,72.19,79.14,67.40,74.01
74.32,74.32,70.51,68.54,74.22
75.98,75.98,70.92,70.15,73.89
74.28,74.28,68.73,71.59,74.51
72.83,72.83,70.94,71.26,75.01
63.70,63.70,72.36,76.05,73.95
64.14,64.14,71.85,75.42,74.90
61.80,61.80,58.28,72.92,75.79
67.30,67.30,52.92,75.96,74.71
68.72,68.72,54.87,75.29,75.14
69.30,69.30,62.55,76.55,73.80
70.12,70.12,56.02,77.13,74.40
69.60,69.60,55.52,73.57,74.76
65.99,65.99,59.61,74.03,74.62
69.41,69.41,68.79,77.18,75.01
68.59,68.59,72.17,76.91,75.04
68.62,68.62,68.43,75.22,77.34
62.32,62.32,65.14,76.48,76.80
62.56,62.56,67.43,67.05,76.51
64.38,64.38,66.00,66.18,75.20
67.54,67.54,65.37,60.26,73.40
72.32,72.32,62.41,54.65,75.21
73.29,73.29,60.42,56.55,77.06
79.21,79.21,62.08,57.26,71.44
78.06,78.06,60.01,55.40,72.77
78.41,78.41,59.19,54.33,74.20
76.53,76.53,57.54,50.85,75.12
78.89,78.89,57.22,52.56,74.83
79.09,79.09,57.44,52.75,72.20
78.62,78.62,55.53,51.19,74.15
77.02,77.02,60.88,47.10,71.70
78.78,78.78,68.34,46.29,71.46
77.55,77.55,73.83,57.40,71.16
66.47,66.47,84.25,62.04,71.52
68.43,68.43,83.34,60.14,71.18
77.54,77.54,76.64,66.92,73.05
79.32,79.32,71.56,69.54,71.42
77.29,77.29,68.52,67.82,73.35
74.37,74.37,68.73,71.82,71.36
76.77,76.77,69.27,71.88,72.09
74.15,74.15,71.33,75.49,71.79
73.55,73.55,72.41,75.44,72.44
72.54,72.54,68.15,68.83,74.08
76.78,76.78,61.76,74.10,74.15
77.62,77.62,56.65,69.95,71.89
74.06,74.06,53.75,72.14,73.09
74.12,74.12,51.64,75.05,72.23
74.90,74.90,54.24,76.23,72.59
72.18,72.18,55.33,74.38,72.25
74.46,74.46,65.65,76.16,72.38
72.97,72.97,67.65,79.81,72.07
74.06,74.06,65.77,78.13,72.28
71.85,71.85,65.52,79.13,73.46
71.83,71.83,64.80,76.70,73.22
72.88,72.88,64.15,73.08,73.24
75.30,75.30,63.96,73.90,70.61
77.56,77.56,62.64,77.75,70.02
74.18,74.18,63.16,76.69,72.27
73.80,73.80,62.13,76.53,71.74
74.61,74.61,61.12,76.40,71.56
71.77,71.77,61.74,76.36,72.96
65.28,65.28,60.51,75.96,72.72
62.14,62.14,57.91,76.92,73.99
57.51,57.51,58.41,77.52,74.40
61.89,61.89,57.35,76.27,74.10
66.13,66.13,60.28,73.85,75.39
62.50,62.50,67.81,73.01,75.28
63.89,63.89,79.81,72.23,72.85
57.62,57.62,85.26,61.59,72.90
54.07,54.07,82.09,67.17,73.17
54.03,54.03,77.53,70.50,71.97
51.24,51.24,73.03,73.91,75.08
52.22,52.22,73.93,76.65,73.27
56.23,56.23,72.13,76.73,71.21
60.50,60.50,74.75,78.55,71.14
69.85,69.85,75.01,77.22,68.92
77.04,77.04,69.84,74.41,70.17
71.32,71.32,65.91,77.78,68.89
73.13,73.13,63.79,75.81,68.39
72.53,72.53,54.37,76.37,66.90
73.94,73.94,53.22,76.71,69.56
73.27,73.27,56.64,76.26,73.01
73.12,73.12,54.74,78.51,71.59
72.16,72.16,57.74,78.15,70.90
72.30,72.30,67.76,78.24,73.35
72.84,72.84,66.81,75.83,74.19
71.88,71.88,67.43,72.45,74.05
76.40,76.40,66.44,70.20,74.41
76.59,76.59,65.66,65.76,74.06
75.07,75.07,65.42,62.32,74.28
74.14,74.14,64.31,61.65,74.39
69.22,69.22,64.42,59.74,74.51
66.92,66.92,64.50,57.00,72.30
68.10,68.10,60.97,56.97,72.16
69.71,69.71,58.74,57.55,73.18
70.72,70.72,58.05,58.35,72.72
69.34,69.34,58.21,56.08,73.85
72.18,72.18,58.40,53.48,73.63
70.68,70.68,61.00,52.26,71.83
72.32,72.32,64.39,53.88,72.03
71.18,71.18,69.06,48.72,74.39
73.43,73.43,71.29,64.95,73.49
67.48,67.48,83.62,65.72,71.04
69.27,69.27,82.70,72.18,71.93
70.95,70.95,80.35,71.01,73.04
73.13,73.13,73.90,77.12,72.35
75.43,75.43,76.17,77.00,72.95
76.13,76.13,73.67,77.34,73.69
74.54,74.54,74.61,78.02,72.56
72.95,72.95,75.91,76.48,73.95
75.12,75.12,74.27,75.92,73.79
76.96,76.96,72.12,77.42,73.04
74.32,74.32,70.15,77.68,72.94
74.56,74.56,65.04,77.58,73.12
72.66,72.66,58.60,77.47,72.86
74.27,74.27,55.37,79.25,72.89
73.07,73.07,54.24,78.55,70.95
71.11,71.11,56.89,77.20,70.93
71.84,71.84,59.13,79.22,72.83
72.37,72.37,67.56,81.67,70.01
70.56,70.56,69.65,75.57,70.87
68.29,68.29,67.97,73.85,72.11
68.90,68.90,67.18,67.99,70.83
68.81,68.81,68.07,64.01,69.98
72.83,72.83,68.57,63.89,69.92
69.23,69.23,67.30,59.75,69.70
69.79,69.79,68.26,61.34,70.61
73.65,73.65,67.77,62.78,70.31
67.89,67.89,64.71,59.64,68.25
68.76,68.76,64.80,62.17,67.75
68.35,68.35,63.06,61.43,67.33
66.55,66.55,60.44,58.22,68.34
67.33,67.33,60.09,58.33,69.08
67.37,67.37,59.38,57.66,71.07
64.68,64.68,59.71,53.34,72.08
64.94,64.94,64.88,53.68,74.56
67.20,67.20,77.15,57.54,74.26
63.88,63.88,85.12,64.36,72.19
65.39,65.39,80.87,63.59,75.29
65.56,65.56,83.10,66.03,75.29
65.70,65.70,72.21,67.96,76.36
65.07,65.07,73.55,73.12,75.26
68.88,68.88,70.36,74.06,74.57
69.86,69.86,71.23,76.03,75.70
76.92,76.92,73.18,75.65,73.91
74.61,74.61,72.39,74.60,73.36
72.81,72.81,68.15,74.70,74.54
75.99,75.99,55.43,74.32,72.66
76.99,76.99,52.70,75.61,74.96
77.46,77.46,62.46,75.96,74.29
77.00,77.00,55.53,71.27,72.29
72.68,72.68,63.18,73.81,72.84
71.02,71.02,57.33,76.86,72.33
70.03,70.03,59.82,78.66,73.34
76.90,76.90,67.94,77.78,72.46
75.44,75.44,67.84,72.72,73.45
72.22,72.22,66.54,74.43,72.72
70.85,70.85,65.65,70.36,74.92
71.11,71.11,65.16,61.91,75.35
69.90,69.90,63.93,66.38,75.51
68.99,68.99,64.16,60.48,76.36
70.56,70.56,62.59,61.09,76.28
76.61,76.61,62.07,57.54,75.77
74.85,74.85,61.49,59.26,75.08
75.30,75.30,59.35,59.58,73.06
78.13,78.13,61.10,60.32,73.93
74.59,74.59,60.65,58.71,73.49
74.24,74.24,58.60,55.16,70.28
75.42,75.42,61.52,58.06,72.80
76.42,76.42,64.23,57.74,72.12
75.47,75.47,71.78,61.12,72.26
72.63,72.63,80.65,66.64,69.29
72.71,72.71,83.28,64.91,70.91
73.60,73.60,81.11,67.84,71.22
72.14,72.14,73.54,71.05,72.43
74.71,74.71,70.81,70.07,71.64
78.58,78.58,71.23,72.04,71.90
76.93,76.93,72.36,75.15,71.94
73.65,73.65,70.23,75.92,73.96
76.90,76.90,70.22,72.00,74.61
78.52,78.52,70.12,70.54,73.30
80.47,80.47,62.24,69.51,73.85
80.86,80.86,56.63,69.23,71.91
80.19,80.19,52.90,73.86,72.31
75.49,75.49,56.85,76.22,73.96
77.24,77.24,52.73,75.22,73.47
79.09,79.09,51.42,75.07,72.43
77.38,77.38,61.03,76.98,72.78
76.62,76.62,71.30,78.40,73.25
78.13,78.13,69.87,79.02,71.51
74.59,74.59,66.78,75.06,72.04
78.25,78.25,66.38,71.42,74.62
75.14,75.14,65.78,74.63,74.21
75.88,75.88,63.48,74.20,75.25
77.73,77.73,62.68,76.98,72.69
76.02,76.02,62.58,75.92,71.52
76.08,76.08,62.82,75.39,74.34
76.28,76.28,61.25,76.50,73.17
74.88,74.88,60.79,75.70,72.45
75.07,75.07,61.51,75.85,71.86
72.71,72.71,59.34,76.89,71.71
74.02,74.02,57.24,77.42,70.90
68.59,68.59,58.35,75.91,69.98
63.86,63.86,59.13,76.54,73.66
63.07,63.07,64.38,74.33,73.35
59.53,59.53,70.31,63.32,71.51
58.54,58.54,84.09,67.43,71.85
56.21,56.21,84.04,66.04,70.53
54.75,54.75,79.59,70.42,72.02
58.78,58.78,69.37,74.33,72.21
59.95,59.95,66.75,71.06,73.86
61.13,61.13,70.85,73.28,76.54
58.77,58.77,72.24,73.53,74.36
54.66,54.66,71.01,73.93,74.07
58.96,58.96,65.35,74.58,72.83
57.91,57.91,57.00,74.89,73.62
56.14,56.14,51.21,74.26,73.34
58.15,58.15,54.94,75.88,73.06
61.44,61.44,52.24,76.60,71.71
61.52,61.52,46.04,76.40,69.24
65.84,65.84,52.08,76.03,71.05
72.41,72.41,55.94,75.56,72.67
75.20,75.20,56.78,74.17,74.89
75.80,75.80,63.57,77.98,72.66
70.42,70.42,66.08,73.03,72.18
75.93,75.93,65.47,68.70,72.72
76.29,76.29,65.02,68.41,74.35
73.07,73.07,65.72,64.67,73.72
72.07,72.07,65.65,65.38,73.56
74.83,74.83,64.42,61.85,74.37
71.49,71.49,64.86,58.44,73.75
70.34,70.34,65.48,58.13,72.82
68.80,68.80,62.02,57.52,72.65
66.87,66.87,56.99,59.85,73.13
70.99,70.99,55.34,60.00,73.42
69.41,69.41,54.64,58.59,73.83
69.52,69.52,51.61,59.42,72.61
69.78,69.78,49.90,55.83,73.06
70.87,70.87,54.73,51.71,73.27
69.48,69.48,64.52,55.48,72.96
65.57,65.57,76.71,62.97,72.19
66.28,66.28,85.60,65.88,73.66
72.64,72.64,78.97,63.19,73.73
72.33,72.33,75.30,68.95,73.51
72.33,72.33,74.57,70.02,74.84
71.43,71.43,68.92,72.21,74.19
71.97,71.97,71.09,73.71,74.74
72.72,72.72,73.35,75.30,74.12
72.47,72.47,75.97,76.74,72.53
75.15,75.15,73.88,74.72,74.49
75.00,75.00,66.71,74.48,73.79
74.01,74.01,64.15,73.62,73.71
73.95,73.95,64.66,74.27,74.39
76.65,76.65,58.41,74.50,73.77
73.37,73.37,51.64,74.87,73.51
72.64,72.64,50.25,77.05,72.16
73.01,73.01,61.59,77.57,73.73
71.59,71.59,59.97,72.36,72.19
74.47,74.47,65.72,73.61,70.75
71.93,71.93,67.71,75.95,72.00
72.77,72.77,65.46,73.72,71.49
74.23,74.23,64.62,72.87,69.87
73.55,73.55,64.76,68.71,69.35
74.21,74.21,63.58,71.15,71.28
73.92,73.92,63.61,70.44,68.33
73.82,73.82,63.49,67.57,71.34
75.49,75.49,63.09,64.99,70.64
76.68,76.68,63.09,61.16,70.37
75.95,75.95,61.43,56.57,69.65
71.62,71.62,61.45,48.81,71.37
72.84,72.84,60.35,50.25,68.93
72.26,72.26,60.92,45.75,68.32
70.14,70.14,60.88,42.32,69.99
72.27,72.27,61.93,48.98,72.46
69.08,69.08,66.47,49.60,72.43
63.96,63.96,74.38,51.44,74.41
61.48,61.48,85.83,64.32,73.26
60.18,60.18,79.89,67.93,76.05
60.17,60.17,79.14,70.46,75.37
57.68,57.68,73.95,73.41,76.46
56.93,56.93,69.17,73.89,76.62
57.47,57.47,70.68,73.23,77.00
56.70,56.70,66.93,72.69,75.95
60.92,60.92,69.60,75.19,76.08
60.75,60.75,70.56,77.02,76.90
56.55,56.55,62.97,77.46,75.01
55.04,55.04,60.49,76.35,75.83
52.41,52.41,54.33,76.14,75.30
50.78,50.78,56.26,76.42,75.15
49.20,49.20,51.24,76.35,76.39
49.86,49.86,53.97,76.85,73.99
46.22,46.22,58.43,75.98,75.88
47.16,47.16,62.63,74.09,75.36
47.38,47.38,67.92,75.22,74.50
45.10,45.10,67.06,75.19,76.30
43.23,43.23,64.96,75.73,75.32
40.77,40.77,64.69,77.39,75.26
40.74,40.74,65.71,77.37,75.45
38.89,38.89,64.47,77.82,74.70
38.91,38.91,64.36,76.80,75.46
38.26,38.26,63.38,73.59,75.46
36.85,36.85,62.03,68.54,75.15
32.08,32.08,61.62,63.31,75.45
32.89,32.89,60.81,62.89,74.84
34.97,34.97,61.42,60.92,74.43
34.20,34.20,60.73,65.20,75.21
31.10,31.10,60.99,62.21,74.46
29.77,29.77,61.50,67.93,71.92
25.48,25.48,66.69,65.10,72.87
23.12,23.12,77.73,56.02,73.47
19.75,19.75,84.28,66.94,71.24
24.31,24.31,82.10,66.84,73.12
22.31,22.31,77.81,65.14,72.82
21.01,21.01,76.47,69.77,73.95
22.14,22.14,73.94,73.63,74.37
22.26,22.26,74.64,72.50,75.11
23.53,23.53,76.19,74.13,73.63
19.49,19.49,72.24,72.23,73.28
17.21,17.21,69.16,73.10,75.50
19.01,19.01,64.45,73.21,74.90
20.01,20.01,58.64,73.79,73.54
21.18,21.18,57.36,77.64,73.39
22.47,22.47,54.08,75.96,74.05
23.56,23.56,46.21,76.03,74.15
20.45,20.45,43.93,73.71,74.05
16.01,16.01,48.05,73.93,74.79
16.16,16.16,62.95,77.23,75.44
20.67,20.67,68.68,79.97,75.58
16.58,16.58,66.37,79.69,75.44
8.08,8.08,64.30,77.72,76.52
12.81,12.81,65.98,74.73,74.49
7.19,7.19,63.53,75.98,74.57
15.34,15.34,63.71,75.46,74.03
8.59,8.59,63.02,78.11,74.25
12.80,12.80,61.28,76.89,73.76
14.51,14.51,61.10,74.78,74.21
10.92,10.92,60.60,75.04,73.43
11.52,11.52,62.24,75.84,75.29
13.73,13.73,60.79,75.07,74.50
12.25,12.25,59.65,74.93,74.34
17.01,17.01,58.62,73.82,73.27
14.04,14.04,57.94,75.15,74.91
11.30,11.30,59.78,75.77,73.00
8.92,8.92,67.25,69.86,72.67
5.72,5.72,76.53,71.56,72.21
4.71,4.71,84.92,73.17,69.93
8.92,8.92,81.92,69.87,71.89
12.95,12.95,77.21,70.75,71.77
17.31,17.31,73.53,72.77,69.94
17.31,17.31,70.76,75.01,71.18
16.86,16.86,70.07,75.48,69.85
20.08,20.08,70.32,75.07,74.19
19.16,19.16,69.54,73.85,72.74
17.40,17.40,70.56,73.31,72.60
15.99,15.99,62.58,75.17,72.32
17.14,17.14,61.55,75.67,71.25
15.90,15.90,61.60,75.42,71.27
17.65,17.65,52.87,76.28,70.06
16.97,16.97,48.19,76.86,69.31
19.62,19.62,49.18,72.90,72.76
11.88,11.88,51.81,74.23,74.06
9.99,9.99,65.12,77.47,75.67
11.43,11.43,67.90,69.73,74.96
14.64,14.64,67.32,74.91,75.32
16.95,16.95,65.90,70.60,76.07
14.18,14.18,66.86,71.93,75.36
16.58,16.58,64.46,73.31,75.38
12.38,12.38,63.47,72.89,73.91
11.06,11.06,62.89,71.80,75.27
12.26,12.26,61.15,65.43,74.23
13.31,13.31,61.74,65.92,73.72
13.32,13.32,62.38,66.75,73.54
11.04,11.04,61.64,66.99,73.43
8.17,8.17,60.66,69.93,74.51
7.43,7.43,59.86,66.27,73.58
8.12,8.12,58.38,66.79,75.02
16.30,16.30,60.55,66.05,76.86
17.22,17.22,65.43,63.47,73.73
15.14,15.14,71.68,57.74,73.74
12.76,12.76,81.69,56.88,74.81
12.84,12.84,81.92,66.32,72.47
11.72,11.72,81.43,68.84,74.82
16.05,16.05,74.51,71.08,75.14
14.01,14.01,75.69,71.69,75.97
14.24,14.24,70.65,73.48,76.65
13.79,13.79,75.58,73.66,74.54
13.53,13.53,72.29,72.98,75.41
13.77,13.77,74.53,73.28,73.27
13.24,13.24,73.08,74.35,74.18
12.62,12.62,63.88,72.84,77.26
11.52,11.52,61.91,73.26,76.60
15.10,15.10,61.39,73.17,77.23
20.69,20.69,60.19,73.97,75.94
21.77,21.77,62.12,73.99,76.20
21.39,21.39,60.54,75.26,75.66
24.69,24.69,60.65,75.69,74.87
25.80,25.80,64.82,77.03,75.28
24.61,24.61,67.00,77.45,74.00
24.24,24.24,65.95,77.47,75.65
22.97,22.97,64.57,70.99,73.84
26.39,26.39,64.63,73.01,72.26
29.43,29.43,64.28,69.54,71.32
36.77,36.77,64.79,71.27,69.17
46.11,46.11,63.13,63.14,68.44
57.13,57.13,60.40,70.04,71.04
63.99,63.99,56.08,67.98,71.37
69.17,69.17,55.36,62.96,72.26
71.38,71.38,52.31,65.19,72.46
72.31,72.31,48.74,66.08,72.14
70.25,70.25,48.83,64.53,70.20
71.08,71.08,53.61,63.60,69.96
77.53,77.53,63.40,56.55,71.82
70.98,70.98,66.92,51.68,73.68
70.51,70.51,77.40,58.94,74.91
68.95,68.95,86.44,66.45,71.73
66.58,66.58,83.45,66.15,73.89
71.11,71.11,77.34,68.11,74.52
69.01,69.01,78.63,71.49,76.03
68.64,68.64,68.53,73.82,74.27
69.57,69.57,71.00,74.92,74.21
72.32,72.32,74.84,75.50,74.22
75.15,75.15,73.12,75.72,73.36
71.15,71.15,65.63,74.78,74.26
74.51,74.51,60.64,75.46,73.78
70.37,70.37,58.10,76.08,74.55
70.72,70.72,51.44,76.65,73.47
73.80,73.80,54.58,76.17,72.83
74.53,74.53,52.30,76.41,72.38
73.12,73.12,50.26,76.60,72.58
72.56,72.56,51.92,76.41,72.98
74.43,74.43,57.22,75.17,71.67
72.39,72.39,65.27,74.50,74.53
68.30,68.30,66.41,75.14,74.72
66.27,66.27,64.96,76.37,75.81
64.69,64.69,65.98,72.64,73.85
60.80,60.80,64.53,70.18,74.84
57.14,57.14,62.31,70.48,74.79
56.75,56.75,63.01,75.20,74.04
57.46,57.46,61.67,70.52,76.80
55.89,55.89,62.75,70.23,75.92
53.83,53.83,62.62,72.81,75.99
54.29,54.29,63.41,72.48,75.42
59.00,59.00,62.50,70.29,74.17
61.21,61.21,60.38,62.04,72.77
67.62,67.62,61.40,62.10,73.40
73.54,73.54,58.68,65.97,74.13
73.64,73.64,63.52,61.68,75.03
75.09,75.09,68.17,58.90,76.49
69.91,69.91,78.80,66.40,72.49
67.07,67.07,84.52,66.08,70.54
67.42,67.42,79.79,69.14,72.88
66.00,66.00,79.48,68.30,71.98
67.51,67.51,79.89,72.44,74.61
68.11,68.11,79.04,72.04,72.89
68.84,68.84,72.25,72.58,74.90
68.09,68.09,74.73,66.00,74.23
67.49,67.49,75.93,69.17,74.93
68.31,68.31,74.11,68.60,73.97
67.96,67.96,69.99,62.57,74.96
68.26,68.26,71.26,74.12,74.41
68.13,68.13,68.60,72.85,73.93
68.21,68.21,67.78,73.83,74.02
68.91,68.91,67.77,73.11,73.49
70.16,70.16,63.44,74.83,73.93
73.76,73.76,67.17,75.98,73.44
71.99,71.99,67.18,76.81,73.12
70.86,70.86,71.30,71.81,73.36
70.90,70.90,73.46,70.83,74.11
72.56,72.56,73.07,71.85,72.42
73.38,73.38,68.55,73.74,73.37
74.20,74.20,66.73,75.71,72.76
73.82,73.82,66.52,76.07,73.06
76.53,76.53,67.90,74.55,72.91
73.76,73.76,68.01,76.36,72.30
73.15,73.15,71.66,75.66,73.33
74.12,74.12,71.90,70.84,72.85
76.58,76.58,68.72,74.72,73.56
74.11,74.11,66.69,74.41,74.43
74.62,74.62,63.18,74.37,73.27
74.57,74.57,61.66,72.65,72.60
77.42,77.42,66.43,72.18,70.56
76.88,76.88,69.13,67.99,68.45
77.00,77.00,79.84,71.14,69.96
74.59,74.59,86.02,72.71,68.81
70.79,70.79,81.23,77.98,68.78
76.55,76.55,78.41,76.75,69.49
76.27,76.27,68.80,75.08,69.42
75.88,75.88,74.29,74.05,68.31
77.35,77.35,73.28,77.12,70.15
72.44,72.44,66.29,76.92,70.24
71.17,71.17,65.92,75.54,70.88
70.81,70.81,67.07,77.44,70.90
73.90,73.90,67.75,78.64,71.03
72.35,72.35,55.39,77.88,69.63
67.87,67.87,57.60,78.66,68.94
75.37,75.37,52.32,79.02,68.24
76.83,76.83,48.19,79.44,70.03
78.10,78.10,55.44,78.42,69.38
77.00,77.00,56.33,79.31,72.35
73.54,73.54,69.76,81.44,72.12
76.85,76.85,68.02,72.51,74.25
73.86,73.86,64.66,61.75,75.06
76.92,76.92,64.36,71.71,74.31
73.68,73.68,64.50,68.40,76.34
73.80,73.80,63.28,61.96,73.89
76.58,76.58,62.92,66.66,75.92
76.25,76.25,62.10,66.85,76.03
75.49,75.49,62.42,54.97,75.53
75.75,75.75,61.52,62.06,74.51
74.89,74.89,60.92,61.11,74.48
71.03,71.03,62.27,60.83,72.87
63.46,63.46,62.29,60.34,71.93
62.16,62.16,61.37,56.89,73.40
63.41,63.41,61.03,53.67,72.98
67.80,67.80,61.13,52.95,73.33
72.60,72.60,64.18,53.24,77.48
74.68,74.68,70.20,58.90,75.83
69.33,69.33,76.87,64.65,73.73
67.78,67.78,84.80,67.10,72.02
72.31,72.31,81.14,70.10,73.25
71.19,71.19,76.73,67.59,74.91
70.44,70.44,73.08,74.64,74.02
69.73,69.73,71.66,67.30,75.47
74.37,74.37,71.73,70.35,74.43
77.79,77.79,64.43,73.11,73.41
71.41,71.41,64.71,70.23,71.84
70.12,70.12,62.40,70.61,73.35
73.79,73.79,58.88,72.43,74.52
73.08,73.08,57.86,74.06,74.83
71.10,71.10,55.40,72.24,74.04
72.38,72.38,54.63,72.69,73.75
71.86,71.86,49.89,73.33,72.98
68.62,68.62,50.44,73.83,73.31
69.65,69.65,52.74,70.84,72.15
69.62,69.62,66.57,75.74,72.26
71.52,71.52,70.86,69.74,71.29
73.02,73.02,70.04,70.07,70.51
73.65,73.65,68.17,69.47,68.05
71.80,71.80,65.90,69.41,69.36
70.35,70.35,64.22,72.54,70.68
69.71,69.71,64.51,68.60,69.20
68.18,68.18,64.32,65.30,69.10
71.91,71.91,62.31,63.15,72.18
73.57,73.57,63.60,60.86,71.90
71.13,71.13,61.15,67.21,72.93
71.49,71.49,59.19,63.80,72.35
71.90,71.90,60.28,63.95,70.56
73.56,73.56,59.76,64.94,70.54
72.67,72.67,58.02,64.82,71.47
73.75,73.75,57.33,60.85,71.73
69.56,69.56,58.38,60.43,73.02
69.89,69.89,63.24,58.63,74.91
68.41,68.41,72.07,67.75,75.62
67.20,67.20,84.68,68.64,71.61
68.91,68.91,82.39,71.94,73.30
71.60,71.60,77.50,76.85,74.34
69.83,69.83,68.39,76.62,74.59
67.96,67.96,63.62,70.40,75.03
67.04,67.04,64.10,73.77,73.36
70.89,70.89,71.00,73.70,71.42
70.29,70.29,73.45,74.45,75.46
71.69,71.69,72.40,71.75,74.03
67.05,67.05,63.64,71.04,75.16
56.78,56.78,61.35,75.47,75.56
56.24,56.24,50.31,76.19,75.91
59.84,59.84,54.27,70.46,75.31
68.10,68.10,50.56,73.34,75.09
71.97,71.97,54.43,68.57,74.23
72.12,72.12,60.38,74.00,75.54
68.45,68.45,70.91,75.10,74.62
59.63,59.63,73.02,71.86,74.14
59.13,59.13,70.43,74.39,75.26
57.05,57.05,67.83,77.60,75.15
56.58,56.58,67.40,77.22,75.44
61.97,61.97,68.51,75.28,74.00
71.50,71.50,65.99,69.41,74.93
75.02,75.02,64.23,70.99,72.97
70.42,70.42,63.28,63.68,74.74
72.78,72.78,62.77,64.57,72.90
72.62,72.62,60.83,61.25,73.16
72.74,72.74,60.27,58.64,74.22
74.56,74.56,59.90,60.68,73.02
72.78,72.78,59.88,60.74,71.60
73.20,73.20,60.98,60.40,72.66
74.25,74.25,64.74,54.34,71.70
72.84,72.84,70.49,55.97,73.59
72.11,72.11,79.09,67.69,70.84
71.18,71.18,85.23,64.48,68.40
70.59,70.59,82.78,67.24,70.15
71.97,71.97,82.45,62.14,70.85
73.27,73.27,71.32,64.43,71.46
73.42,73.42,76.39,71.36,69.67
72.51,72.51,76.75,74.59,72.62
72.60,72.60,71.54,77.10,71.68
71.77,71.77,69.17,75.71,73.55
70.26,70.26,66.87,72.87,72.44
70.30,70.30,63.29,70.87,74.23
71.00,71.00,64.18,68.92,74.67
73.39,73.39,55.08,68.70,75.37
71.83,71.83,50.35,72.14,71.67
70.01,70.01,52.27,73.61,73.40
70.97,70.97,54.70,75.57,73.20
69.87,69.87,54.86,76.90,72.83
69.31,69.31,58.90,70.08,73.18
70.36,70.36,65.60,74.62,72.94
72.55,72.55,65.72,76.44,74.93
71.07,71.07,64.54,78.58,74.19
73.94,73.94,64.94,74.44,74.02
72.06,72.06,63.51,72.04,75.44
73.14,73.14,63.86,73.79,75.68
69.07,69.07,63.47,73.00,74.41
64.41,64.41,63.56,74.73,74.67
64.47,64.47,61.83,76.04,75.26
65.39,65.39,62.32,74.75,73.46
72.50,72.50,61.42,75.54,74.95
69.78,69.78,60.70,75.88,72.04
65.30,65.30,60.80,75.48,72.52
56.84,56.84,61.84,74.72,73.28
52.85,52.85,60.20,75.61,73.46
52.62,52.62,64.42,74.34,74.06
55.87,55.87,70.36,70.25,72.93
57.91,57.91,81.70,70.27,73.04
56.16,56.16,85.91,63.94,71.12
62.68,62.68,80.39,67.81,72.99
65.16,65.16,75.87,71.12,71.48
65.09,65.09,77.54,70.55,72.19
66.08,66.08,71.96,68.90,73.16
64.93,64.93,71.05,76.38,72.04
64.77,64.77,68.52,69.93,73.81
66.28,66.28,71.73,76.00,73.47
68.20,68.20,62.78,73.05,74.29
67.50,67.50,52.91,75.17,73.36
64.24,64.24,56.44,76.28,71.74
60.82,60.82,49.93,72.27,70.38
66.60,66.60,52.31,77.50,68.53
73.84,73.84,58.39,73.48,69.12
76.65,76.65,57.06,70.11,68.97
79.64,79.64,60.73,73.64,72.10
76.55,76.55,62.79,71.18,73.27
77.83,77.83,66.71,75.50,72.78
77.24,77.24,64.78,71.43,73.75
75.12,75.12,62.99,66.63,75.81
76.35,76.35,63.50,70.95,74.17
74.67,74.67,64.71,67.75,74.72
75.11,75.11,63.52,66.55,75.19
74.00,74.00,63.13,62.86,74.55
72.68,72.68,62.23,63.09,76.60
74.65,74.65,60.71,59.96,74.47
76.07,76.07,60.52,56.45,74.41
74.22,74.22,59.37,57.88,74.66
74.72,74.72,58.81,53.84,74.00
74.37,74.37,59.27,57.03,74.28
68.30,68.30,57.81,55.11,74.79
65.09,65.09,60.47,55.93,75.05
73.15,73.15,67.17,59.50,74.46
75.50,75.50,74.02,69.63,72.57
71.44,71.44,83.23,74.20,72.83
74.21,74.21,81.00,70.31,73.43
77.75,77.75,75.85,68.58,73.61
75.72,75.72,72.05,65.21,75.91
74.69,74.69,71.04,71.36,74.95
74.84,74.84,70.37,72.60,70.76
72.93,72.93,68.91,73.33,72.48
70.06,70.06,71.30,76.14,72.77
69.99,69.99,71.94,75.81,73.33
71.91,71.91,68.28,77.35,73.56
73.63,73.63,70.05,77.60,73.49
69.59,69.59,62.84,75.83,74.11
67.42,67.42,62.34,77.83,73.02
70.66,70.66,58.97,77.51,73.13
72.60,72.60,56.95,78.29,72.19
71.73,71.73,60.14,76.80,71.55
69.94,69.94,69.60,75.30,72.43
71.52,71.52,71.97,76.99,70.70
69.33,69.33,68.69,78.39,68.66
69.27,69.27,66.17,69.33,68.11
71.54,71.54,66.29,68.91,69.21
73.53,73.53,64.28,62.34,67.16
70.18,70.18,65.46,60.17,67.03
70.39,70.39,64.40,61.88,68.51
67.59,67.59,64.78,58.42,68.85
59.95,59.95,65.13,54.34,71.12
53.32,53.32,63.87,44.40,73.11
51.75,51.75,61.42,53.36,72.71
54.16,54.16,61.20,45.52,71.66
55.31,55.31,61.10,48.67,70.86
58.52,58.52,59.70,45.43,70.50
57.38,57.38,59.32,53.40,69.09
58.29,58.29,60.85,60.66,70.10
64.90,64.90,68.61,61.29,74.16
68.83,68.83,80.66,70.62,72.97
66.89,66.89,85.17,73.14,73.40
71.82,71.82,82.99,74.34,74.53
73.60,73.60,71.07,77.91,72.93
72.95,72.95,76.33,77.36,74.99
68.38,68.38,74.01,75.73,75.93
67.94,67.94,73.55,77.94,74.40
69.19,69.19,74.24,78.12,73.63
69.50,69.50,75.23,74.83,75.13
70.43,70.43,70.60,74.33,73.68
65.12,65.12,64.13,74.78,73.87
65.33,65.33,56.50,78.08,74.63
63.60,63.60,60.47,77.27,74.26
60.31,60.31,53.91,73.88,73.40
64.09,64.09,55.54,77.35,73.54
67.86,67.86,61.72,79.10,74.42
68.79,68.79,64.84,75.81,73.59
67.36,67.36,66.25,74.61,76.59
62.96,62.96,66.83,76.41,75.96
57.46,57.46,66.66,71.70,76.31
51.18,51.18,65.40,63.76,74.59
52.88,52.88,63.65,60.80,75.42
55.85,55.85,64.17,66.27,74.36
61.64,61.64,65.99,63.36,72.50
68.46,68.46,64.44,59.49,74.23
72.51,72.51,63.87,61.02,73.34
71.14,71.14,61.01,59.38,72.92
72.86,72.86,58.04,59.66,72.94
75.23,75.23,60.76,52.82,72.71
77.40,77.40,58.98,52.65,71.12
73.68,73.68,59.72,52.37,72.01
76.98,76.98,61.34,52.23,71.87
76.59,76.59,62.94,53.16,71.26
73.17,73.17,68.42,56.21,70.06
71.11,71.11,75.11,62.52,71.17
68.65,68.65,83.95,67.51,69.07
74.68,74.68,84.34,72.29,70.42
76.10,76.10,77.13,76.50,70.51
72.23,72.23,75.04,74.95,70.74
76.48,76.48,71.23,65.31,72.52
75.31,75.31,67.34,71.55,71.09
75.46,75.46,65.90,73.47,70.88
72.25,72.25,62.85,71.94,73.22
74.74,74.74,62.72,69.17,75.05
71.90,71.90,60.89,71.18,73.83
76.94,76.94,58.59,73.19,72.00
78.40,78.40,52.55,74.43,72.72
75.56,75.56,51.37,75.95,72.31
72.23,72.23,49.94,75.39,72.90
71.41,71.41,48.76,76.46,73.37
72.89,72.89,52.35,77.27,72.63
73.90,73.90,61.65,76.52,72.60
73.12,73.12,66.31,76.03,73.06
72.14,72.14,66.69,72.76,73.20
73.74,73.74,66.09,75.77,73.32
73.10,73.10,65.50,77.09,71.84
72.86,72.86,64.88,78.27,71.58
72.03,72.03,64.51,76.97,73.64
68.54,68.54,64.31,78.91,73.63
71.13,71.13,63.49,76.23,71.45
69.94,69.94,63.53,76.29,72.70
70.25,70.25,61.31,77.99,73.50
69.40,69.40,62.07,77.65,74.16
69.71,69.71,61.13,75.27,72.17
72.07,72.07,61.36,77.94,71.95
70.53,70.53,59.59,77.65,71.96
67.73,67.73,62.29,76.70,71.62
65.34,65.34,69.38,75.60,71.96
63.07,63.07,78.65,74.11,72.66
59.60,59.60,85.34,68.03,70.62
61.34,61.34,84.39,65.59,73.15
57.52,57.52,77.89,71.47,71.22
55.87,55.87,72.54,75.42,73.62
53.10,53.10,71.37,74.57,71.58
55.92,55.92,68.82,75.60,71.45
59.23,59.23,71.97,74.85,72.32
63.06,63.06,74.07,75.59,73.66
63.42,63.42,73.14,77.58,72.71
66.54,66.54,61.63,74.99,72.94
67.42,67.42,59.02,73.80,68.90
67.82,67.82,54.20,74.15,69.52
59.82,59.82,47.71,74.26,66.65
65.68,65.68,44.47,74.71,70.03
67.27,67.27,53.22,75.03,68.90
75.61,75.61,54.66,75.79,71.50
74.55,74.55,58.23,75.33,72.55
74.71,74.71,66.94,77.09,73.25
71.11,71.11,67.63,72.35,72.42
75.06,75.06,67.25,69.80,72.64
74.73,74.73,66.13,65.96,74.46
76.24,76.24,65.06,56.94,75.02
73.26,73.26,64.48,61.43,74.77
73.07,73.07,65.33,57.67,75.62
71.73,71.73,64.50,59.15,75.93
72.39,72.39,64.28,62.38,75.33
76.58,76.58,63.16,52.63,74.46
70.70,70.70,62.45,54.73,74.79
65.95,65.95,61.71,54.61,74.91
54.44,54.44,61.36,52.71,74.75
56.11,56.11,59.45,48.40,74.79
60.96,60.96,60.66,43.25,74.91
67.25,67.25,63.96,44.26,74.02
74.18,74.18,69.96,45.90,75.06
73.15,73.15,80.08,60.20,73.72
72.32,72.32,83.04,63.93,72.25
76.83,76.83,78.35,65.80,72.54
75.51,75.51,75.93,71.20,73.52
75.05,75.05,70.62,73.57,74.89
74.12,74.12,68.59,72.59,74.31
75.15,75.15,67.24,73.16,74.42
75.49,75.49,68.69,74.17,75.25
78.06,78.06,65.84,74.63,74.59
76.20,76.20,66.00,73.53,74.49
74.63,74.63,61.98,75.28,73.62
74.49,74.49,58.39,75.18,75.14
75.24,75.24,57.76,76.29,73.61
75.21,75.21,57.34,75.65,75.15
74.37,74.37,55.28,74.30,73.76
76.81,76.81,55.01,75.00,72.79
76.18,76.18,56.50,76.35,71.03
76.26,76.26,59.84,76.52,71.24
75.02,75.02,67.55,75.62,70.62
75.98,75.98,66.93,72.54,69.88
76.20,76.20,66.62,69.93,70.66
75.47,75.47,65.14,64.90,69.31
73.67,73.67,65.98,58.46,69.03
73.81,73.81,64.65,54.69,69.44
71.82,71.82,65.05,48.72,69.51
65.68,65.68,64.07,56.08,69.70
64.68,64.68,63.90,44.67,69.89
64.31,64.31,62.38,48.98,70.74
67.09,67.09,60.06,43.49,68.71
68.89,68.89,58.81,44.93,65.10
69.73,69.73,56.33,41.99,63.11
70.71,70.71,54.75,46.61,67.44
70.23,70.23,57.73,53.28,69.55
68.76,68.76,63.34,48.32,72.43
69.36,69.36,70.70,60.37,74.13
66.49,66.49,80.55,68.47,71.49
65.83,65.83,84.83,70.22,70.19
68.16,68.16,80.62,66.90,73.12
70.80,70.80,79.00,71.47,74.39
71.47,71.47,76.54,71.61,75.06
69.52,69.52,71.81,71.59,74.04
68.71,68.71,76.66,72.91,74.32
67.98,67.98,70.22,74.34,76.28
65.41,65.41,69.00,73.72,75.42
63.76,63.76,63.23,72.70,75.52
64.42,64.42,63.09,74.33,74.91
69.19,69.19,52.96,77.19,75.95
71.33,71.33,52.03,75.03,76.26
74.73,74.73,46.38,74.41,74.00
75.09,75.09,47.28,74.95,72.71
71.57,71.57,52.94,76.01,72.63
74.52,74.52,55.82,77.43,71.62
74.55,74.55,63.19,75.22,73.18
75.96,75.96,66.00,75.54,73.11
74.16,74.16,66.26,76.53,73.85
77.67,77.67,65.18,70.58,74.10
73.74,73.74,65.53,61.86,73.75
74.85,74.85,64.45,58.46,75.55
78.50,78.50,61.53,59.72,74.75
75.37,75.37,63.85,60.53,75.41
75.85,75.85,61.31,61.71,74.54
73.22,73.22,61.30,56.12,74.04
74.54,74.54,61.14,53.40,73.76
75.20,75.20,60.23,62.11,75.73
73.23,73.23,59.58,61.40,75.82
77.28,77.28,60.87,60.09,75.04
73.46,73.46,62.22,49.16,75.06
72.73,72.73,63.65,62.44,73.87
74.76,74.76,72.06,63.26,75.12
70.70,70.70,76.10,56.37,73.36
67.78,67.78,85.22,63.37,71.58
64.58,64.58,83.45,65.14,70.44
65.51,65.51,78.34,69.63,72.08
66.29,66.29,75.90,71.47,73.22
67.62,67.62,75.17,74.17,74.07
68.59,68.59,70.95,71.52,73.26
68.35,68.35,67.41,72.52,73.38
69.59,69.59,66.93,73.71,74.82
73.09,73.09,66.03,72.15,75.07
68.51,68.51,62.95,76.00,73.63
67.00,67.00,58.46,77.07,73.88
66.21,66.21,58.25,76.79,74.33
65.64,65.64,54.10,75.28,73.85
69.74,69.74,51.98,74.14,73.96
69.09,69.09,54.38,75.10,73.49
63.59,63.59,54.61,76.00,72.64
61.85,61.85,66.61,75.11,73.94
59.60,59.60,68.14,71.89,74.58
48.96,48.96,66.83,74.55,73.75
52.33,52.33,66.26,74.95,74.76
52.06,52.06,66.43,74.46,73.57
47.93,47.93,64.09,74.92,72.24
41.48,41.48,66.87,75.78,72.02
42.23,42.23,65.30,73.87,72.56
43.51,43.51,65.15,74.06,72.82
41.46,41.46,63.91,75.36,74.40
37.98,37.98,62.47,74.83,73.79
34.04,34.04,61.89,75.00,73.98
35.77,35.77,62.35,76.76,73.85
36.22,36.22,60.39,74.55,74.76
35.31,35.31,59.56,74.81,72.99
27.81,27.81,61.63,74.49,72.72
28.40,28.40,65.35,75.56,74.17
28.40,28.40,71.11,76.04,71.90
25.28,25.28,85.47,74.90,70.12
27.23,27.23,81.70,75.26,72.14
27.74,27.74,77.47,71.49,70.81
26.84,26.84,74.60,69.34,72.65
25.17,25.17,73.70,71.07,72.12
21.76,21.76,71.81,73.96,71.56
20.62,20.62,73.36,74.09,73.27
18.05,18.05,76.81,74.81,72.62
17.03,17.03,74.70,75.38,72.47
18.42,18.42,73.07,75.68,73.12
16.83,16.83,70.79,73.97,71.14
19.04,19.04,63.01,74.84,72.76
17.39,17.39,61.17,74.87,73.02
16.28,16.28,50.66,75.35,73.96
21.77,21.77,47.49,75.07,71.41
14.49,14.49,47.17,74.02,72.39
10.42,10.42,56.63,74.15,74.90
18.71,18.71,67.75,72.47,75.88
10.82,10.82,67.08,66.88,74.36
12.33,12.33,66.63,65.73,76.50
15.89,15.89,65.71,74.87,76.31
18.71,18.71,64.82,71.21,75.69
12.96,12.96,64.45,62.91,74.87
11.98,11.98,64.29,71.17,74.97
7.59,7.59,62.19,70.88,74.27
12.49,12.49,62.61,67.83,73.82
14.20,14.20,62.18,72.38,72.86
15.72,15.72,62.60,69.43,72.05
9.92,9.92,59.96,66.22,73.01
13.10,13.10,59.42,66.16,73.21
13.31,13.31,60.03,62.86,73.61
12.32,12.32,61.81,56.19,73.56
10.17,10.17,63.38,54.10,72.63
13.73,13.73,71.08,57.49,72.11
15.27,15.27,80.46,63.68,71.96
12.58,12.58,83.81,70.08,73.11
10.59,10.59,78.65,68.98,74.79
16.15,16.15,74.59,70.93,75.64
23.62,23.62,74.87,73.25,74.14
24.33,24.33,74.42,70.50,74.48
26.34,26.34,74.16,72.49,76.37
27.57,27.57,70.31,74.35,74.91
31.64,31.64,69.02,75.75,74.56
35.21,35.21,64.07,76.20,76.85
38.96,38.96,62.94,75.57,75.52
46.52,46.52,59.46,75.38,76.70
57.42,57.42,57.77,75.68,76.54
63.95,63.95,58.71,75.54,75.35
69.16,69.16,55.53,75.71,73.42
70.62,70.62,49.55,74.62,72.11
73.70,73.70,52.11,78.31,73.87
73.91,73.91,55.16,76.56,73.51
71.35,71.35,66.18,77.05,71.79
73.51,73.51,65.21,76.32,73.79
66.99,66.99,64.94,70.75,74.14
60.66,60.66,64.80,70.86,71.38
55.05,55.05,65.06,75.92,70.09
52.44,52.44,65.66,71.74,69.85
50.05,50.05,64.58,67.77,70.08
50.80,50.80,62.53,71.29,69.87
55.33,55.33,60.50,68.70,70.00
61.35,61.35,59.06,67.12,70.91
67.10,67.10,56.34,69.15,71.27
70.64,70.64,51.17,68.70,72.67
76.80,76.80,51.53,68.06,70.69
73.75,73.75,54.35,66.53,70.85
70.06,70.06,57.82,67.59,70.02
72.11,72.11,63.42,63.45,72.37
65.37,65.37,66.41,58.86,73.24
62.59,62.59,81.02,59.86,73.77
69.09,69.09,85.36,69.08,72.77
70.57,70.57,79.83,64.62,74.54
73.57,73.57,76.56,68.83,75.92
69.22,69.22,76.43,73.75,74.66
72.42,72.42,76.25,76.50,75.29
70.71,70.71,75.40,76.80,74.36
72.11,72.11,75.94,77.06,75.24
75.71,75.71,71.65,75.89,73.85
76.45,76.45,58.86,74.50,72.41
73.29,73.29,54.83,73.78,73.00
70.41,70.41,59.34,74.12,73.42
69.20,69.20,57.72,76.21,71.94
71.52,71.52,51.22,76.64,71.92
69.37,69.37,49.80,76.41,72.90
72.81,72.81,55.79,75.07,73.56
72.87,72.87,61.23,75.60,72.72
73.02,73.02,65.85,75.55,73.82
70.54,70.54,67.36,72.32,73.48
69.10,69.10,67.50,74.23,73.99
66.08,66.08,67.09,71.76,76.02
62.40,62.40,65.41,74.15,75.03
56.55,56.55,66.54,69.39,74.99
51.30,51.30,65.52,65.94,74.83
52.49,52.49,64.44,71.01,75.05
54.10,54.10,64.08,66.05,74.10
55.49,55.49,64.69,66.06,74.51
55.89,55.89,64.56,68.18,76.47
55.87,55.87,65.14,66.40,74.24
56.18,56.18,65.27,65.70,73.26
57.81,57.81,62.16,67.00,72.03
59.18,59.18,63.05,65.03,74.50
60.06,60.06,68.00,65.94,74.88
61.87,61.87,70.91,62.19,75.36
66.31,66.31,72.73,60.92,76.76
63.54,63.54,83.42,65.75,72.60
62.82,62.82,82.92,59.09,72.67
63.06,63.06,80.14,67.77,71.77
67.67,67.67,82.21,72.97,73.37
68.57,68.57,76.84,73.37,74.57
69.34,69.34,70.33,73.82,74.82
68.77,68.77,70.21,74.41,74.16
66.67,66.67,75.94,69.87,74.20
62.26,62.26,75.29,61.32,75.27
59.74,59.74,69.04,63.88,75.62
56.91,56.91,62.85,66.96,77.22
55.18,55.18,59.57,75.07,76.46
56.62,56.62,59.29,72.33,76.05
61.42,61.42,60.94,73.81,75.91
66.71,66.71,62.95,76.55,75.30
68.17,68.17,63.68,76.29,76.02
72.87,72.87,66.05,75.17,75.41
70.74,70.74,72.27,74.47,75.36
70.39,70.39,71.94,75.68,75.81
72.05,72.05,70.56,76.35,75.15
73.05,73.05,68.05,75.67,75.32
75.68,75.68,64.86,76.97,74.61
70.28,70.28,63.40,76.43,72.40
73.32,73.32,63.61,78.00,74.37
73.10,73.10,65.56,74.85,72.28
77.31,77.31,68.71,76.54,72.44
75.83,75.83,72.43,75.84,72.85
71.91,71.91,70.88,74.62,72.90
76.90,76.90,68.46,76.27,71.70
73.33,73.33,67.61,75.01,72.22
76.97,76.97,63.68,76.03,71.97
75.69,75.69,64.79,74.08,72.26
75.57,75.57,67.95,71.06,71.46
74.91,74.91,79.78,68.86,70.74
76.65,76.65,83.16,66.32,71.63
72.96,72.96,80.58,61.01,71.00
73.03,73.03,78.56,71.26,68.71
76.65,76.65,76.52,72.05,69.78
76.20,76.20,76.11,69.18,70.00
75.98,75.98,70.63,73.96,71.22
77.91,77.91,70.64,74.64,71.50
76.60,76.60,70.06,77.56,69.21
73.71,73.71,69.72,78.33,70.81
71.42,71.42,70.89,79.10,69.32
70.58,70.58,70.32,79.28,67.40
67.80,67.80,70.31,77.26,68.82
69.61,69.61,68.51,78.93,68.68
78.11,78.11,68.42,77.98,67.93
78.51,78.51,68.08,77.44,68.59
74.23,74.23,67.95,79.70,70.96
71.94,71.94,69.29,81.34,72.06
73.28,73.28,70.02,78.24,72.96
73.72,73.72,69.16,78.07,74.11
72.93,72.93,67.13,68.74,76.02
72.75,72.75,67.85,60.88,76.79
70.95,70.95,67.69,56.44,76.54
71.67,71.67,66.94,59.31,76.06
73.48,73.48,67.88,59.30,75.41
72.96,72.96,65.66,59.64,76.54
74.92,74.92,65.18,59.45,74.46
73.85,73.85,65.13,60.65,75.26
61.25,61.25,64.88,56.50,74.65
57.15,57.15,65.52,51.21,74.46
57.28,57.28,64.00,51.28,75.08
65.29,65.29,63.57,52.30,73.42
68.82,68.82,64.63,52.17,73.46
73.82,73.82,64.02,47.86,76.07
74.83,74.83,65.90,45.67,74.66
71.51,71.51,76.40,58.97,72.42
67.45,67.45,85.26,63.78,71.72
70.39,70.39,83.26,62.52,72.85
69.26,69.26,76.14,69.46,75.64
69.51,69.51,75.28,71.08,73.92
70.37,70.37,75.10,71.87,74.19
72.98,72.98,72.97,71.52,73.56
71.47,71.47,73.72,74.93,74.15
72.85,72.85,73.29,77.66,72.37
70.90,70.90,68.02,75.91,74.71
71.15,71.15,63.78,77.80,74.67
70.97,70.97,62.51,77.35,75.95
71.56,71.56,60.50,78.52,75.68
69.57,69.57,60.02,79.31,73.03
70.84,70.84,61.50,77.28,72.35
73.51,73.51,61.15,78.54,72.15
76.06,76.06,60.74,78.90,71.28
74.65,74.65,63.62,78.13,72.29
75.65,75.65,68.48,80.19,71.54
76.22,76.22,67.30,77.56,70.08
73.06,73.06,67.22,79.57,70.53
69.47,69.47,67.56,71.36,68.38
69.18,69.18,68.08,67.19,68.77
68.31,68.31,66.40,57.57,70.22
69.73,69.73,66.96,61.08,71.42
67.78,67.78,67.25,63.69,69.80
65.40,65.40,66.54,60.95,71.67
64.40,64.40,64.69,59.17,73.14
61.49,61.49,65.24,55.08,72.09
56.63,56.63,66.32,51.95,72.32
54.95,54.95,62.81,50.43,72.62
58.35,58.35,62.91,50.10,72.43
64.74,64.74,64.02,45.60,69.91
69.87,69.87,63.43,49.03,72.16
72.18,72.18,64.81,42.57,71.20
72.66,72.66,74.59,64.58,72.03
68.07,68.07,84.99,61.74,72.67
68.43,68.43,77.82,67.13,75.45
69.64,69.64,77.56,72.21,75.75
68.83,68.83,76.62,74.09,75.86
68.60,68.60,75.26,77.30,76.47
66.93,66.93,69.53,77.43,76.18
65.79,65.79,63.65,75.99,76.96
68.43,68.43,62.77,76.32,75.81
68.94,68.94,63.57,76.06,75.76
69.97,69.97,60.39,78.18,75.88
65.40,65.40,54.30,77.54,75.68
62.99,62.99,55.22,74.74,74.94
61.46,61.46,53.53,74.93,76.24
67.99,67.99,54.44,74.90,74.99
72.75,72.75,50.83,76.51,74.86
70.02,70.02,52.90,77.26,76.80
69.15,69.15,59.85,78.64,76.10
57.46,57.46,64.97,80.54,75.27
57.83,57.83,68.42,79.54,75.65
59.29,59.29,66.56,75.00,75.23
64.72,64.72,66.56,66.90,75.75
69.96,69.96,67.27,68.46,74.17
74.06,74.06,65.64,61.02,74.77
74.81,74.81,64.71,51.02,74.21
71.77,71.77,64.92,50.39,73.75
71.02,71.02,63.75,53.89,73.42
73.77,73.77,63.92,56.52,73.71
73.61,73.61,63.83,51.90,73.24
73.41,73.41,62.82,55.54,73.58
72.93,72.93,63.10,56.28,70.49
74.40,74.40,61.40,57.11,70.22
76.23,76.23,61.66,60.87,70.33
73.07,73.07,64.24,56.34,73.56
72.06,72.06,67.54,61.55,71.73
70.66,70.66,71.07,62.57,72.66
69.43,69.43,82.32,70.16,68.63
72.15,72.15,84.30,66.31,71.87
73.92,73.92,78.14,65.80,73.12
73.98,73.98,76.49,66.38,74.05
73.22,73.22,74.88,65.88,73.20
75.71,75.71,78.47,69.68,73.07
75.18,75.18,75.66,61.63,73.89
76.04,76.04,70.21,66.46,74.87
75.60,75.60,70.91,74.85,74.41
73.77,73.77,66.91,74.51,74.25
74.10,74.10,57.81,71.14,72.69
73.49,73.49,59.08,72.87,74.18
73.76,73.76,51.39,74.54,75.33
73.11,73.11,50.22,75.80,73.29
73.88,73.88,48.66,74.04,73.59
71.10,71.10,48.88,73.36,73.04
72.89,72.89,59.63,75.91,73.82
75.37,75.37,67.68,73.83,73.64
73.89,73.89,68.19,73.68,74.18
74.54,74.54,67.93,75.25,73.75
74.30,74.30,67.56,77.65,73.85
74.21,74.21,65.85,76.71,74.89
74.15,74.15,64.65,74.09,72.70
73.97,73.97,63.42,71.16,72.66
75.68,75.68,62.64,69.86,74.56
76.00,76.00,62.65,72.41,75.31
62.50,62.50,62.16,72.20,75.03
59.28,59.28,62.32,75.88,75.47
57.45,57.45,60.44,76.17,76.50
63.31,63.31,61.50,74.50,76.01
65.17,65.17,60.04,73.82,76.05
64.89,64.89,60.07,75.35,75.88
63.18,63.18,64.68,75.57,74.22
60.19,60.19,69.60,71.06,74.06
59.90,59.90,81.89,64.44,72.86
57.81,57.81,84.66,65.64,72.01
56.89,56.89,82.57,65.03,73.12
59.67,59.67,78.06,73.59,73.38
61.97,61.97,77.17,73.28,74.10
63.60,63.60,75.47,75.11,73.28
64.63,64.63,72.40,74.48,72.99
65.50,65.50,70.85,75.31,72.53
65.43,65.43,65.28,77.48,71.90
67.75,67.75,61.78,77.00,71.23
68.85,68.85,62.30,78.88,72.00
65.25,65.25,58.40,78.77,71.01
58.74,58.74,55.87,76.79,71.08
61.70,61.70,48.41,78.26,69.52
70.31,70.31,53.02,79.04,70.18
73.69,73.69,54.36,75.80,70.56
75.23,75.23,56.21,72.72,73.02
76.76,76.76,66.15,73.06,71.86
76.53,76.53,68.21,76.25,72.14
75.23,75.23,67.25,71.82,74.37
77.55,77.55,66.41,61.99,73.41
75.98,75.98,67.15,65.16,74.79
77.00,77.00,65.43,57.22,76.06
77.65,77.65,65.40,56.87,74.34
76.11,76.11,64.17,56.88,74.15
75.74,75.74,63.97,58.63,74.41
70.47,70.47,62.24,61.76,75.47
70.99,70.99,61.97,60.75,75.03
71.06,71.06,59.90,57.06,75.28
71.33,71.33,60.91,53.34,75.01
66.55,66.55,60.65,55.43,74.47
65.62,65.62,60.43,56.87,75.27
63.58,63.58,61.05,55.00,75.33
59.75,59.75,64.89,49.68,75.20
59.12,59.12,76.61,61.49,73.83
60.92,60.92,84.43,64.80,74.19
67.59,67.59,82.33,72.50,75.19
74.08,74.08,77.98,75.86,72.87
72.79,72.79,76.07,76.85,75.13
73.35,73.35,74.43,76.12,75.29
73.07,73.07,73.51,75.61,73.06
73.60,73.60,70.25,73.98,74.76
74.26,74.26,71.64,76.03,72.75
72.31,72.31,64.90,76.98,74.68
71.54,71.54,62.88,75.09,75.48
73.66,73.66,59.00,76.57,74.85
73.02,73.02,59.94,78.59,73.39
71.48,71.48,57.02,77.60,73.39
71.50,71.50,54.41,79.43,72.94
72.93,72.93,53.28,78.52,72.98
73.13,73.13,54.61,78.30,73.49
75.42,75.42,57.99,73.78,73.47
72.74,72.74,63.38,77.32,74.98
70.74,70.74,66.87,69.30,74.69
72.15,72.15,66.17,69.50,73.33
71.86,71.86,66.07,64.76,70.64
74.13,74.13,65.55,62.37,69.81
73.12,73.12,66.55,52.32,70.52
71.82,71.82,65.58,53.98,72.00
73.29,73.29,64.12,55.56,75.44
73.82,73.82,62.55,49.55,74.14
71.51,71.51,62.38,51.09,74.23
69.97,69.97,62.96,50.53,72.84
67.78,67.78,63.24,45.97,72.51
65.70,65.70,62.58,42.84,71.22
59.75,59.75,62.36,47.35,72.02
59.60,59.60,61.72,48.25,72.64
60.78,60.78,60.94,45.63,74.30
64.05,64.05,62.42,56.89,74.20
63.56,63.56,69.97,58.66,75.68
66.47,66.47,85.07,64.64,72.97
68.13,68.13,84.50,69.13,72.70
72.11,72.11,79.75,74.15,72.98
72.46,72.46,74.20,76.06,73.62
71.02,71.02,73.66,75.76,75.25
72.45,72.45,72.59,75.75,74.31
72.97,72.97,71.01,74.90,73.99
69.08,69.08,71.22,74.90,74.45
65.76,65.76,73.23,74.04,73.63
71.26,71.26,59.67,76.83,74.32
68.23,68.23,57.83,75.19,75.38
71.11,71.11,59.12,77.51,74.25
63.67,63.67,52.61,78.05,72.98
57.89,57.89,59.25,73.69,75.14
58.59,58.59,57.61,75.52,76.46
59.88,59.88,54.80,77.75,75.49
65.56,65.56,55.79,77.62,76.27
70.24,70.24,64.75,77.73,75.70
72.71,72.71,66.86,64.71,74.56
70.31,70.31,65.87,65.38,73.87
71.13,71.13,65.86,65.73,73.95
72.48,72.48,65.05,63.68,73.80
70.44,70.44,64.60,61.08,73.26
64.72,64.72,64.29,60.66,73.90
64.49,64.49,63.88,62.36,74.05
72.86,72.86,61.13,58.85,72.74
76.87,76.87,60.27,57.85,71.52
73.76,73.76,60.06,57.45,71.21
72.82,72.82,60.03,51.82,71.98
71.77,71.77,60.01,54.00,70.36
72.90,72.90,60.80,53.82,71.69
72.00,72.00,60.00,57.83,71.50
75.58,75.58,61.01,59.45,70.29
75.06,75.06,65.14,54.50,71.01
76.11,76.11,71.83,66.36,70.41
69.36,69.36,83.70,67.71,69.85
72.14,72.14,83.29,64.80,70.05
72.50,72.50,81.88,72.54,70.67
74.81,74.81,75.47,65.81,70.69
77.20,77.20,74.03,72.54,71.11
75.96,75.96,71.36,73.72,72.73
73.41,73.41,68.80,73.98,70.98
73.54,73.54,69.43,74.44,69.59
75.13,75.13,69.87,73.78,70.27
73.51,73.51,64.28,72.95,72.72
73.70,73.70,60.22,73.79,72.76
74.95,74.95,55.46,70.95,72.50
73.17,73.17,56.37,75.68,71.77
73.14,73.14,54.36,76.16,71.90
75.64,75.64,48.75,75.34,71.08
74.88,74.88,51.91,74.67,73.02
75.91,75.91,59.42,74.84,72.85
74.77,74.77,67.61,73.62,71.81
74.01,74.01,66.93,70.12,73.05
73.30,73.30,64.76,75.01,73.25
74.16,74.16,66.00,77.10,71.06
72.53,72.53,63.43,77.64,71.90
72.74,72.74,64.60,76.93,72.57
72.10,72.10,62.87,77.74,72.88
72.54,72.54,62.18,76.42,72.18
70.56,70.56,60.52,73.27,73.30
70.10,70.10,61.22,75.96,73.30
69.84,69.84,59.90,75.39,73.40
71.28,71.28,58.70,75.38,73.21
70.64,70.64,59.23,75.70,73.14
70.37,70.37,59.60,76.30,74.09
71.36,71.36,58.98,73.22,72.45
71.12,71.12,60.99,73.52,70.51
70.16,70.16,68.33,69.06,69.01
70.91,70.91,77.66,61.52,69.35
67.02,67.02,85.25,65.20,69.72
64.62,64.62,84.50,65.00,70.27
62.08,62.08,75.65,70.03,69.94
57.85,57.85,72.02,66.58,69.08
57.32,57.32,71.40,69.96,69.19
57.81,57.81,74.03,73.70,70.11
60.45,60.45,70.05,74.35,72.96
59.96,59.96,63.55,74.72,74.59
59.35,59.35,57.36,74.48,73.48
57.13,57.13,54.61,73.81,74.31
53.40,53.40,50.36,73.67,74.80
54.64,54.64,53.77,76.24,72.37
59.12,59.12,52.57,75.88,71.07
63.25,63.25,52.37,77.11,71.42
69.01,69.01,56.99,74.47,73.15
71.09,71.09,61.94,73.69,72.59
74.51,74.51,64.13,78.84,72.14
73.51,73.51,65.53,78.55,73.98
72.53,72.53,66.70,70.62,74.54
71.05,71.05,64.66,67.06,74.38
70.11,70.11,65.39,68.83,73.93
63.41,63.41,63.39,63.52,74.81
64.58,64.58,62.89,65.74,74.70
64.65,64.65,62.62,64.44,72.28
75.66,75.66,63.21,55.10,73.95
77.44,77.44,60.32,58.14,72.93
79.47,79.47,60.94,59.88,71.36
76.66,76.66,60.00,54.97,72.71
78.00,78.00,60.15,57.27,73.10
77.52,77.52,60.81,54.65,72.92
79.41,79.41,59.62,55.21,73.80
78.61,78.61,58.57,54.35,72.15
79.26,79.26,65.03,54.65,72.24
74.87,74.87,76.54,64.77,73.06
73.11,73.11,85.61,65.36,71.96
73.54,73.54,80.78,69.01,74.25
76.38,76.38,75.45,68.80,74.17
74.70,74.70,73.49,68.72,73.97
76.10,76.10,71.51,69.56,75.70
77.53,77.53,74.37,73.55,74.97
77.66,77.66,68.33,75.61,74.64
77.68,77.68,65.60,76.58,75.53
76.59,76.59,62.17,74.42,72.68
76.16,76.16,60.44,74.00,74.71
75.01,75.01,58.92,73.66,74.29
78.95,78.95,58.30,74.20,72.70
79.66,79.66,51.81,74.26,73.46
75.86,75.86,51.13,76.04,72.27
76.89,76.89,46.87,75.54,72.16
78.02,78.02,47.64,75.31,73.27
73.93,73.93,50.35,71.40,72.14
75.49,75.49,58.86,74.77,72.56
77.36,77.36,66.47,73.79,69.81
75.18,75.18,65.06,67.89,71.86
78.16,78.16,64.80,63.86,69.68
74.64,74.64,64.12,66.71,67.17
76.98,76.98,61.62,61.19,68.30
74.87,74.87,62.82,59.12,68.24
74.16,74.16,60.53,55.00,69.38
76.58,76.58,60.13,57.19,72.74
75.60,75.60,60.73,48.97,72.17
78.36,78.36,59.64,50.63,72.23
76.32,76.32,59.27,44.33,71.43
77.00,77.00,60.04,42.70,70.41
78.62,78.62,60.42,45.88,71.22
76.88,76.88,58.50,46.45,70.39
76.65,76.65,57.77,45.34,72.16
76.36,76.36,59.83,48.12,73.92
76.58,76.58,67.57,49.90,72.32
73.64,73.64,81.19,63.76,71.78
69.62,69.62,84.92,64.99,71.56
72.72,72.72,83.87,66.38,73.07
76.54,76.54,72.78,68.03,75.12
76.83,76.83,76.59,70.52,75.40
75.43,75.43,73.61,73.97,73.58
75.19,75.19,75.37,74.38,73.13
76.55,76.55,71.24,76.55,73.02
75.72,75.72,67.19,77.13,73.48
75.34,75.34,60.28,77.34,73.49
77.19,77.19,57.96,75.50,73.94
75.95,75.95,55.50,74.04,73.93
76.65,76.65,56.89,75.27,74.50
77.23,77.23,49.97,75.49,74.61
76.19,76.19,47.33,75.36,74.83
76.01,76.01,45.92,75.78,76.50
76.18,76.18,48.85,76.97,76.42
76.41,76.41,58.35,64.43,76.70
75.45,75.45,65.50,64.46,76.71
75.08,75.08,66.28,66.51,75.89
74.88,74.88,65.23,59.96,75.05
75.40,75.40,64.04,57.59,76.00
75.57,75.57,64.78,51.45,75.18
75.72,75.72,65.48,55.77,74.22
75.05,75.05,64.30,44.90,75.46
76.14,76.14,62.42,55.47,75.75
77.58,77.58,61.61,56.65,74.85
75.21,75.21,60.86,52.36,74.84
75.53,75.53,60.82,54.92,74.02
75.77,75.77,59.29,50.44,75.29
74.69,74.69,59.11,54.96,76.72
72.97,72.97,59.80,60.14,75.15
74.89,74.89,61.96,61.44,75.07
75.80,75.80,65.84,62.65,76.74
73.36,73.36,73.89,62.82,75.18
70.05,70.05,85.76,68.99,73.34
73.20,73.20,81.44,65.99,74.65
71.90,71.90,77.54,68.50,72.48
73.57,73.57,72.81,73.60,73.15
74.02,74.02,68.94,71.01,73.84
73.91,73.91,67.82,70.87,72.70
74.67,74.67,68.62,71.83,71.11
73.92,73.92,75.53,74.97,72.11
74.08,74.08,74.33,73.37,73.13
74.75,74.75,68.73,65.48,74.21
74.41,74.41,63.77,74.85,73.77
74.19,74.19,58.04,76.85,73.50
74.64,74.64,53.12,76.51,74.66
73.29,73.29,51.67,74.40,75.93
74.44,74.44,53.12,74.00,75.52
74.29,74.29,56.34,74.15,75.29
73.92,73.92,57.54,74.48,74.70
74.57,74.57,64.18,76.63,75.79
74.79,74.79,67.38,76.39,74.11
74.79,74.79,66.54,77.85,74.05
73.81,73.81,65.94,77.06,73.46
76.25,76.25,64.93,75.76,72.95
75.04,75.04,63.57,73.55,74.54
72.65,72.65,62.82,74.56,74.48
72.14,72.14,62.59,76.36,72.01
71.25,71.25,61.42,74.86,73.35
70.75,70.75,60.92,75.09,72.29
69.53,69.53,61.11,74.10,70.72
69.03,69.03,61.12,74.14,71.93
64.82,64.82,58.69,75.26,72.36
64.93,64.93,58.38,77.08,73.23
66.62,66.62,58.64,74.81,73.14
66.53,66.53,59.90,74.42,70.68
64.73,64.73,65.48,74.25,72.75
61.17,61.17,70.79,71.12,70.99
62.61,62.61,84.88,66.93,70.82
60.26,60.26,82.44,67.81,73.70
54.27,54.27,82.49,69.60,71.46
52.91,52.91,81.07,71.61,71.63
52.76,52.76,75.14,72.32,73.01
51.47,51.47,73.12,75.25,73.80
48.66,48.66,68.80,75.14,72.78
45.57,45.57,69.10,75.05,74.08
46.15,46.15,67.98,74.45,75.31
47.03,47.03,67.24,74.24,72.60
47.86,47.86,66.77,77.99,72.39
49.77,49.77,67.56,78.34,72.45
52.64,52.64,66.59,78.23,72.49
45.04,45.04,68.30,78.61,70.16
42.11,42.11,63.59,77.23,70.20
43.60,43.60,55.62,77.78,69.46
38.66,38.66,55.09,79.38,69.35
32.92,32.92,66.11,77.43,66.35
33.81,33.81,69.41,77.05,64.98
39.91,39.91,67.32,79.33,59.18
37.34,37.34,63.48,73.75,53.71
36.93,36.93,62.20,74.08,52.01
35.50,35.50,59.13,72.66,48.29
35.36,35.36,60.06,64.29,45.76
34.85,34.85,53.22,65.06,45.07
32.41,32.41,53.07,61.58,43.61
34.10,34.10,60.06,59.67,43.81
33.83,33.83,49.66,56.51,42.59
32.30,32.30,53.07,55.02,42.48
30.55,30.55,54.17,52.18,41.25
30.27,30.27,48.64,52.31,37.51
30.30,30.30,48.26,51.28,37.12
28.97,28.97,47.41,41.93,34.71
28.07,28.07,45.27,43.49,36.04
30.41,30.41,49.96,49.24,35.76
31.94,31.94,43.32,44.20,33.95
32.54,32.54,41.01,42.62,33.12
33.41,33.41,44.08,43.55,34.04
34.16,34.16,40.26,36.39,32.83
35.98,35.98,44.40,40.63,32.16
36.89,36.89,44.96,41.13,32.69
37.50,37.50,46.12,43.51,32.15
38.50,38.50,40.91,36.38,32.51
42.90,42.90,45.26,38.31,36.18
45.16,45.16,41.65,36.50,35.81
50.46,50.46,40.24,33.38,38.66
52.00,52.00,41.97,36.60,37.49
56.95,56.95,38.18,31.37,37.88
59.82,59.82,36.23,28.30,36.02
61.88,61.88,41.00,28.31,33.62
65.16,65.16,43.58,27.24,33.81
63.39,63.39,43.56,28.30,31.33
64.26,64.26,41.39,28.54,31.82
62.20,62.20,38.30,23.50,30.16
54.05,54.05,35.70,21.04,32.82
41.92,41.92,36.02,29.53,29.03
33.59,33.59,40.91,29.10,29.05
27.59,27.59,31.36,15.95,22.81
24.67,24.67,27.03,14.34,16.60
21.63,21.63,25.46,14.96,15.25
25.94,25.94,22.78,13.02,17.78
42.25,42.25,27.25,15.24,22.50
52.09,52.09,27.33,31.87,24.25
70.58,70.58,44.17,51.69,31.21
71.32,71.32,42.91,46.46,30.27
73.47,73.47,46.31,51.94,29.09
77.47,77.47,49.38,49.73,31.85
77.66,77.66,51.46,45.26,34.65
77.82,77.82,47.69,50.01,34.13
77.34,77.34,44.84,51.67,32.57
76.73,76.73,40.14,35.57,23.52
76.76,76.76,37.85,37.51,22.72
75.14,75.14,37.48,35.80,28.66
74.63,74.63,44.81,36.72,32.17
74.71,74.71,44.30,32.95,36.55
74.60,74.60,39.75,34.40,33.82
74.81,74.81,41.20,33.89,40.12
72.98,72.98,35.43,26.01,27.23
72.78,72.78,37.84,28.77,36.53
74.62,74.62,35.69,29.54,22.94
74.39,74.39,34.09,28.49,24.90
74.87,74.87,38.46,29.49,34.76
75.17,75.17,35.72,22.48,36.16
75.74,75.74,38.78,27.99,29.55
74.93,74.93,37.73,27.16,28.83
75.42,75.42,35.87,24.10,21.89
74.75,74.75,39.57,23.78,26.36
74.88,74.88,36.32,22.65,24.44
75.57,75.57,41.18,23.60,28.06
76.85,76.85,33.62,23.31,28.19
74.62,74.62,34.49,23.54,25.87
72.82,72.82,41.07,27.96,36.10
64.40,64.40,31.96,31.12,27.35
55.26,55.26,33.57,35.76,28.22
53.21,53.21,28.68,33.40,25.14
63.33,63.33,32.62,25.21,27.65
70.51,70.51,37.12,22.99,33.47
67.87,67.87,40.03,28.53,31.39
65.62,65.62,40.58,31.09,32.39
65.60,65.60,35.49,28.39,32.59
69.54,69.54,31.17,24.21,32.74
73.32,73.32,39.57,28.24,36.45
77.19,77.19,46.71,31.30,43.30
74.57,74.57,43.01,26.97,43.69
74.36,74.36,40.73,20.47,42.05
77.42,77.42,49.62,27.62,48.33
77.81,77.81,39.43,24.15,34.74
73.87,73.87,46.20,26.91,45.45
72.07,72.07,35.36,25.10,33.77
73.09,73.09,41.31,26.87,41.58
73.52,73.52,36.82,25.68,34.85
73.17,73.17,37.76,25.40,31.69
73.23,73.23,35.05,28.84,37.95
72.53,72.53,35.60,21.19,30.46
72.48,72.48,38.74,28.11,39.86
72.23,72.23,36.11,27.92,36.75
72.00,72.00,34.55,17.43,31.00
76.44,76.44,40.65,23.39,36.89
78.13,78.13,48.35,23.41,37.90
74.99,74.99,56.95,18.59,37.14
72.59,72.59,71.25,7.75,40.84
71.72,71.72,75.26,8.58,39.13
71.38,71.38,74.87,7.84,40.97
72.19,72.19,73.75,3.30,39.76
68.85,68.85,74.11,13.08,39.83
71.94,71.94,71.89,16.49,44.22
77.25,77.25,71.25,19.06,46.64
78.65,78.65,68.96,17.62,46.48
78.32,78.32,71.28,18.42,46.10
75.06,75.06,77.14,9.14,46.52
75.58,75.58,72.41,8.14,46.22
76.47,76.47,75.07,16.17,42.28
77.35,77.35,73.44,35.18,43.20
75.74,75.74,69.42,44.41,43.44
77.60,77.60,66.87,53.75,44.84
75.76,75.76,64.99,56.54,44.50
75.21,75.21,75.99,61.60,51.25
74.07,74.07,83.56,65.75,58.33
75.88,75.88,79.15,65.91,60.23
75.93,75.93,76.48,67.31,61.06
76.59,76.59,74.79,72.47,61.99
77.23,77.23,75.36,76.93,63.36
77.25,77.25,74.70,78.48,62.95
75.25,75.25,72.72,77.64,62.02
77.03,77.03,71.55,77.06,63.22
78.12,78.12,70.66,75.82,62.19
77.25,77.25,71.79,75.66,62.02
78.14,78.14,70.66,74.22,63.02
76.31,76.31,70.45,70.60,65.53
76.86,76.86,70.77,73.06,70.24
75.15,75.15,70.60,74.35,70.47
73.24,73.24,70.14,75.84,71.76
71.30,71.30,71.76,74.96,69.95
73.00,73.00,70.79,72.18,73.97
71.29,71.29,69.72,74.71,74.41
70.89,70.89,68.74,74.78,75.50
68.09,68.09,70.39,67.82,75.56
67.35,67.35,69.65,60.03,75.28
57.17,57.17,67.83,68.91,75.36
57.16,57.16,67.69,64.04,74.98
56.17,56.17,67.69,59.29,75.42
57.36,57.36,68.69,58.73,74.41
54.59,54.59,68.00,56.00,76.38
54.24,54.24,68.63,51.18,76.58
59.76,59.76,67.66,51.69,75.62
58.36,58.36,67.93,50.43,75.69
48.43,48.43,66.48,44.92,75.79
46.83,46.83,65.11,51.10,76.22
45.58,45.58,64.62,47.93,76.58
43.76,43.76,65.42,42.31,73.73
41.11,41.11,69.52,46.07,74.51
31.74,31.74,72.53,54.49,74.61
29.57,29.57,76.14,60.79,74.97
31.33,31.33,85.42,62.88,71.83
34.57,34.57,83.03,64.23,74.42
35.09,35.09,75.04,71.90,73.50
34.54,34.54,73.31,72.34,76.76
36.82,36.82,73.67,76.30,76.50
34.99,34.99,71.10,76.96,75.39
34.86,34.86,68.98,76.82,76.71
37.50,37.50,68.84,77.54,74.68
39.07,39.07,64.28,76.76,76.22
39.86,39.86,62.54,76.54,76.80
32.61,32.61,61.18,77.65,74.35
25.15,25.15,59.92,77.77,75.26
23.68,23.68,57.39,79.34,74.45
23.76,23.76,56.47,79.61,74.71
23.36,23.36,55.73,77.35,74.87
16.51,16.51,55.60,70.77,75.26
13.22,13.22,62.36,64.80,74.40
16.76,16.76,66.88,69.37,76.78
12.12,12.12,65.23,70.22,75.47
14.18,14.18,64.55,72.44,76.69
13.40,13.40,64.95,69.71,76.40
16.49,16.49,64.00,66.04,75.03
20.95,20.95,63.66,51.80,74.26
15.22,15.22,63.28,45.33,72.27
9.82,9.82,63.12,60.24,73.33
17.05,17.05,61.57,55.04,75.28
16.84,16.84,59.91,46.50,74.71
14.15,14.15,60.64,52.80,74.98
14.09,14.09,61.71,51.93,74.46
14.45,14.45,60.52,45.36,76.20
16.36,16.36,60.16,49.64,75.66
12.59,12.59,59.22,48.51,74.68
11.91,11.91,61.72,47.09,74.85
10.61,10.61,64.77,53.53,73.75
12.27,12.27,78.39,64.54,74.27
4.07,4.07,85.50,63.66,73.44
6.14,6.14,82.13,75.48,74.16
10.82,10.82,79.37,77.43,73.36
16.38,16.38,76.01,77.17,74.25
17.08,17.08,76.42,78.10,74.32
17.47,17.47,74.37,77.99,74.15
17.46,17.46,72.80,76.29,74.73
18.85,18.85,71.87,77.42,74.17
18.73,18.73,63.94,78.88,73.48
18.17,18.17,59.83,76.28,75.11
17.81,17.81,57.15,77.21,76.60
20.79,20.79,60.75,77.60,74.83
21.73,21.73,57.15,79.35,74.37
20.62,20.62,46.31,78.53,74.80
18.74,18.74,49.14,76.54,74.15
12.44,12.44,58.53,77.74,73.40
9.28,9.28,60.41,79.27,74.29
18.46,18.46,67.88,69.17,76.18
17.72,17.72,67.45,70.77,76.09
16.07,16.07,66.46,64.98,75.46
16.20,16.20,66.19,57.25,75.72
18.20,18.20,68.20,55.75,76.51
18.76,18.76,66.68,55.08,76.43
21.36,21.36,67.22,56.99,75.05
20.59,20.59,65.90,52.05,76.21
16.28,16.28,62.97,48.55,76.00
15.28,15.28,63.33,46.36,76.53
15.54,15.54,62.68,54.93,76.43
15.00,15.00,61.39,53.94,76.67
10.19,10.19,62.40,48.02,75.79
9.00,9.00,61.83,57.11,75.43
9.28,9.28,62.18,54.08,74.68
9.81,9.81,62.92,62.62,75.75
17.33,17.33,69.08,65.14,74.34
16.64,16.64,76.58,70.66,76.14
26.08,26.08,86.07,68.90,72.40
32.43,32.43,83.85,69.71,71.74
23.74,23.74,75.02,71.44,75.19
19.60,19.60,74.19,72.44,74.50
20.01,20.01,70.09,74.46,73.23
18.67,18.67,76.09,75.79,73.88
11.98,11.98,71.34,71.97,73.71
8.90,8.90,65.06,68.83,73.91
12.66,12.66,63.70,73.88,73.57
14.04,14.04,66.48,76.13,74.30
19.20,19.20,58.93,72.81,74.05
18.43,18.43,56.22,71.88,74.52
19.98,19.98,55.24,76.11,74.78
21.52,21.52,53.07,74.73,72.08
19.89,19.89,51.69,75.61,74.02
13.25,13.25,57.36,76.86,72.60
15.91,15.91,62.21,76.52,73.44
22.30,22.30,69.91,75.33,73.86
23.43,23.43,69.40,72.29,72.91
18.60,18.60,67.48,76.05,73.84
13.38,13.38,65.06,78.02,75.40
12.30,12.30,63.47,75.64,75.56
15.39,15.39,63.22,75.63,76.18
15.61,15.61,63.34,78.67,75.58
13.36,13.36,63.06,76.28,75.86
12.83,12.83,64.23,73.49,75.28
11.21,11.21,62.64,76.69,75.59
11.26,11.26,61.09,76.44,75.05
13.76,13.76,60.71,75.78,74.39
15.75,15.75,61.72,76.48,73.42
12.64,12.64,60.66,74.20,73.47
11.27,11.27,61.92,77.08,71.90
9.04,9.04,68.66,74.87,73.01
6.36,6.36,80.03,73.90,72.89
10.04,10.04,84.79,63.96,71.30
14.30,14.30,81.36,68.06,73.69
15.57,15.57,71.47,76.06,72.81
19.16,19.16,74.71,70.62,72.33
18.22,18.22,70.28,74.97,72.18
17.47,17.47,68.88,76.05,71.45
19.43,19.43,66.35,76.92,72.42
17.81,17.81,67.82,77.12,72.15
16.27,16.27,59.13,75.64,70.54
14.43,14.43,56.34,76.79,69.91
17.43,17.43,57.35,78.18,71.55
19.51,19.51,51.18,77.55,74.23
19.25,19.25,52.16,77.19,72.31
20.01,20.01,55.30,77.13,72.33
16.10,16.10,55.52,77.92,70.44
15.07,15.07,54.68,78.49,74.49
20.53,20.53,67.09,78.34,76.44
18.43,18.43,68.74,72.55,76.45
16.62,16.62,68.34,77.64,75.68
22.17,22.17,67.46,65.11,75.03
26.88,26.88,66.75,65.11,76.56
18.69,18.69,66.24,65.84,76.87
20.48,20.48,66.18,59.92,76.22
15.59,15.59,64.35,56.98,75.51
18.84,18.84,65.05,58.60,75.27
16.64,16.64,63.71,54.94,76.10
18.78,18.78,63.14,55.88,75.12
18.52,18.52,61.39,56.03,75.37
14.96,14.96,61.90,53.15,76.51
13.68,13.68,61.22,50.36,76.93
13.70,13.70,60.12,49.76,76.59
7.39,7.39,61.80,48.52,75.90
1.04,1.04,66.50,48.65,73.20
0.17,0.17,74.56,55.01,74.56
4.57,4.57,79.80,68.14,74.68
4.80,4.80,84.68,67.83,71.82
10.24,10.24,81.55,69.00,74.07
3.69,3.69,79.65,76.17,74.96
8.34,8.34,74.26,77.03,74.30
12.15,12.15,70.63,77.12,76.03
8.63,8.63,72.20,78.06,75.90
6.68,6.68,69.43,75.44,76.20
6.18,6.18,72.94,77.18,75.42
8.36,8.36,71.56,78.98,76.01
11.71,11.71,59.24,77.56,75.26
13.09,13.09,54.87,77.48,74.97
12.66,12.66,55.31,76.71,75.67
14.02,14.02,58.39,78.56,74.50
17.34,17.34,54.06,78.80,76.17
14.34,14.34,58.53,78.08,75.27
13.46,13.46,63.96,78.72,75.25
18.65,18.65,70.62,76.55,75.48
23.52,23.52,72.79,77.85,75.34
26.37,26.37,71.47,78.86,74.44
26.90,26.90,69.88,77.98,75.50
26.40,26.40,67.02,79.24,75.03
22.03,22.03,68.05,77.36,73.70
16.23,16.23,66.14,70.96,74.62
17.90,17.90,65.40,69.78,74.61
15.68,15.68,64.97,63.14,74.20
13.98,13.98,63.98,62.82,76.52
16.32,16.32,63.31,59.68,76.83
15.32,15.32,62.25,62.67,77.02
19.47,19.47,62.52,62.84,76.34
20.73,20.73,61.81,61.95,76.15
19.88,19.88,60.84,60.27,76.07
19.21,19.21,61.86,54.20,76.99
17.51,17.51,65.30,53.02,75.78
7.17,7.17,76.15,62.72,75.17
10.09,10.09,84.44,65.53,71.95
12.49,12.49,81.65,64.93,74.54
13.59,13.59,76.07,71.31,74.44
17.77,17.77,68.36,75.01,75.05
14.51,14.51,73.67,77.24,75.26
13.09,13.09,71.20,76.41,74.10
17.37,17.37,63.36,76.30,73.48
19.49,19.49,67.63,72.61,74.63
19.72,19.72,59.52,77.04,75.66
17.20,17.20,58.15,78.51,74.16
17.99,17.99,59.14,76.98,74.70
18.38,18.38,49.43,79.13,74.87
18.91,18.91,52.09,78.40,74.23
18.48,18.48,41.35,78.07,75.52
15.69,15.69,44.40,78.52,74.61
12.41,12.41,47.59,74.87,73.50
19.48,19.48,66.01,77.09,74.66
16.47,16.47,68.05,73.12,75.53
21.36,21.36,67.75,72.83,75.67
21.37,21.37,67.23,70.66,75.41
23.87,23.87,66.98,66.58,73.81
18.30,18.30,65.72,65.98,75.37
18.07,18.07,65.42,63.73,76.48
18.09,18.09,63.75,62.57,76.40
27.27,27.27,64.08,62.71,75.91
19.92,19.92,63.86,64.76,76.01
15.57,15.57,63.20,63.63,75.04
14.04,14.04,61.25,57.68,74.68
7.67,7.67,61.53,52.85,75.44
6.59,6.59,61.43,55.98,73.96
10.19,10.19,61.71,63.27,73.87
12.96,12.96,60.61,59.22,74.31
9.60,9.60,64.22,66.30,72.82
15.09,15.09,72.68,65.28,76.99
9.65,9.65,79.98,64.88,71.27
13.48,13.48,85.37,69.19,70.88
13.16,13.16,82.31,74.48,72.98
12.46,12.46,77.61,77.57,74.93
11.12,11.12,74.70,73.97,75.42
13.26,13.26,71.66,71.53,74.61
16.09,16.09,71.79,63.30,74.63
15.22,15.22,68.74,72.81,75.76
11.27,11.27,67.76,69.28,76.36
10.43,10.43,65.65,70.91,76.07
13.64,13.64,62.56,75.74,75.95
16.35,16.35,58.20,77.39,75.58
19.23,19.23,56.64,71.59,75.02
19.32,19.32,54.15,75.61,75.25
18.35,18.35,48.92,77.35,74.39
14.93,14.93,50.57,76.79,76.91
15.74,15.74,59.82,74.32,73.34
17.42,17.42,70.24,73.01,74.16
13.22,13.22,69.44,74.38,74.60
20.53,20.53,69.07,78.12,73.87
15.97,15.97,67.74,77.08,75.45
15.76,15.76,66.85,78.22,74.12
16.15,16.15,67.73,77.78,74.12
10.61,10.61,64.62,74.97,73.98
9.27,9.27,73.43,76.00,73.27
7.25,7.25,73.32,80.02,72.46
5.96,5.96,71.85,79.86,72.25
7.22,7.22,71.46,77.16,71.78
9.00,9.00,69.86,77.43,73.84
12.85,12.85,66.11,76.91,75.06
20.38,20.38,63.74,77.14,72.46
30.91,30.91,67.48,73.44,72.55
33.60,33.60,78.02,72.25,73.09
19.31,19.31,84.21,65.69,69.60
10.80,10.80,82.73,67.37,70.43
10.00,10.00,76.68,66.60,71.39
13.90,13.90,76.25,66.47,73.30
9.67,9.67,75.77,69.24,69.52
11.37,11.37,76.85,74.93,70.70
11.74,11.74,74.24,74.69,69.50
9.31,9.31,73.30,75.15,71.27
7.44,7.44,73.48,75.70,70.06
6.57,6.57,72.17,77.75,73.35
8.94,8.94,73.34,76.80,74.50
10.04,10.04,71.59,76.63,73.70
8.73,8.73,71.78,75.22,74.26
4.81,4.81,72.66,75.06,74.61
3.04,3.04,71.91,76.16,74.70
0.59,0.59,72.75,75.70,71.62
1.50,1.50,71.70,75.86,72.95
10.25,10.25,70.62,74.65,74.65
7.07,7.07,71.27,73.54,75.01
13.25,13.25,71.80,74.91,76.37
13.47,13.47,71.35,76.76,75.42
13.63,13.63,68.69,77.79,74.32
15.54,15.54,67.85,75.79,75.00
15.34,15.34,68.16,73.63,76.05
18.72,18.72,66.93,64.49,76.14
23.64,23.64,68.07,63.32,75.09
26.70,26.70,66.72,59.56,76.26
25.19,25.19,66.81,58.79,75.93
15.86,15.86,65.87,53.20,74.81
18.14,18.14,65.64,50.68,75.19
17.08,17.08,64.03,50.68,75.21
15.40,15.40,64.71,44.71,75.69
11.37,11.37,64.43,53.54,76.40
12.94,12.94,68.44,46.56,75.89
17.78,17.78,71.95,43.49,71.67
13.91,13.91,75.58,57.88,73.57
10.49,10.49,85.50,63.00,70.62
15.20,15.20,83.51,66.84,73.79
17.32,17.32,74.82,70.03,75.08
13.05,13.05,74.57,67.41,74.17
10.77,10.77,69.87,75.12,74.55
8.94,8.94,68.97,72.81,76.39
10.01,10.01,71.15,73.03,75.90
6.78,6.78,65.14,77.50,77.16
6.31,6.31,62.15,77.05,75.68
11.68,11.68,61.36,74.39,76.28
14.87,14.87,59.77,71.62,75.48
19.36,19.36,59.72,74.35,75.85
21.11,21.11,59.18,75.84,75.68
20.21,20.21,60.62,75.20,76.35
21.79,21.79,58.31,75.35,76.09
18.78,18.78,57.84,76.23,76.17
14.96,14.96,61.22,76.19,73.77
20.84,20.84,67.20,78.89,75.89
21.24,21.24,66.73,77.56,75.17
8.39,8.39,65.11,72.63,74.20
9.74,9.74,65.55,76.47,74.13
8.72,8.72,64.39,75.84,73.47
14.44,14.44,64.42,73.82,72.82
12.14,12.14,63.87,70.15,71.32
9.90,9.90,62.66,72.16,72.79
9.88,9.88,61.03,67.64,74.88
14.21,14.21,59.52,64.71,74.24
16.36,16.36,60.53,57.87,75.56
15.92,15.92,59.88,53.48,75.65
15.80,15.80,59.50,59.97,74.90
14.00,14.00,60.40,55.47,74.21
13.52,13.52,59.58,56.11,72.43
15.98,15.98,61.00,55.59,74.53
11.90,11.90,64.46,51.95,73.19
15.80,15.80,79.02,59.60,74.18
12.94,12.94,84.54,61.49,74.77
16.17,16.17,82.30,63.51,74.29
17.76,17.76,78.86,68.49,75.42
16.77,16.77,78.72,73.43,74.85
18.97,18.97,70.79,72.93,74.41
20.87,20.87,73.35,75.45,74.16
24.00,24.00,72.36,76.81,75.06
22.32,22.32,71.04,78.62,75.31
22.32,22.32,60.93,76.55,75.20
21.11,21.11,56.55,74.56,75.10
21.78,21.78,50.99,74.37,75.44
23.61,23.61,55.82,76.30,74.84
23.11,23.11,50.51,76.11,74.26
22.00,22.00,51.53,75.06,76.25
18.66,18.66,48.74,75.14,74.68
13.97,13.97,53.09,75.32,72.92
12.47,12.47,57.60,77.30,74.74
19.73,19.73,66.99,76.90,76.63
16.73,16.73,65.98,77.14,76.02
17.60,17.60,65.67,77.72,75.32
16.31,16.31,65.06,78.07,73.22
18.65,18.65,64.56,76.37,74.78
18.77,18.77,64.87,70.57,75.40
16.77,16.77,63.44,68.76,75.89
20.85,20.85,64.78,65.63,74.71
24.68,24.68,62.47,58.79,75.93
24.15,24.15,61.11,54.02,76.74
21.28,21.28,63.15,56.60,76.14
15.49,15.49,62.92,53.61,74.90
17.55,17.55,62.27,57.84,75.13
15.41,15.41,60.26,60.27,76.50
11.87,11.87,62.12,59.94,74.93
10.36,10.36,64.46,53.24,74.39
13.25,13.25,70.10,54.72,73.66
14.29,14.29,75.13,54.09,76.84
14.18,14.18,85.07,63.25,74.12
17.05,17.05,81.75,64.49,72.87
14.08,14.08,77.36,70.29,73.53
15.10,15.10,74.33,76.14,72.40
10.47,10.47,70.59,75.57,75.05
7.30,7.30,71.89,75.46,73.86
9.93,9.93,68.49,75.83,73.88
8.14,8.14,69.22,78.08,75.33
8.57,8.57,72.42,78.16,75.27
11.46,11.46,66.42,74.97,74.78
13.92,13.92,57.85,75.90,74.96
16.76,16.76,55.89,76.68,74.79
16.37,16.37,55.35,77.58,72.64
18.28,18.28,48.08,74.13,73.04
16.82,16.82,53.72,75.03,72.39
12.06,12.06,57.28,75.25,74.50
14.29,14.29,59.25,78.48,75.42
22.17,22.17,69.28,79.49,72.71
20.21,20.21,68.66,78.16,73.26
15.98,15.98,67.92,75.93,74.21
15.45,15.45,65.27,74.61,75.61
14.98,14.98,64.68,76.44,75.52
16.22,16.22,64.01,76.23,75.38
13.97,13.97,63.70,77.13,74.32
17.51,17.51,63.23,76.33,74.63
14.32,14.32,63.07,75.66,75.31
10.56,10.56,61.96,74.62,73.97
12.34,12.34,61.76,75.12,74.61
11.50,11.50,61.00,76.05,75.26
15.84,15.84,61.08,75.77,75.09
14.89,14.89,61.30,75.17,74.65
10.30,10.30,62.96,74.13,73.72
8.29,8.29,64.59,74.07,72.25
6.78,6.78,75.24,68.85,72.25
7.55,7.55,85.11,71.15,69.72
11.72,11.72,82.65,73.83,74.79
14.00,14.00,72.52,75.05,71.07
13.80,13.80,71.50,72.71,71.14
15.76,15.76,69.98,72.18,69.68
19.01,19.01,73.41,72.19,70.37
21.40,21.40,64.26,73.30,69.69
25.35,25.35,66.77,75.12,70.81
31.29,31.29,62.77,75.68,72.30
28.71,28.71,44.23,76.56,71.57
25.86,25.86,57.15,76.66,71.31
22.68,22.68,59.95,75.23,70.59
22.05,22.05,62.68,76.37,72.43
22.72,22.72,58.21,75.60,71.27
24.13,24.13,57.16,75.27,74.19
12.62,12.62,60.24,75.29,74.91
17.59,17.59,66.22,76.26,76.17
14.50,14.50,69.87,75.69,75.51
15.08,15.08,69.91,76.42,74.53
20.50,20.50,67.54,76.16,74.10
22.09,22.09,67.20,73.28,75.01
14.16,14.16,65.74,73.66,75.45
26.84,26.84,65.20,71.86,76.96
25.83,25.83,62.81,63.18,76.91
16.36,16.36,63.05,61.84,75.46
17.42,17.42,63.36,64.49,75.55
17.89,17.89,62.87,54.55,74.76
17.54,17.54,61.70,59.21,74.76
17.95,17.95,62.38,60.73,75.75
15.86,15.86,62.55,56.02,74.60
13.66,13.66,61.12,52.45,74.52
10.33,10.33,62.52,46.84,75.75
11.67,11.67,66.41,39.73,72.12
17.26,17.26,73.79,48.95,73.49
15.21,15.21,79.12,58.71,74.07
15.75,15.75,84.64,64.87,73.12
7.47,7.47,81.00,64.69,75.04
8.22,8.22,78.17,70.41,75.01
14.70,14.70,73.36,69.28,75.88
14.28,14.28,70.42,72.12,76.44
15.06,15.06,71.29,73.83,75.86
11.28,11.28,69.07,73.90,74.32
11.36,11.36,72.38,74.59,74.88
12.27,12.27,70.31,75.83,76.04
13.62,13.62,60.17,75.08,75.81
11.88,11.88,58.88,74.04,76.83
11.60,11.60,56.86,74.47,76.37
15.95,15.95,60.83,74.91,75.97
17.52,17.52,58.00,75.47,76.74
14.73,14.73,56.05,76.61,75.18
12.79,12.79,65.82,75.79,73.65
23.23,23.23,68.36,74.85,75.41
26.44,26.44,68.98,77.79,76.03
20.93,20.93,67.25,76.04,76.49
14.07,14.07,68.26,69.92,76.63
14.19,14.19,66.46,72.97,76.24
10.57,10.57,66.10,70.35,77.31
13.53,13.53,65.73,70.08,75.76
11.06,11.06,65.64,70.80,74.64
9.80,9.80,64.88,73.69,74.88
11.74,11.74,62.78,71.35,75.80
16.81,16.81,64.22,69.61,75.87
19.29,19.29,63.18,69.27,76.24
17.89,17.89,60.58,69.94,76.75
17.72,17.72,59.42,69.72,75.90
13.08,13.08,59.50,69.53,76.83
13.62,13.62,61.39,67.59,73.80
15.82,15.82,65.10,64.06,75.26
16.04,16.04,68.00,61.07,76.39
19.01,19.01,82.98,61.84,73.08
13.97,13.97,83.61,63.66,75.23
14.61,14.61,82.18,64.90,76.54
15.37,15.37,77.68,63.98,75.30
9.83,9.83,75.87,71.68,76.51
10.00,10.00,75.05,74.09,77.08
7.85,7.85,71.02,75.76,75.63
7.21,7.21,67.90,74.39,76.34
7.47,7.47,71.78,75.80,76.29
6.44,6.44,72.73,76.88,74.57
9.42,9.42,69.23,75.62,75.17
14.73,14.73,67.08,75.69,75.32
12.78,12.78,67.09,75.30,74.67
11.86,11.86,62.32,75.03,74.90
11.27,11.27,63.26,76.41,76.68
8.69,8.69,61.88,76.13,75.28
9.47,9.47,70.85,72.47,75.74
8.34,8.34,73.73,76.40,76.59
6.17,6.17,73.84,74.44,75.78
10.38,10.38,71.61,67.21,75.66
5.84,5.84,67.65,74.41,75.59
6.65,6.65,66.91,74.81,76.62
10.31,10.31,65.91,72.61,76.40
9.50,9.50,65.22,71.19,77.71
7.11,7.11,70.66,70.62,76.33
11.56,11.56,73.49,69.94,75.98
18.29,18.29,73.23,66.40,75.41
16.75,16.75,72.26,69.35,76.83
13.15,13.15,69.72,70.40,76.63
12.38,12.38,65.81,71.26,76.41
11.04,11.04,63.63,70.87,76.67
10.54,10.54,61.60,68.20,77.30
7.75,7.75,67.28,64.31,72.74
6.75,6.75,77.88,59.35,71.74
9.35,9.35,83.73,60.57,68.74
8.52,8.52,83.47,68.21,72.75
15.41,15.41,77.87,71.27,73.51
11.51,11.51,76.94,74.63,75.10
11.39,11.39,73.88,73.50,73.70
10.55,10.55,72.37,71.57,75.11
9.50,9.50,69.76,72.47,71.59
10.70,10.70,75.33,73.26,71.15
8.22,8.22,72.93,70.94,72.05
8.76,8.76,72.84,67.21,73.64
6.70,6.70,69.82,66.47,75.89
7.93,7.93,67.63,69.87,75.73
10.62,10.62,66.08,72.05,75.65
11.11,11.11,62.34,72.76,77.35
8.08,8.08,62.28,77.35,72.86
5.33,5.33,68.17,75.83,71.36
9.09,9.09,73.03,76.94,73.65
12.94,12.94,74.02,76.47,74.01
5.61,5.61,73.76,78.17,75.34
5.06,5.06,69.98,74.81,75.11
6.14,6.14,70.64,74.41,74.74
7.76,7.76,66.55,74.88,75.67
14.07,14.07,65.63,75.62,75.04
18.37,18.37,71.21,74.33,74.39
16.81,16.81,74.49,73.66,72.31
13.09,13.09,72.91,76.69,72.37
8.19,8.19,71.73,76.10,73.01
4.98,4.98,69.50,76.00,72.97
8.22,8.22,65.56,73.95,73.42
9.26,9.26,64.56,74.76,74.06
11.62,11.62,66.70,73.61,73.03
11.17,11.17,71.97,73.68,73.91
11.54,11.54,79.16,62.84,72.82
9.61,9.61,85.64,64.69,69.17
8.41,8.41,79.69,58.52,70.37
15.85,15.85,75.69,67.41,71.44
16.45,16.45,75.65,67.92,70.05
12.61,12.61,75.09,77.01,72.75
13.96,13.96,74.87,79.27,71.65
14.28,14.28,73.76,77.74,72.58
13.01,13.01,72.54,78.33,73.02
16.40,16.40,72.26,76.84,72.35
14.37,14.37,71.90,74.91,71.42
10.94,10.94,72.41,72.30,69.60
10.41,10.41,72.48,74.37,69.13
11.07,11.07,71.95,75.57,68.22
13.07,13.07,73.79,77.47,69.21
11.86,11.86,71.66,75.72,71.75
10.12,10.12,71.24,75.97,71.71
6.73,6.73,71.58,76.84,71.06
9.37,9.37,71.85,76.65,70.40
12.81,12.81,71.63,71.34,69.07
21.81,21.81,71.66,74.33,67.30
13.70,13.70,70.48,71.88,65.03
12.98,12.98,69.65,69.66,63.21
15.75,15.75,68.69,64.27,62.48
16.64,16.64,68.88,58.94,59.59
19.04,19.04,68.70,60.41,58.43
16.08,16.08,69.23,60.30,58.33
18.56,18.56,69.77,56.05,57.40
19.48,19.48,68.91,56.45,56.44
20.21,20.21,68.85,51.76,54.26
22.54,22.54,68.43,54.61,55.60
24.30,24.30,66.70,53.21,54.74
19.64,19.64,66.23,53.75,55.17
17.37,17.37,65.41,48.26,56.59
12.61,12.61,70.66,50.76,65.10
12.00,12.00,72.64,52.22,68.38
11.84,11.84,76.66,57.70,70.54
13.27,13.27,85.62,64.66,67.70
12.20,12.20,82.47,60.60,67.92
15.63,15.63,74.94,68.43,69.84
11.99,11.99,74.59,73.08,69.61
13.31,13.31,74.23,76.32,71.19
11.93,11.93,71.29,77.01,71.16
5.23,5.23,69.29,76.57,70.03
4.70,4.70,69.42,77.27,70.59
8.73,8.73,66.40,76.26,70.60
12.05,12.05,64.39,75.85,70.83
14.73,14.73,63.14,78.75,72.38
20.38,20.38,62.89,78.44,72.81
19.87,19.87,60.95,78.62,72.55
21.48,21.48,60.07,78.33,71.71
22.14,22.14,60.43,77.51,72.72
20.34,20.34,59.55,73.79,73.10
9.78,9.78,62.08,57.32,70.76
18.87,18.87,70.20,67.83,70.60
20.87,20.87,70.21,71.76,69.81
17.95,17.95,68.87,72.07,68.54
16.68,16.68,67.02,66.15,64.87
16.98,16.98,67.13,62.30,64.03
20.18,20.18,67.37,56.38,61.56
23.39,23.39,66.02,49.26,60.29
27.27,27.27,66.35,51.86,58.78
27.25,27.25,65.06,56.93,60.17
29.33,29.33,63.77,50.65,57.84
30.14,30.14,64.46,57.76,55.71
29.36,29.36,64.97,54.52,55.64
28.45,28.45,63.34,56.98,59.71
25.11,25.11,64.56,46.44,60.02
21.80,21.80,62.72,53.31,60.34
16.74,16.74,62.60,43.11,61.42
9.59,9.59,64.67,49.14,65.40
12.70,12.70,78.03,64.58,71.13
10.36,10.36,85.31,60.45,72.20
6.65,6.65,81.05,73.92,72.43
10.14,10.14,77.73,78.33,71.29
13.05,13.05,76.23,77.81,74.42
13.67,13.67,74.51,77.00,72.98
13.36,13.36,73.05,76.54,73.13
15.66,15.66,72.03,75.66,72.95
16.83,16.83,72.80,76.92,73.20
17.46,17.46,66.73,77.80,72.08
19.78,19.78,62.74,76.42,72.74
23.15,23.15,60.07,78.44,73.04
24.65,24.65,56.21,79.26,69.44
26.22,26.22,53.71,78.11,68.59
27.76,27.76,50.83,77.48,68.64
25.55,25.55,53.96,76.27,64.77
15.69,15.69,50.51,78.33,62.37
9.14,9.14,61.17,77.62,67.47
16.48,16.48,69.47,67.65,70.70
17.16,17.16,68.48,71.22,66.23
17.69,17.69,69.71,60.61,66.58
18.46,18.46,68.81,57.29,63.34
18.75,18.75,68.90,52.76,60.61
17.50,17.50,66.99,52.71,61.45
12.75,12.75,66.44,56.25,60.66
14.64,14.64,65.79,55.65,68.92
7.88,7.88,63.85,48.22,72.91
14.95,14.95,64.78,51.07,72.62
12.52,12.52,65.15,53.95,73.98
11.98,11.98,63.89,58.60,71.98
9.03,9.03,62.66,57.36,73.04
5.25,5.25,62.59,58.79,72.59
5.05,5.05,63.08,57.92,72.99
11.19,11.19,64.22,50.96,71.55
13.53,13.53,68.71,50.20,72.74
15.53,15.53,75.25,60.93,71.93
12.58,12.58,85.52,67.44,69.44
13.57,13.57,82.56,71.60,67.61
15.73,15.73,77.45,77.28,69.34
16.76,16.76,74.80,77.93,69.69
9.14,9.14,72.44,76.27,68.54
10.96,10.96,71.02,77.84,68.93
13.77,13.77,71.29,78.25,69.99
2.27,2.27,73.08,73.81,72.56
2.74,2.74,70.17,75.05,71.91
6.87,6.87,67.68,76.56,70.78
10.50,10.50,62.66,77.08,71.65
13.40,13.40,59.77,78.42,73.70
13.27,13.27,63.12,76.51,73.14
14.33,14.33,58.40,77.49,72.19
11.46,11.46,55.40,79.17,70.17
6.92,6.92,54.10,77.50,73.03
11.20,11.20,59.16,77.32,73.38
24.46,24.46,70.09,75.10,73.05
21.75,21.75,67.86,73.86,72.17
16.20,16.20,67.74,68.75,73.28
14.62,14.62,67.28,62.93,72.34
19.55,19.55,66.17,56.42,73.98
18.95,18.95,65.54,60.48,72.04
15.13,15.13,64.79,52.05,73.08
6.59,6.59,65.86,53.31,72.77
11.03,11.03,66.54,52.52,72.53
13.71,13.71,63.66,52.39,74.36
17.40,17.40,64.50,56.42,73.21
14.95,14.95,62.90,52.37,72.83
18.56,18.56,62.30,49.41,73.41
16.15,16.15,62.13,57.27,71.82
13.85,13.85,61.67,46.76,70.80
12.87,12.87,64.85,52.54,71.42
10.90,10.90,75.15,60.43,73.05
8.06,8.06,85.64,62.02,70.59
9.96,9.96,81.94,69.64,72.91
13.30,13.30,72.42,77.64,73.20
14.17,14.17,70.18,78.20,71.43
19.65,19.65,72.73,74.74,72.80
22.07,22.07,71.01,76.21,74.35
20.59,20.59,65.39,75.56,74.28
20.52,20.52,67.37,73.53,72.26
19.12,19.12,60.34,76.93,70.74
20.40,20.40,51.87,76.88,69.23
20.52,20.52,58.27,76.66,69.52
19.30,19.30,55.52,77.82,69.88
20.45,20.45,53.46,76.98,70.16
17.59,17.59,55.45,78.25,71.88
14.36,14.36,57.29,78.87,72.79
12.61,12.61,54.73,78.63,71.79
17.13,17.13,67.16,79.11,70.57
18.40,18.40,69.98,72.32,69.17
18.29,18.29,69.51,65.05,68.10
21.03,21.03,68.61,68.16,66.91
22.97,22.97,68.03,65.56,65.03
11.63,11.63,68.03,66.56,61.87
16.74,16.74,67.40,60.35,61.76
14.45,14.45,67.46,58.13,61.89
15.34,15.34,66.35,58.60,60.60
14.83,14.83,66.11,59.49,60.48
20.70,20.70,65.44,59.49,59.28
23.39,23.39,64.89,57.67,57.41
25.07,25.07,64.42,57.90,57.03
23.86,23.86,64.96,54.80,56.20
15.56,15.56,63.73,57.34,59.78
6.74,6.74,63.32,53.89,59.82
7.51,7.51,66.23,51.16,66.18
4.36,4.36,74.28,52.90,70.38
4.90,4.90,79.98,66.72,70.21
9.21,9.21,84.31,64.60,68.38
7.22,7.22,81.65,67.15,69.25
6.25,6.25,79.71,76.53,70.04
3.25,3.25,74.28,77.67,71.57
12.19,12.19,71.30,77.46,73.77
12.16,12.16,73.14,77.97,72.26
7.70,7.70,69.81,75.86,72.42
2.63,2.63,75.04,77.67,73.18
6.53,6.53,71.71,78.39,72.98
11.81,11.81,63.88,76.67,73.51
13.10,13.10,58.64,77.89,71.74
14.04,14.04,54.64,78.58,70.47
15.39,15.39,56.83,78.95,71.09
13.21,13.21,54.94,79.73,69.14
9.89,9.89,57.69,78.33,70.72
10.89,10.89,60.83,79.95,70.24
22.08,22.08,71.88,80.15,70.84
17.75,17.75,72.62,75.84,71.30
16.89,16.89,71.14,78.59,69.62
14.76,14.76,69.79,76.78,65.80
16.17,16.17,68.13,78.50,63.04
19.84,19.84,68.38,75.38,57.54
21.11,21.11,68.14,66.53,56.56
28.34,28.34,67.36,68.10,55.24
29.89,29.89,66.90,67.26,52.83
34.20,34.20,65.14,65.59,52.86
37.49,37.49,65.90,63.31,51.01
32.17,32.17,65.27,65.27,50.82
32.60,32.60,63.72,66.00,50.91
32.81,32.81,63.47,62.82,54.06
24.70,24.70,63.32,62.19,55.71
15.84,15.84,62.03,55.63,58.31
16.33,16.33,66.15,57.13,68.01
11.26,11.26,77.48,63.85,71.48
8.17,8.17,84.12,66.98,71.37
5.87,5.87,82.03,67.62,74.33
10.98,10.98,77.92,66.62,74.60
19.06,19.06,64.63,73.07,75.65
21.59,21.59,68.16,78.41,75.54
18.67,18.67,68.95,76.34,74.24
15.57,15.57,60.05,77.64,75.39
15.15,15.15,66.56,77.88,74.91
15.07,15.07,64.41,78.71,75.76
17.49,17.49,62.97,78.35,75.33
19.43,19.43,60.18,78.30,73.67
20.09,20.09,57.41,78.67,72.05
19.85,19.85,60.65,78.46,71.71
16.99,16.99,62.89,77.65,71.38
12.43,12.43,62.05,79.39,69.20
9.61,9.61,62.79,77.97,69.84
6.68,6.68,71.13,78.53,71.37
7.10,7.10,74.07,78.00,68.33
3.80,3.80,73.93,69.25,68.81
1.61,1.61,74.21,74.05,66.92
1.99,1.99,70.88,63.29,65.93
5.11,5.11,69.95,59.35,65.31
4.45,4.45,68.63,59.62,63.62
0.70,0.70,68.66,57.58,69.84
1.90,1.90,71.12,65.09,71.12
11.80,11.80,73.55,63.60,71.76
2.90,2.90,72.67,53.55,73.12
2.38,2.38,72.85,54.77,72.84
0.46,0.46,70.99,54.86,73.20
1.31,1.31,68.46,51.55,70.81
4.04,4.04,65.96,57.58,71.40
7.44,7.44,65.26,55.57,69.16
7.33,7.33,67.64,52.44,70.13
5.06,5.06,76.81,67.14,69.36
6.58,6.58,83.51,68.66,66.24
9.51,9.51,82.86,67.33,69.45
5.47,5.47,78.65,71.94,69.71
10.81,10.81,78.47,67.38,70.94
7.36,7.36,73.86,68.93,73.03
11.45,11.45,70.29,73.52,72.88
10.48,10.48,72.60,75.95,71.32
15.20,15.20,73.29,77.51,72.08
8.94,8.94,73.98,76.45,73.46
1.02,1.02,72.36,76.51,73.04
0.03,0.03,74.00,78.61,71.49
0.07,0.07,71.30,79.90,71.56
0.04,0.04,67.97,79.13,71.41
0.00,0.00,64.54,77.98,72.16
0.00,0.00,63.89,78.06,71.78
0.02,0.02,68.16,79.10,72.32
1.29,1.29,74.21,75.75,70.40
1.50,1.50,74.05,77.54,72.30
3.15,3.15,72.69,78.92,71.31
6.27,6.27,71.77,79.16,70.26
8.65,8.65,71.88,78.85,71.45
7.42,7.42,68.10,76.40,71.41
7.48,7.48,69.40,78.17,70.48
8.32,8.32,69.38,77.49,71.37
9.75,9.75,75.23,74.99,72.03
10.90,10.90,74.72,77.65,69.82
13.59,13.59,72.10,77.70,72.02
20.34,20.34,71.45,79.06,73.60
27.88,27.88,69.41,77.60,72.74
41.93,41.93,66.94,76.92,72.68
53.26,53.26,66.77,77.03,71.77
65.83,65.83,68.16,76.54,71.57
73.48,73.48,78.12,68.52,71.68
72.63,72.63,84.74,69.66,68.12
70.79,70.79,82.99,67.39,67.62
71.86,71.86,76.57,63.29,70.11
77.92,77.92,72.62,69.18,71.20
75.90,75.90,73.79,73.14,69.68
74.87,74.87,74.22,76.71,70.37
73.26,73.26,73.03,76.56,71.30
74.77,74.77,71.12,76.54,71.44
75.87,75.87,71.04,76.73,73.24
77.22,77.22,71.07,75.76,73.85
72.19,72.19,71.73,71.55,73.81
74.49,74.49,71.55,61.57,72.82
78.24,78.24,71.98,53.98,72.90
75.63,75.63,71.52,49.67,72.89
74.60,74.60,71.94,61.32,74.75
76.65,76.65,70.42,69.01,73.21
70.77,70.77,71.29,75.72,73.58
74.55,74.55,69.38,82.39,71.47
76.72,76.72,68.92,79.07,73.11
74.48,74.48,67.13,78.99,72.47
74.82,74.82,67.46,79.91,73.27
73.18,73.18,66.73,78.62,72.92
71.37,71.37,67.41,80.02,71.33
70.92,70.92,68.24,80.05,71.15
71.59,71.59,67.32,78.82,71.61
70.85,70.85,69.32,79.18,71.63
70.98,70.98,67.84,80.02,71.61
70.37,70.37,67.99,79.36,72.99
69.59,69.59,66.87,77.94,72.55
71.50,71.50,67.66,74.18,73.10
73.80,73.80,66.74,68.60,71.20
68.70,68.70,66.34,60.29,72.00
66.65,66.65,67.62,57.96,70.66
68.08,68.08,73.14,51.95,69.42
66.94,66.94,82.10,56.79,69.80
70.67,70.67,81.82,64.75,70.73
67.73,67.73,79.48,71.38,69.81
75.06,75.06,81.13,77.82,70.29
68.30,68.30,78.14,79.27,72.02
70.28,70.28,73.89,79.74,70.71
74.79,74.79,68.24,79.70,70.39
74.04,74.04,68.19,77.34,71.21
73.42,73.42,67.67,78.31,71.52
75.53,75.53,66.50,78.15,70.68
74.27,74.27,66.13,79.00,70.95
73.41,73.41,65.23,80.00,71.41
75.70,75.70,62.48,69.44,71.36
73.48,73.48,62.58,65.75,70.40
74.96,74.96,60.28,73.07,71.80
74.97,74.97,60.67,74.20,70.86
77.84,77.84,63.46,71.87,71.37
74.37,74.37,67.09,81.77,70.57
78.19,78.19,65.71,80.59,70.19
78.94,78.94,61.56,79.96,70.24
76.24,76.24,60.61,82.11,69.42
75.94,75.94,57.76,83.48,71.48
74.66,74.66,57.80,82.31,70.81
77.86,77.86,59.05,82.38,70.36
80.52,80.52,58.19,82.64,69.53
78.67,78.67,65.29,82.13,69.92
78.57,78.57,66.84,82.25,68.43
81.91,81.91,62.80,80.49,69.06
76.54,76.54,61.28,79.68,70.30
78.74,78.74,59.58,72.24,70.36
77.20,77.20,59.55,69.16,70.29
76.19,76.19,61.35,67.14,71.96
72.06,72.06,70.58,63.13,71.45
66.33,66.33,78.85,61.07,70.07
70.48,70.48,83.98,60.61,70.00
69.28,69.28,83.15,77.25,67.50
69.93,69.93,80.22,76.61,65.22
75.14,75.14,70.01,79.15,66.53
74.38,74.38,67.19,81.04,65.13
75.43,75.43,63.48,81.76,61.27
76.45,76.45,58.70,81.57,64.16
75.41,75.41,63.57,82.98,64.79
78.23,78.23,63.16,81.68,65.56
76.03,76.03,64.00,82.13,69.58
72.89,72.89,63.99,80.18,70.30
76.45,76.45,61.51,79.79,71.29
77.26,77.26,57.48,80.76,70.25
76.70,76.70,54.97,81.87,71.62
76.22,76.22,53.46,79.94,69.81
76.34,76.34,53.11,68.36,71.92
75.81,75.81,56.23,73.51,71.18
75.06,75.06,63.52,82.50,71.00
77.81,77.81,63.69,82.19,69.37
79.03,79.03,63.24,80.83,70.26
79.57,79.57,60.59,79.66,69.19
79.59,79.59,56.90,81.43,67.80
80.22,80.22,53.65,81.12,69.15
77.43,77.43,55.13,80.83,68.25
73.25,73.25,59.82,81.78,68.71
73.54,73.54,68.01,81.32,70.69
71.65,71.65,67.02,82.38,70.79
68.98,68.98,63.53,82.05,68.92
70.10,70.10,59.93,82.73,67.52
74.80,74.80,57.22,80.62,68.77
74.61,74.61,60.55,79.26,68.67
74.92,74.92,66.51,73.69,66.70
72.00,72.00,72.53,67.92,67.10
73.25,73.25,83.19,67.50,67.17
69.62,69.62,83.71,71.67,64.93
74.94,74.94,79.08,77.21,70.47
75.74,75.74,73.35,79.37,72.46
78.12,78.12,74.30,79.63,71.77
79.22,79.22,69.08,79.81,71.96
77.63,77.63,69.73,80.22,70.29
74.36,74.36,72.87,80.94,69.97
71.71,71.71,69.06,81.78,71.66
71.21,71.21,70.41,80.78,71.88
67.91,67.91,69.15,81.58,72.09
62.52,62.52,67.31,81.54,71.74
58.27,58.27,63.93,81.61,70.56
54.29,54.29,63.51,79.72,71.68
53.37,53.37,59.72,79.73,72.55
53.24,53.24,60.14,70.29,72.15
64.13,64.13,68.21,70.34,71.79
70.84,70.84,71.43,74.32,72.79
69.12,69.12,70.17,78.34,74.67
68.53,68.53,69.99,79.15,70.92
67.74,67.74,68.50,79.85,71.36
68.43,68.43,67.45,79.55,71.65
68.18,68.18,67.56,79.13,70.83
67.37,67.37,65.45,78.95,69.98
70.63,70.63,65.21,80.48,70.58
69.00,69.00,66.23,81.62,71.41
68.84,68.84,65.15,80.19,70.72
73.09,73.09,66.57,78.16,70.93
71.73,71.73,65.46,79.78,70.15
70.10,70.10,64.76,78.15,71.03
70.40,70.40,63.68,70.97,71.43
72.03,72.03,64.25,70.11,70.40
72.40,72.40,65.77,58.28,70.53
73.99,73.99,70.45,55.19,69.78
69.53,69.53,84.62,59.66,69.67
68.90,68.90,83.27,65.35,70.96
72.28,72.28,79.86,66.89,71.43
73.97,73.97,77.54,71.15,73.04
75.21,75.21,72.05,72.73,72.68
75.04,75.04,74.41,74.19,70.76
74.13,74.13,64.47,71.43,70.19
73.50,73.50,64.16,70.98,71.29
72.58,72.58,70.42,74.37,74.75
73.46,73.46,71.57,72.42,75.54
71.68,71.68,64.92,73.88,76.15
71.02,71.02,59.18,73.86,74.58
63.18,63.18,62.29,75.65,74.23
61.30,61.30,65.86,76.76,73.68
61.91,61.91,64.15,72.38,73.72
69.27,69.27,69.86,73.72,74.73
71.09,71.09,74.81,75.13,73.97
66.15,66.15,74.85,71.35,73.55
67.47,67.47,71.36,73.80,72.80
72.28,72.28,67.37,77.95,72.71
79.39,79.39,68.82,79.15,71.66
79.86,79.86,67.80,75.18,70.46
75.99,75.99,63.78,69.64,69.67
75.20,75.20,61.17,68.14,73.22
74.62,74.62,64.91,70.36,71.26
71.14,71.14,67.46,76.65,72.00
71.32,71.32,65.53,76.66,72.01
72.46,72.46,61.68,76.85,70.33
71.92,71.92,57.36,75.95,72.77
72.63,72.63,56.12,75.26,70.35
69.80,69.80,60.04,73.07,70.07
68.35,68.35,68.17,67.67,69.88
70.96,70.96,72.56,71.46,68.70
70.85,70.85,80.62,74.08,67.68
66.34,66.34,84.38,73.47,65.19
66.01,66.01,79.13,71.31,68.54
70.01,70.01,77.98,74.73,69.04
71.57,71.57,75.20,73.67,69.19
69.59,69.59,72.76,70.30,71.10
71.41,71.41,73.60,65.08,68.83
74.05,74.05,64.76,69.25,70.12
75.25,75.25,64.13,70.39,71.13
72.90,72.90,65.51,68.23,68.69
73.02,73.02,65.40,67.24,71.61
71.49,71.49,63.02,71.00,70.55
72.07,72.07,60.92,71.21,71.83
71.70,71.70,61.29,70.92,72.06
74.98,74.98,59.33,71.26,71.21
73.26,73.26,57.11,70.25,71.11
72.69,72.69,65.90,70.38,71.98
71.71,71.71,71.70,69.00,72.07
70.68,70.68,69.69,71.21,70.66
72.46,72.46,66.38,69.32,71.28
71.49,71.49,66.88,71.25,70.94
73.42,73.42,64.70,68.13,70.75
72.47,72.47,57.44,72.11,70.22
71.04,71.04,56.53,73.54,71.14
73.44,73.44,60.19,71.55,71.01
71.80,71.80,65.52,68.93,70.48
71.29,71.29,65.56,70.19,69.06
71.99,71.99,63.16,72.63,68.96
72.98,72.98,60.08,73.12,68.30
70.72,70.72,55.96,73.06,67.98
72.69,72.69,56.49,70.52,67.22
72.99,72.99,60.73,75.13,66.81
70.90,70.90,66.60,71.95,67.92
70.98,70.98,62.31,76.60,68.03
72.14,72.14,81.17,79.01,67.74
71.39,71.39,83.25,76.17,66.65
72.07,72.07,78.85,78.78,67.23
70.52,70.52,75.82,79.09,66.43
70.77,70.77,77.09,77.64,66.86
70.30,70.30,65.83,78.01,66.60
68.48,68.48,63.13,81.51,66.31
69.30,69.30,62.13,81.08,66.85
69.02,69.02,64.53,80.58,70.08
70.42,70.42,67.66,78.18,71.54
68.21,68.21,67.14,78.23,69.48
69.86,69.86,65.77,75.77,69.85
69.45,69.45,67.27,80.77,71.00
66.93,66.93,62.26,79.98,71.07
68.61,68.61,64.36,81.65,71.16
70.60,70.60,62.51,79.17,70.99
65.69,65.69,70.56,81.85,68.89
63.86,63.86,75.76,79.34,70.81
62.08,62.08,73.18,79.59,68.14
60.43,60.43,73.91,75.49,68.58
58.81,58.81,73.53,80.61,68.85
58.66,58.66,72.25,80.39,66.26
56.27,56.27,68.73,82.07,65.74
57.15,57.15,66.61,78.65,65.97
51.53,51.53,68.38,82.25,66.89
49.24,49.24,72.48,80.52,69.33
51.75,51.75,72.25,78.65,71.52
53.46,53.46,70.73,79.65,70.18
61.69,61.69,69.37,78.99,69.74
65.16,65.16,69.20,81.77,71.73
66.83,66.83,68.98,79.41,70.29
68.55,68.55,66.52,80.73,70.07
73.55,73.55,72.66,73.08,69.55
73.72,73.72,84.30,64.35,69.60
73.28,73.28,83.91,69.34,68.12
74.50,74.50,80.42,77.00,71.43
72.86,72.86,78.16,79.20,73.40
73.09,73.09,71.35,77.07,73.45
73.82,73.82,70.24,79.16,73.71
74.32,74.32,73.53,77.88,73.71
74.50,74.50,73.08,79.07,74.87
73.16,73.16,72.90,76.64,73.07
74.46,74.46,68.91,80.88,72.74
72.45,72.45,67.84,79.65,71.80
72.49,72.49,63.64,81.50,73.31
72.92,72.92,63.80,79.64,72.22
73.80,73.80,63.76,81.45,72.57
73.39,73.39,59.05,78.88,73.57
72.87,72.87,60.92,79.82,72.76
71.47,71.47,67.86,79.53,72.07
71.17,71.17,73.12,80.07,72.11
74.12,74.12,72.46,78.78,72.69
71.14,71.14,71.58,80.73,72.71
71.65,71.65,69.25,80.85,72.22
71.37,71.37,66.53,81.44,70.78
72.74,72.74,64.90,79.11,71.52
73.04,73.04,66.76,77.52,71.06
72.97,72.97,70.22,79.81,71.20
74.73,74.73,71.02,77.43,70.63
74.80,74.80,72.32,80.24,70.63
74.78,74.78,70.07,77.96,70.18
73.20,73.20,68.63,77.08,71.07
73.77,73.77,66.80,71.55,71.16
76.14,76.14,66.85,64.34,70.87
75.40,75.40,70.25,59.55,71.03
72.79,72.79,83.10,63.88,67.62
72.22,72.22,83.73,65.74,69.45
74.55,74.55,80.58,70.94,70.10
74.93,74.93,75.30,73.70,70.04
75.88,75.88,73.14,75.30,71.76
75.73,75.73,74.24,73.57,70.01
74.06,74.06,74.89,74.67,70.85
74.26,74.26,70.39,72.90,72.66
75.70,75.70,69.80,70.51,72.69
75.34,75.34,68.84,72.71,72.71
72.79,72.79,70.60,75.51,73.99
72.94,72.94,69.49,75.28,72.45
74.36,74.36,68.37,72.30,73.06
73.98,73.98,67.89,60.79,74.99
77.13,77.13,67.06,57.10,74.15
74.32,74.32,65.65,59.33,74.14
72.65,72.65,67.13,67.55,73.97
74.53,74.53,67.08,75.78,73.77
73.50,73.50,66.38,80.15,73.88
72.61,72.61,66.44,77.72,73.48
74.27,74.27,66.02,78.85,73.32
70.80,70.80,64.79,80.33,73.82
71.52,71.52,64.03,79.03,70.92
73.04,73.04,61.92,79.55,69.89
71.50,71.50,63.33,77.93,70.09
72.39,72.39,63.89,78.55,71.50
73.83,73.83,65.58,77.00,72.78
71.92,71.92,66.31,78.90,72.17
70.39,70.39,63.25,73.20,73.45
71.20,71.20,61.48,74.60,71.53
68.37,68.37,62.57,70.58,70.37
66.46,66.46,62.94,74.59,70.72
66.84,66.84,64.05,71.33,70.57
61.90,61.90,65.98,63.82,71.39
61.46,61.46,76.38,73.17,71.04
63.07,63.07,83.27,74.63,70.82
66.95,66.95,81.78,75.72,70.86
70.96,70.96,76.19,75.45,71.01
73.26,73.26,70.91,74.36,71.85
74.75,74.75,70.50,75.61,72.15
75.93,75.93,69.56,77.01,72.62
76.61,76.61,67.04,78.34,72.13
76.40,76.40,66.46,80.01,72.69
75.21,75.21,67.62,82.14,72.42
72.85,72.85,67.61,81.29,72.66
74.81,74.81,64.96,80.06,71.20
75.24,75.24,61.85,81.24,73.43
73.29,73.29,59.48,76.11,72.99
73.35,73.35,57.84,63.01,73.11
77.61,77.61,57.78,61.88,72.54
78.17,78.17,59.63,68.95,72.15
77.02,77.02,64.00,81.48,72.55
73.44,73.44,66.02,82.33,71.35
78.53,78.53,64.45,81.48,70.00
75.87,75.87,64.03,81.63,70.18
81.54,81.54,61.55,81.57,70.58
79.72,79.72,57.99,81.07,71.03
80.30,80.30,56.33,81.99,70.89
80.78,80.78,57.13,82.05,70.60
78.20,78.20,62.00,81.48,70.43
79.08,79.08,66.68,83.40,69.25
73.87,73.87,65.40,83.15,70.59
62.55,62.55,63.20,82.67,70.33
59.28,59.28,59.02,82.37,70.20
54.88,54.88,55.00,79.82,71.67
51.61,51.61,52.42,72.96,73.18
52.03,52.03,58.80,68.35,71.82
54.75,54.75,63.10,63.89,71.18
63.82,63.82,72.61,64.94,73.10
68.54,68.54,85.17,64.17,69.10
72.78,72.78,82.96,74.76,68.38
72.61,72.61,80.55,75.45,66.95
75.91,75.91,72.49,76.43,67.71
73.10,73.10,69.83,77.41,67.03
74.72,74.72,71.73,78.97,66.38
75.31,75.31,67.48,80.62,66.06
76.93,76.93,61.68,82.10,67.21
76.91,76.91,58.38,82.92,67.52
78.25,78.25,62.26,80.59,71.52
77.68,77.68,64.71,81.79,70.20
76.78,76.78,64.32,81.16,71.98
76.27,76.27,62.60,77.48,72.07
76.99,76.99,59.31,61.34,72.02
72.08,72.08,59.66,71.06,71.05
76.14,76.14,64.62,69.40,69.69
78.43,78.43,63.91,78.37,69.75
77.34,77.34,65.67,82.90,69.15
77.87,77.87,63.42,81.12,68.78
70.59,70.59,64.73,82.31,67.94
72.65,72.65,58.97,81.98,68.81
73.85,73.85,53.45,81.94,67.70
71.77,71.77,51.45,81.31,68.30
71.33,71.33,55.55,80.40,67.79
76.93,76.93,59.35,79.79,66.74
77.73,77.73,63.96,80.09,70.38
74.57,74.57,65.30,81.16,72.66
77.40,77.40,63.52,79.65,70.94
73.09,73.09,60.84,80.97,72.89
69.72,69.72,58.34,80.13,73.14
66.90,66.90,56.44,81.27,71.67
72.25,72.25,59.99,77.30,69.97
78.11,78.11,67.79,61.62,68.00
78.01,78.01,76.97,62.12,70.70
74.45,74.45,84.76,65.51,69.54
73.04,73.04,82.58,74.84,69.65
78.92,78.92,78.06,77.18,70.05
80.56,80.56,72.66,77.91,71.56
78.40,78.40,72.28,78.84,72.13
76.44,76.44,73.76,79.21,71.74
70.75,70.75,71.74,79.31,71.06
73.09,73.09,72.53,78.37,70.33
66.23,66.23,70.56,79.72,71.13
60.61,60.61,68.39,79.31,70.61
56.89,56.89,67.18,78.91,70.69
54.79,54.79,63.96,80.74,71.51
54.42,54.42,59.14,80.17,71.22
62.13,62.13,59.65,77.40,69.70
68.47,68.47,62.26,69.69,71.52
75.09,75.09,63.19,71.33,72.92
69.93,69.93,66.15,74.91,71.24
72.94,72.94,70.24,75.04,70.24
72.43,72.43,70.51,76.37,69.49
72.74,72.74,67.10,75.64,69.67
71.34,71.34,65.47,77.80,70.25
70.98,70.98,67.32,77.76,69.88
70.61,70.61,66.72,75.53,72.28
69.55,69.55,66.31,74.84,69.20
70.22,70.22,67.57,76.57,70.76
72.16,72.16,66.03,75.63,70.19
75.25,75.25,66.11,75.65,69.54
77.20,77.20,64.89,75.15,69.50
72.72,72.72,64.44,77.49,69.02
73.94,73.94,63.94,78.26,70.16
76.07,76.07,64.47,78.94,70.39
74.88,74.88,66.43,75.18,71.08
72.74,72.74,74.68,74.12,71.96
72.12,72.12,85.14,72.34,72.18
72.20,72.20,83.04,66.98,72.64
69.11,69.11,81.45,68.70,73.19
73.52,73.52,75.77,74.55,72.81
70.61,70.61,72.75,73.67,73.17
72.37,72.37,74.03,72.37,73.93
72.71,72.71,70.01,72.90,75.27
70.09,70.09,72.84,70.94,75.35
67.37,67.37,66.46,68.18,75.77
66.64,66.64,64.74,73.71,75.23
63.07,63.07,62.20,74.23,76.69
63.52,63.52,62.87,75.03,75.74
62.41,62.41,51.57,73.39,74.80
66.82,66.82,51.94,71.73,74.96
76.95,76.95,57.06,69.75,75.47
80.17,80.17,64.50,71.51,75.04
71.20,71.20,66.52,73.38,72.10
74.39,74.39,68.81,74.15,72.43
75.20,75.20,69.48,71.81,70.65
73.89,73.89,70.23,71.16,71.43
76.27,76.27,66.03,69.51,69.21
76.82,76.82,59.68,70.39,70.05
77.80,77.80,56.36,70.04,68.82
77.44,77.44,61.27,64.58,70.33
74.16,74.16,66.53,72.07,73.22
70.89,70.89,66.12,75.31,72.55
75.89,75.89,66.75,74.26,69.66
73.31,73.31,64.21,73.94,68.17
74.82,74.82,60.64,73.50,70.36
77.44,77.44,58.34,72.22,67.23
77.03,77.03,65.19,71.48,68.15
72.64,72.64,69.21,66.27,68.46
67.36,67.36,79.29,58.98,68.82
67.47,67.47,85.10,59.29,68.59
68.56,68.56,80.47,58.57,70.22
69.23,69.23,74.78,72.63,72.87
71.42,71.42,73.34,73.79,74.83
70.56,70.56,70.12,66.85,75.51
70.58,70.58,71.51,69.08,72.83
73.40,73.40,72.11,71.86,74.57
70.85,70.85,72.62,71.86,73.87
70.51,70.51,72.11,73.67,73.51
70.82,70.82,67.87,72.69,73.29
71.73,71.73,66.01,72.79,72.70
72.01,72.01,64.64,70.37,72.55
69.28,69.28,61.78,70.84,72.84
70.59,70.59,59.42,71.27,74.44
72.45,72.45,57.26,72.08,73.45
77.02,77.02,53.64,69.22,73.20
73.82,73.82,61.79,71.11,71.67
68.91,68.91,66.08,76.80,71.72
73.52,73.52,64.70,70.90,72.88
75.55,75.55,64.41,74.54,73.79
78.05,78.05,61.04,73.50,72.93
77.86,77.86,56.00,73.08,72.58
77.59,77.59,60.16,69.56,73.20
76.31,76.31,60.78,73.23,73.09
76.08,76.08,65.08,74.48,72.60
76.95,76.95,64.99,75.47,71.22
74.81,74.81,65.58,76.06,72.60
74.64,74.64,63.71,79.99,72.37
71.64,71.64,61.49,79.59,70.06
68.99,68.99,58.16,82.15,70.96
70.67,70.67,57.38,80.08,71.06
72.10,72.10,59.47,80.36,71.00
74.86,74.86,72.70,72.77,71.38
68.78,68.78,84.15,68.43,69.02
69.10,69.10,84.90,73.34,69.69
70.26,70.26,80.55,78.89,68.93
71.71,71.71,76.31,78.41,67.87
73.98,73.98,71.45,79.11,68.04
74.48,74.48,73.54,76.96,67.35
70.74,70.74,69.31,80.41,64.18
68.74,68.74,65.83,78.07,67.33
68.28,68.28,68.62,80.79,68.27
66.89,66.89,71.62,78.96,71.31
64.05,64.05,67.20,80.00,72.94
65.79,65.79,68.24,77.79,72.01
65.51,65.51,67.44,78.17,72.50
66.54,66.54,66.69,77.16,72.94
68.16,68.16,63.07,79.24,72.82
66.45,66.45,62.82,76.94,72.46
67.69,67.69,67.97,79.67,71.61
67.29,67.29,74.20,79.49,71.74
65.71,65.71,75.19,80.06,69.67
65.96,65.96,73.64,75.52,69.46
67.93,67.93,71.25,74.40,69.66
66.71,66.71,68.34,79.58,67.26
68.47,68.47,67.46,79.54,67.52
70.41,70.41,65.64,80.18,68.35
68.45,68.45,68.06,80.17,68.14
61.86,61.86,69.23,78.49,67.92
53.29,53.29,67.54,79.45,69.46
50.56,50.56,66.83,78.13,71.91
47.04,47.04,63.96,78.67,72.01
47.98,47.98,60.40,80.46,68.05
45.81,45.81,56.96,80.57,67.20
43.15,43.15,56.81,77.58,68.29
45.25,45.25,66.68,74.03,70.82
47.12,47.12,71.12,79.30,72.52
47.26,47.26,77.33,79.52,72.66
39.97,39.97,82.63,79.10,70.80
40.78,40.78,80.10,77.36,72.21
40.79,40.79,73.58,77.69,72.24
41.08,41.08,71.66,79.49,74.00
41.01,41.01,68.62,80.43,73.22
40.86,40.86,70.27,80.53,74.51
42.70,42.70,71.25,80.31,75.08
41.83,41.83,71.86,79.38,74.56
39.84,39.84,70.39,79.27,74.07
34.41,34.41,69.66,81.04,73.28
30.17,30.17,69.54,78.78,73.64
27.19,27.19,68.06,81.67,73.93
27.26,27.26,64.68,79.78,73.83
23.82,23.82,63.82,81.27,71.90
21.24,21.24,64.37,79.23,72.84
19.22,19.22,71.14,81.54,71.95
18.91,18.91,75.24,79.83,72.01
17.46,17.46,74.22,81.17,73.73
18.49,18.49,70.96,79.28,74.47
20.72,20.72,68.26,82.36,74.62
24.98,24.98,67.19,79.73,75.19
20.63,20.63,64.73,80.97,72.29
19.37,19.37,67.63,78.33,71.86
19.94,19.94,73.58,78.08,71.61
21.28,21.28,75.65,77.27,71.74
22.55,22.55,72.31,76.30,70.67
23.84,23.84,70.82,74.32,70.55
28.92,28.92,69.08,71.95,71.12
38.24,38.24,66.49,66.86,70.25
49.62,49.62,67.32,58.98,71.64
66.64,66.64,74.45,65.81,71.15
68.06,68.06,81.83,67.27,70.01
74.13,74.13,83.75,67.29,68.66
73.00,73.00,74.83,69.61,69.51
75.95,75.95,76.63,72.83,71.23
76.36,76.36,73.94,71.06,71.44
75.81,75.81,72.73,70.39,70.10
73.18,73.18,73.72,72.30,71.65
75.33,75.33,73.34,75.36,72.55
75.81,75.81,70.78,76.91,73.29
75.93,75.93,72.32,76.55,72.21
76.74,76.74,71.22,74.66,71.35
75.04,75.04,71.45,75.59,71.58
74.55,74.55,70.88,72.87,73.61
74.91,74.91,72.87,68.10,74.07
75.29,75.29,71.92,59.06,72.99
72.29,72.29,70.79,62.52,73.56
73.28,73.28,70.43,62.49,72.80
75.35,75.35,70.58,69.80,72.86
74.33,74.33,69.10,74.97,74.03
78.48,78.48,68.61,78.67,72.05
74.99,74.99,68.94,79.40,73.38
75.17,75.17,66.77,77.48,73.23
76.09,76.09,67.06,79.85,71.68
70.50,70.50,66.64,77.89,70.68
71.71,71.71,67.68,78.45,72.40
72.73,72.73,68.24,78.19,72.13
73.51,73.51,67.60,77.86,72.80
73.17,73.17,68.00,77.34,72.63
72.91,72.91,66.80,77.86,72.06
70.22,70.22,66.07,74.90,72.51
68.94,68.94,66.66,72.08,72.14
71.05,71.05,68.16,67.60,73.11
74.23,74.23,68.13,60.64,71.30
73.01,73.01,70.22,62.30,71.71
73.42,73.42,76.34,61.84,71.11
71.54,71.54,83.33,63.52,70.61
69.92,69.92,81.32,70.84,71.18
72.08,72.08,75.51,71.67,71.90
69.63,69.63,78.10,78.58,71.54
70.93,70.93,69.14,79.92,71.84
71.06,71.06,70.96,81.41,71.61
73.36,73.36,68.19,81.26,72.28
70.63,70.63,68.92,80.56,71.39
72.71,72.71,68.50,81.87,70.44
74.87,74.87,67.43,81.83,71.34
75.26,75.26,65.24,79.35,72.47
73.21,73.21,63.51,76.49,71.71
74.91,74.91,63.08,67.64,72.15
75.20,75.20,63.02,68.05,70.11
75.99,75.99,61.61,74.45,70.70
76.78,76.78,62.24,77.67,70.75
75.76,75.76,67.64,79.73,71.77
74.52,74.52,66.92,82.45,72.02
76.69,76.69,66.05,82.13,73.21
77.47,77.47,61.58,83.64,71.19
76.64,76.64,60.30,82.06,70.68
77.76,77.76,58.38,81.66,68.79
78.53,78.53,58.62,81.74,69.08
80.00,80.00,62.15,81.75,69.14
82.28,82.28,66.53,82.50,69.60
76.85,76.85,65.85,82.97,70.08
73.26,73.26,60.85,83.43,69.62
66.34,66.34,57.43,82.80,70.62
62.89,62.89,56.96,83.15,71.48
63.22,63.22,56.87,81.55,69.49
67.67,67.67,57.94,69.99,67.81
69.34,69.34,60.56,72.74,68.79
72.53,72.53,67.24,65.49,70.39
69.30,69.30,76.46,73.84,70.38
68.03,68.03,84.66,74.47,66.93
68.16,68.16,78.91,76.53,68.26
70.04,70.04,73.82,79.71,70.05
70.39,70.39,70.32,78.40,68.19
69.53,69.53,73.29,79.28,68.83
74.27,74.27,68.63,76.71,68.10
77.05,77.05,67.93,77.82,68.54
81.54,81.54,68.46,78.94,68.70
80.20,80.20,65.03,80.18,70.77
75.32,75.32,64.85,79.00,70.84
75.42,75.42,64.46,79.05,70.53
78.90,78.90,60.66,80.12,70.69
80.12,80.12,58.49,71.51,70.35
78.88,78.88,57.82,61.87,71.40
77.34,77.34,57.99,72.07,70.99
73.87,73.87,65.62,79.65,70.83
68.03,68.03,64.86,81.57,70.14
68.97,68.97,65.92,83.39,68.82
75.86,75.86,64.24,82.16,67.34
75.86,75.86,59.05,82.19,65.91
72.47,72.47,56.41,81.15,68.04
72.80,72.80,53.35,81.36,67.64
70.27,70.27,53.80,81.09,69.05
70.19,70.19,64.29,82.48,69.38
71.01,71.01,67.35,81.77,71.86
75.15,75.15,66.46,81.73,70.93
73.42,73.42,64.87,80.48,70.05
73.30,73.30,64.28,79.86,67.69
69.62,69.62,62.52,76.70,70.04
71.62,71.62,61.97,71.11,69.93
76.23,76.23,66.18,68.32,70.35
73.20,73.20,66.17,71.38,70.91
76.14,76.14,68.30,76.91,71.10
75.79,75.79,78.51,79.38,69.97
71.46,71.46,82.79,74.55,68.97
68.93,68.93,75.28,73.86,69.97
79.99,79.99,73.73,72.83,70.10
73.64,73.64,70.05,77.53,72.58
72.73,72.73,73.00,75.06,73.11
76.79,76.79,65.65,74.93,71.66
72.36,72.36,66.78,77.88,71.67
67.33,67.33,66.23,77.96,71.61
60.46,60.46,68.17,77.61,71.85
55.61,55.61,66.83,76.97,72.97
55.18,55.18,65.91,76.78,72.53
56.40,56.40,62.16,76.26,73.42
59.72,59.72,57.14,70.87,72.32
68.46,68.46,60.01,63.57,72.68
75.53,75.53,57.95,72.55,74.31
73.40,73.40,63.42,78.31,72.41
72.81,72.81,66.76,79.73,70.91
72.47,72.47,65.69,72.59,71.00
70.53,70.53,65.98,73.15,71.62
70.67,70.67,66.56,75.16,71.08
69.09,69.09,65.59,75.63,72.08
68.49,68.49,65.11,75.19,72.52
69.59,69.59,63.82,75.54,70.75
70.87,70.87,62.75,76.81,70.83
69.93,69.93,64.16,75.02,71.00
68.78,68.78,66.18,75.71,71.10
70.07,70.07,65.90,72.44,71.32
71.99,71.99,66.11,73.92,70.40
70.37,70.37,66.55,76.44,70.53
71.75,71.75,65.43,78.99,71.33
71.86,71.86,66.51,79.55,71.93
68.88,68.88,65.45,77.03,71.87
66.34,66.34,70.63,77.71,72.02
67.54,67.54,83.86,76.93,71.74
64.24,64.24,83.17,72.86,72.46
63.94,63.94,80.55,75.19,73.80
63.39,63.39,76.16,74.40,74.34
66.04,66.04,75.88,69.68,76.01
63.25,63.25,77.00,70.57,75.68
62.63,62.63,74.51,65.16,76.38
62.19,62.19,75.37,70.71,75.12
58.83,58.83,72.43,70.75,75.70
61.81,61.81,67.73,75.67,75.24
63.75,63.75,59.74,73.26,74.95
67.39,67.39,58.40,74.28,74.61
71.72,71.72,56.29,74.38,74.23
72.61,72.61,49.64,72.91,74.36
68.72,68.72,53.97,75.76,73.94
70.68,70.68,63.16,73.71,75.20
72.46,72.46,68.69,73.04,74.52
74.34,74.34,69.52,72.00,74.52
74.94,74.94,67.44,75.46,73.43
76.94,76.94,67.02,74.50,72.85
78.00,78.00,64.73,73.44,71.66
77.92,77.92,63.63,72.31,71.69
77.65,77.65,63.29,70.73,70.91
73.26,73.26,62.71,75.02,71.65
71.43,71.43,67.24,74.04,71.84
70.27,70.27,65.32,75.04,72.37
70.24,70.24,62.80,74.03,69.46
70.20,70.20,57.82,73.60,69.35
67.73,67.73,54.40,70.44,69.47
69.15,69.15,53.30,70.32,69.05
69.09,69.09,61.82,70.11,68.97
72.90,72.90,73.02,66.91,71.49
72.99,72.99,76.31,63.14,72.51
73.54,73.54,81.73,60.72,69.64
74.17,74.17,83.66,59.05,69.34
74.45,74.45,79.55,70.29,71.31
74.83,74.83,76.02,71.50,71.62
75.09,75.09,77.30,68.61,73.73
70.53,70.53,72.52,65.31,73.31
70.93,70.93,72.05,69.97,74.22
72.72,72.72,73.22,74.56,73.83
73.40,73.40,73.14,73.05,72.64
70.67,70.67,68.00,69.93,72.68
72.93,72.93,64.58,70.48,72.87
71.15,71.15,61.28,71.95,73.47
71.63,71.63,58.73,72.89,72.13
73.22,73.22,59.61,74.90,73.04
74.38,74.38,56.35,73.63,72.05
74.86,74.86,56.77,71.78,69.93
72.91,72.91,65.07,73.19,70.64
73.29,73.29,68.25,74.19,71.66
72.76,72.76,69.39,72.59,72.27
71.86,71.86,66.73,72.65,70.82
73.65,73.65,65.90,68.10,70.88
73.35,73.35,62.38,72.91,71.17
71.93,71.93,59.44,75.91,70.17
71.72,71.72,64.70,76.78,69.46
72.03,72.03,66.81,78.03,70.22
72.24,72.24,65.20,78.52,69.30
73.35,73.35,63.49,80.04,69.77
72.19,72.19,59.40,79.50,69.98
70.01,70.01,53.97,79.87,68.68
71.83,71.83,49.01,78.30,68.41
70.98,70.98,54.63,80.35,67.30
71.89,71.89,59.32,72.28,67.38
73.46,73.46,68.89,67.21,70.14
72.12,72.12,79.99,71.83,70.20
70.51,70.51,83.86,69.65,69.27
69.69,69.69,82.14,70.92,71.13
73.88,73.88,72.19,72.80,70.25
74.16,74.16,69.11,74.87,70.62
74.79,74.79,67.87,78.84,71.35
75.38,75.38,68.56,78.69,69.75
72.63,72.63,70.21,79.35,68.37
74.56,74.56,67.86,77.61,69.75
72.83,72.83,71.27,79.38,70.58
72.51,72.51,68.04,78.85,72.10
70.64,70.64,65.43,79.12,71.41
71.07,71.07,63.92,78.79,73.65
69.84,69.84,64.21,76.53,71.73
69.48,69.48,62.81,79.53,71.10
68.41,68.41,64.29,79.08,70.86
67.50,67.50,68.54,80.69,71.11
66.84,66.84,72.48,79.74,71.76
67.66,67.66,73.86,81.43,70.02
69.06,69.06,71.37,78.98,71.12
66.75,66.75,69.56,79.87,70.23
63.42,63.42,67.88,77.62,69.53
60.99,60.99,66.55,78.69,69.34
53.92,53.92,66.00,71.69,68.73
54.21,54.21,72.37,69.03,71.80
52.97,52.97,74.66,71.42,70.97
48.99,48.99,71.85,74.73,69.03
51.17,51.17,70.44,75.39,68.71
49.70,49.70,66.66,78.46,69.31
45.02,45.02,64.64,78.35,67.18
43.53,43.53,64.49,78.62,67.88
43.35,43.35,64.77,76.82,69.77
48.17,48.17,73.79,75.63,72.97
54.68,54.68,84.72,71.50,72.85
60.93,60.93,83.60,68.96,73.43
66.63,66.63,75.30,63.97,73.92
69.31,69.31,67.78,65.55,72.78
69.20,69.20,65.97,70.92,73.56
71.39,71.39,67.46,76.99,73.70
70.92,70.92,67.46,75.88,73.07
70.82,70.82,70.09,76.65,73.93
68.60,68.60,71.68,77.49,73.60
68.52,68.52,66.18,80.04,73.34
70.59,70.59,63.60,77.48,72.60
70.73,70.73,59.39,78.36,72.88
72.48,72.48,56.12,76.35,74.10
71.99,71.99,55.51,78.56,73.36
70.59,70.59,54.77,77.40,71.86
70.38,70.38,61.95,78.48,72.46
69.81,69.81,72.78,78.60,70.36
69.62,69.62,72.47,79.28,71.37
71.89,71.89,70.38,78.00,71.45
73.71,73.71,69.84,77.83,70.52
74.91,74.91,69.58,73.83,72.03
74.04,74.04,65.75,74.13,70.63
74.52,74.52,63.16,76.20,70.66
70.54,70.54,66.31,77.68,69.72
70.21,70.21,74.55,72.98,69.77
67.88,67.88,72.76,70.06,70.17
63.89,63.89,73.00,69.52,70.92
61.69,61.69,69.10,69.53,71.32
61.22,61.22,67.42,69.03,72.15
63.34,63.34,66.60,64.96,71.73
71.25,71.25,67.47,62.83,74.72
73.72,73.72,71.43,54.33,72.65
72.89,72.89,77.48,61.25,70.55
67.85,67.85,84.51,65.57,70.74
72.62,72.62,79.35,68.31,70.24
71.98,71.98,74.86,62.44,72.30
75.51,75.51,74.12,70.26,73.86
75.48,75.48,70.80,71.32,73.30
73.36,73.36,73.53,72.25,74.10
72.68,72.68,71.92,73.88,75.10
72.97,72.97,71.07,73.29,75.41
74.97,74.97,72.00,73.65,75.25
71.56,71.56,70.79,74.36,73.99
75.38,75.38,70.01,71.21,73.80
74.31,74.31,69.97,72.19,73.51
74.22,74.22,69.80,67.18,72.83
75.25,75.25,68.16,60.72,73.46
76.28,76.28,66.40,65.23,74.50
76.00,76.00,65.69,71.59,75.02
74.76,74.76,66.62,78.95,73.09
76.82,76.82,68.33,76.62,71.96
74.97,74.97,67.66,80.36,73.26
74.63,74.63,67.06,79.96,72.28
75.90,75.90,66.48,79.02,72.97
72.35,72.35,65.33,79.94,71.24
74.67,74.67,65.57,79.31,71.26
71.73,71.73,66.77,77.54,72.12
72.40,72.40,66.91,79.29,71.67
73.69,73.69,68.32,77.66,73.65
71.55,71.55,66.01,77.84,73.79
70.86,70.86,66.14,74.98,73.80
68.20,68.20,65.68,65.82,71.55
72.56,72.56,64.84,59.67,71.20
71.45,71.45,63.73,67.04,73.20
69.50,69.50,67.77,59.77,73.06
66.61,66.61,71.34,68.23,72.73
67.68,67.68,73.29,76.46,74.64
63.40,63.40,83.21,77.44,68.87
68.51,68.51,79.57,77.09,72.72
67.70,67.70,75.31,78.89,73.89
69.27,69.27,73.46,78.79,76.20
69.42,69.42,70.92,77.62,74.51
69.40,69.40,66.46,78.21,74.47
68.65,68.65,68.07,80.90,76.00
70.96,70.96,66.20,80.16,73.28
70.75,70.75,65.96,80.33,73.19
69.65,69.65,67.35,82.40,73.13
72.90,72.90,65.82,77.93,72.89
74.39,74.39,62.96,75.15,73.60
75.36,75.36,58.85,70.54,74.77
75.86,75.86,57.76,70.13,74.31
77.52,77.52,57.21,79.27,74.20
76.95,76.95,58.85,81.27,74.69
76.10,76.10,66.16,82.06,71.92
77.64,77.64,65.83,80.22,71.74
79.10,79.10,66.06,80.78,72.30
74.65,74.65,64.39,81.47,73.47
76.64,76.64,61.49,81.69,73.82
75.81,75.81,58.49,81.47,72.88
74.93,74.93,57.58,82.46,72.75
77.23,77.23,57.61,81.97,73.91
77.13,77.13,64.90,81.45,72.51
79.69,79.69,66.49,80.91,72.47
80.64,80.64,65.87,81.51,70.39
75.69,75.69,62.86,81.81,72.95
69.66,69.66,60.82,82.19,71.43
67.04,67.04,56.99,78.98,73.09
63.37,63.37,60.12,70.95,71.83
67.16,67.16,66.34,61.93,72.23
69.69,69.69,73.31,72.41,70.56
67.84,67.84,84.11,72.68,69.89
74.70,74.70,78.61,72.95,69.98
74.39,74.39,75.46,74.82,66.78
78.40,78.40,67.68,75.80,66.82
75.47,75.47,70.91,76.67,67.50
79.06,79.06,69.27,80.14,66.23
81.57,81.57,64.21,81.19,67.16
80.80,80.80,65.31,81.75,66.50
80.50,80.50,63.92,80.03,68.36
79.36,79.36,64.03,78.97,71.19
79.75,79.75,64.48,77.98,71.10
79.91,79.91,63.72,79.90,71.26
78.46,78.46,59.81,81.48,70.49
71.83,71.83,57.80,81.26,70.43
77.66,77.66,54.82,78.03,70.80
75.26,75.26,54.11,69.05,71.48
74.83,74.83,57.99,73.58,73.05
71.80,71.80,65.66,80.35,72.12
75.15,75.15,64.89,79.73,70.83
77.10,77.10,63.23,82.90,70.24
71.16,71.16,63.07,81.26,67.31
73.73,73.73,60.90,80.74,67.90
73.08,73.08,57.83,80.44,70.11
75.41,75.41,57.37,81.50,69.49
73.26,73.26,62.50,82.67,72.08
72.95,72.95,67.72,81.74,71.49
71.70,71.70,66.42,81.00,74.37
75.08,75.08,64.12,80.23,73.25
78.29,78.29,63.45,79.37,70.35
77.44,77.44,60.81,80.38,70.62
72.93,72.93,58.19,80.64,71.02
71.32,71.32,65.50,77.25,71.05
72.70,72.70,71.55,68.58,71.78
76.67,76.67,81.99,63.96,70.18
73.53,73.53,84.67,69.94,69.20
76.06,76.06,78.58,78.38,71.31
77.84,77.84,76.23,78.33,70.78
79.15,79.15,74.50,78.15,71.55
70.51,70.51,72.00,79.80,72.53
74.28,74.28,70.42,80.08,72.08
69.63,69.63,70.70,78.52,72.96
62.34,62.34,69.28,79.66,74.30
59.26,59.26,66.80,80.01,73.95
54.60,54.60,67.33,78.61,73.21
54.48,54.48,65.42,78.56,73.42
57.14,57.14,60.30,78.37,73.04
63.47,63.47,59.80,77.94,71.34
74.70,74.70,58.06,69.81,74.29
72.17,72.17,57.73,65.41,72.45
69.76,69.76,60.56,74.05,73.29
71.20,71.20,66.78,73.19,73.16
71.48,71.48,68.09,76.09,73.15
72.97,72.97,66.65,76.10,73.51
70.06,70.06,65.70,72.83,71.14
72.47,72.47,66.23,72.08,71.16
72.12,72.12,64.89,77.00,70.67
73.49,73.49,65.03,77.43,71.87
73.50,73.50,65.62,78.27,70.03
74.82,74.82,66.55,77.13,70.78
75.19,75.19,66.48,77.41,69.93
74.19,74.19,65.85,77.31,69.85
75.66,75.66,65.19,78.72,71.40
75.27,75.27,65.78,75.08,70.45
75.89,75.89,65.80,69.06,70.86
72.56,72.56,69.29,62.30,68.85
73.33,73.33,72.28,56.17,70.67
65.98,65.98,79.08,58.93,72.06
63.41,63.41,85.51,64.29,69.81
67.31,67.31,81.88,61.98,71.96
72.00,72.00,79.15,69.32,72.90
70.25,70.25,71.15,70.32,74.77
70.08,70.08,69.84,68.56,74.59
71.15,71.15,77.15,69.22,74.14
70.43,70.43,75.83,66.22,76.69
67.95,67.95,76.03,67.21,76.01
65.07,65.07,72.65,68.98,75.98
64.20,64.20,65.80,73.11,75.17
63.07,63.07,62.24,72.31,74.63
64.10,64.10,58.44,75.32,73.59
66.89,66.89,58.43,75.13,75.58
72.89,72.89,55.64,74.18,74.42
78.38,78.38,56.75,72.53,74.07
77.28,77.28,62.36,72.64,74.25
72.34,72.34,67.53,72.43,72.68
72.39,72.39,69.17,71.62,72.77
74.66,74.66,67.48,72.28,72.74
77.49,77.49,67.34,73.20,71.74
77.94,77.94,64.04,73.54,71.02
76.12,76.12,63.60,71.37,71.87
75.71,75.71,61.63,73.28,69.92
77.02,77.02,62.20,72.83,73.13
77.20,77.20,66.33,71.20,71.51
73.68,73.68,65.44,72.89,73.94
70.08,70.08,66.37,71.81,71.93
69.91,69.91,64.42,72.91,70.76
71.10,71.10,59.54,74.11,70.86
70.55,70.55,57.27,73.33,69.91
71.95,71.95,61.75,69.99,71.67
70.26,70.26,68.70,61.55,72.16
66.31,66.31,77.54,65.55,71.47
70.51,70.51,83.90,66.37,72.00
68.56,68.56,79.19,69.60,72.40
67.43,67.43,77.38,71.35,73.94
68.91,68.91,73.33,73.68,74.69
68.59,68.59,72.32,72.25,75.41
69.99,69.99,75.29,72.06,72.99
69.56,69.56,70.72,72.73,74.12
68.77,68.77,75.13,73.58,73.39
72.15,72.15,72.49,72.95,72.84
75.48,75.48,69.77,73.21,74.74
73.91,73.91,67.20,74.19,72.57
73.49,73.49,65.43,72.67,73.37
72.93,72.93,60.70,73.24,73.14
72.13,72.13,57.10,73.62,73.84
71.31,71.31,57.92,72.01,70.70
70.63,70.63,59.71,70.20,72.42
69.69,69.69,64.01,73.45,73.04
68.87,68.87,64.34,67.92,72.78
71.50,71.50,64.10,71.52,73.18
72.89,72.89,64.53,77.04,72.79
74.30,74.30,62.88,74.33,71.58
76.17,76.17,58.80,74.50,71.77
72.48,72.48,57.86,75.14,71.56
71.83,71.83,58.64,74.64,71.56
72.01,72.01,65.52,76.85,70.30
73.40,73.40,65.75,76.18,71.90
71.86,71.86,65.44,72.39,72.19
75.52,75.52,63.32,66.42,71.39
76.66,76.66,61.06,65.40,72.28
76.85,76.85,59.47,69.69,71.26
75.73,75.73,58.40,56.63,71.69
76.98,76.98,65.52,67.61,69.61
74.59,74.59,70.34,76.05,68.77
72.20,72.20,79.97,76.76,69.69
72.34,72.34,83.32,77.83,69.55
70.06,70.06,79.21,78.12,69.25
70.31,70.31,72.14,79.32,69.72
67.10,67.10,69.91,79.95,71.55
65.77,65.77,70.91,78.83,70.48
66.34,66.34,68.69,81.26,70.96
65.69,65.69,65.64,77.56,71.17
67.33,67.33,68.52,74.29,73.70
66.49,66.49,66.90,75.79,74.25
69.47,69.47,66.38,78.67,72.99
69.17,69.17,66.34,78.83,72.83
70.59,70.59,65.15,79.95,72.01
71.63,71.63,62.77,78.66,73.67
70.89,70.89,58.03,79.71,73.85
67.87,67.87,56.58,79.59,71.47
66.63,66.63,68.61,80.38,71.35
65.26,65.26,72.68,78.43,71.58
66.74,66.74,73.62,78.53,72.05
66.30,66.30,71.60,80.24,71.63
61.17,61.17,68.50,80.12,72.25
61.07,61.07,67.89,79.49,71.74
57.89,57.89,67.37,78.45,71.78
55.49,55.49,67.87,78.20,71.81
60.27,60.27,70.82,70.48,69.28
61.24,61.24,73.31,76.11,70.55
65.47,65.47,71.72,78.83,70.60
66.68,66.68,69.63,78.10,71.98
66.81,66.81,67.30,82.08,69.15
71.38,71.38,64.06,80.40,66.73
75.99,75.99,63.05,81.40,65.74
79.21,79.21,63.68,78.16,66.18
76.27,76.27,71.02,73.82,68.24
76.44,76.44,75.62,76.38,70.33
68.65,68.65,80.96,74.85,70.83
69.49,69.49,82.43,73.92,71.37
71.90,71.90,81.03,69.99,73.41
73.37,73.37,81.25,71.09,74.32
68.65,68.65,76.47,74.45,73.99
71.73,71.73,66.60,77.41,74.07
71.77,71.77,72.20,78.16,72.79
70.87,70.87,69.63,75.27,72.28
70.55,70.55,71.51,75.79,72.41
70.35,70.35,72.45,77.10,72.57
71.67,71.67,67.85,77.36,72.46
74.20,74.20,64.69,78.47,72.87
74.35,74.35,63.66,77.36,73.47
71.79,71.79,61.34,78.44,71.97
72.95,72.95,63.59,78.52,72.93
71.22,71.22,68.63,79.61,72.83
72.18,72.18,71.78,76.01,71.05
72.39,72.39,72.36,76.52,73.34
71.39,71.39,73.14,76.33,71.95
74.57,74.57,71.85,77.05,72.85
73.25,73.25,67.29,76.00,72.72
71.96,71.96,63.81,75.74,72.91
76.30,76.30,64.85,73.56,72.94
70.70,70.70,66.85,70.98,70.23
67.34,67.34,70.09,75.09,72.12
63.70,63.70,71.25,72.16,72.21
61.52,61.52,69.41,70.88,71.64
63.13,63.13,66.92,69.47,71.37
65.78,65.78,64.10,64.16,70.33
68.80,68.80,63.39,64.53,71.85
68.77,68.77,62.34,63.89,69.61
68.67,68.67,65.91,68.67,70.59
70.72,70.72,70.32,69.52,71.85
64.06,64.06,80.58,71.13,71.74
68.68,68.68,84.62,72.49,70.74
70.61,70.61,74.95,77.21,71.45
68.86,68.86,75.23,79.57,74.12
71.49,71.49,67.60,77.69,76.18
68.58,68.58,67.39,74.26,74.32
71.97,71.97,68.12,76.98,75.07
72.52,72.52,65.78,77.10,74.81
72.17,72.17,65.97,77.42,74.48
70.90,70.90,66.14,77.74,75.08
70.34,70.34,64.06,77.89,73.95
68.84,68.84,64.83,78.15,75.26
70.48,70.48,63.59,80.15,74.18
69.89,69.89,63.58,79.98,74.81
70.52,70.52,62.83,78.50,73.03
72.86,72.86,58.30,73.21,73.16
72.18,72.18,55.57,65.50,74.30
72.72,72.72,54.60,62.93,73.98
70.71,70.71,54.02,67.46,73.82
71.60,71.60,52.98,62.27,73.50
74.40,74.40,51.75,61.96,72.36
75.69,75.69,50.98,62.54,71.08
73.66,73.66,52.21,57.32,70.48
73.23,73.23,52.47,61.45,69.49
73.69,73.69,50.83,56.77,70.22
74.38,74.38,48.68,48.65,68.58
76.38,76.38,50.07,51.71,68.34
73.40,73.40,47.25,49.58,66.82
73.29,73.29,47.13,44.49,65.69
72.90,72.90,47.17,43.25,65.60
73.32,73.32,47.27,52.20,66.36
73.86,73.86,46.08,52.69,64.27
71.90,71.90,48.10,46.92,63.69
74.14,74.14,53.59,60.11,65.77
73.22,73.22,66.21,66.37,67.55
69.23,69.23,74.81,74.95,71.62
66.78,66.78,84.39,74.56,70.21
67.18,67.18,77.46,71.42,72.72
71.53,71.53,74.47,73.95,75.09
61.53,61.53,69.06,75.78,75.20
64.81,64.81,70.69,78.06,74.78
62.33,62.33,69.96,77.65,74.65
54.06,54.06,67.64,77.20,74.08
50.68,50.68,66.22,79.96,75.32
50.64,50.64,66.04,80.45,75.44
48.40,48.40,64.25,79.15,75.35
48.51,48.51,63.84,79.88,75.91
47.78,47.78,65.08,80.79,74.38
47.03,47.03,64.16,82.12,74.43
45.96,45.96,64.29,79.87,75.48
45.37,45.37,61.89,80.16,74.60
42.30,42.30,55.70,81.51,73.76
40.37,40.37,48.77,82.06,73.52
38.92,38.92,46.55,79.94,69.43
34.49,34.49,48.38,74.65,62.44
27.32,27.32,40.25,67.61,54.54
29.14,29.14,46.68,66.15,51.40
32.14,32.14,47.97,65.75,51.08
35.10,35.10,53.78,59.63,49.00
34.53,34.53,48.82,52.14,47.77
33.93,33.93,47.56,48.80,49.27
35.42,35.42,43.14,49.97,50.77
34.95,34.95,42.63,54.46,47.81
35.00,35.00,46.86,50.80,42.04
35.18,35.18,46.72,44.64,38.11
32.26,32.26,43.82,42.66,38.22
34.98,34.98,33.44,43.34,41.88
35.03,35.03,40.83,59.66,50.64
21.92,21.92,40.20,64.43,53.44
17.48,17.48,61.27,65.15,63.14
9.86,9.86,75.67,67.05,71.08
16.50,16.50,86.69,67.65,70.87
18.71,18.71,80.75,78.19,71.58
14.97,14.97,74.94,82.48,74.33
13.49,13.49,68.84,79.82,74.61
18.11,18.11,73.28,78.77,74.79
21.36,21.36,68.22,78.24,75.63
17.14,17.14,66.50,80.48,73.84
18.90,18.90,66.14,80.05,73.75
22.46,22.46,65.77,80.40,73.88
27.36,27.36,64.48,79.77,73.64
25.53,25.53,64.42,81.24,73.37
21.76,21.76,63.98,81.73,74.19
19.04,19.04,64.84,80.24,72.60
15.01,15.01,61.90,79.60,72.99
15.74,15.74,53.43,80.92,72.58
17.12,17.12,50.25,80.07,73.66
21.25,21.25,47.15,71.67,71.88
21.20,21.20,49.92,62.79,72.88
19.04,19.04,44.97,68.43,70.60
17.66,17.66,55.28,73.56,72.59
17.42,17.42,53.76,69.47,73.47
17.85,17.85,51.76,61.79,69.82
16.26,16.26,54.84,63.23,68.53
17.39,17.39,50.06,60.44,64.57
18.63,18.63,49.04,58.91,66.03
21.57,21.57,48.99,61.13,71.22
18.84,18.84,53.98,59.76,72.42
19.26,19.26,57.61,58.85,73.86
19.38,19.38,61.08,60.12,73.79
22.46,22.46,61.49,62.07,73.67
23.35,23.35,61.85,56.32,75.79
23.32,23.32,58.29,57.17,75.69
21.00,21.00,56.30,60.09,75.05
13.92,13.92,66.39,63.30,74.00
12.23,12.23,76.07,72.94,72.31
16.58,16.58,83.49,75.43,68.34
22.50,22.50,82.26,74.31,70.54
15.92,15.92,78.92,74.00,73.73
14.28,14.28,73.05,75.71,71.82
10.89,10.89,74.54,77.45,72.08
13.88,13.88,71.88,77.69,73.37
11.87,11.87,73.51,78.30,73.90
8.87,8.87,74.15,78.08,73.82
10.27,10.27,72.61,78.97,74.52
6.81,6.81,68.74,79.01,74.31
14.21,14.21,68.41,79.53,73.82
8.73,8.73,64.02,79.69,73.74
13.72,13.72,64.47,78.97,73.54
16.66,16.66,64.99,76.99,71.61
18.54,18.54,58.80,79.19,74.53
17.89,17.89,55.30,78.84,74.34
16.93,16.93,46.75,78.06,73.98
18.10,18.10,50.36,78.15,75.93
21.07,21.07,54.30,74.06,75.08
21.69,21.69,59.38,66.27,73.68
19.47,19.47,58.06,63.51,73.31
19.69,19.69,51.34,63.60,72.54
20.44,20.44,61.03,61.62,74.86
18.67,18.67,59.92,57.52,75.51
19.37,19.37,55.33,62.16,74.13
19.47,19.47,57.12,62.96,74.83
20.09,20.09,57.41,59.08,75.36
21.11,21.11,50.53,58.18,74.27
20.37,20.37,57.40,59.05,74.19
19.12,19.12,59.91,59.45,75.46
17.17,17.17,50.11,60.73,73.85
15.84,15.84,56.75,66.55,73.31
12.42,12.42,62.28,62.44,73.73
9.69,9.69,70.72,63.68,72.87
10.93,10.93,84.29,64.45,73.27
17.45,17.45,84.28,72.31,71.99
20.38,20.38,73.41,78.42,73.46
17.88,17.88,73.67,81.65,73.23
18.41,18.41,70.83,80.78,75.36
22.32,22.32,69.36,80.14,74.92
20.72,20.72,66.78,79.97,75.64
17.80,17.80,67.37,80.96,75.27
19.35,19.35,66.57,81.22,74.55
13.92,13.92,66.90,80.14,72.27
15.53,15.53,66.45,79.82,74.73
14.16,14.16,64.88,79.17,76.14
18.99,18.99,64.41,79.89,74.81
12.51,12.51,65.60,78.57,74.18
13.25,13.25,59.20,78.18,74.15
15.50,15.50,52.01,79.29,72.96
17.09,17.09,47.85,79.50,74.07
16.29,16.29,42.78,79.52,73.24
17.51,17.51,41.37,78.98,70.58
18.97,18.97,40.73,77.17,67.51
22.87,22.87,38.34,67.14,63.14
25.50,25.50,37.80,63.62,63.56
26.65,26.65,44.41,61.63,61.19
27.13,27.13,39.02,63.43,60.70
30.42,30.42,38.39,61.87,56.74
29.08,29.08,48.74,61.43,56.96
26.03,26.03,50.93,65.05,54.40
27.12,27.12,44.09,63.78,53.50
27.05,27.05,35.30,63.72,51.86
25.95,25.95,40.60,60.92,51.07
24.71,24.71,40.45,55.27,50.10
32.60,32.60,33.81,48.72,49.78
33.03,33.03,48.08,56.74,54.53
14.08,14.08,58.22,55.30,56.76
11.07,11.07,71.41,67.64,66.82
11.56,11.56,83.42,73.04,69.93
17.09,17.09,82.56,74.22,71.96
16.62,16.62,71.64,79.89,74.66
19.89,19.89,69.48,78.23,75.45
16.80,16.80,72.22,76.05,75.35
17.52,17.52,70.79,76.26,75.69
21.25,21.25,65.82,78.59,76.95
24.23,24.23,66.74,78.62,75.67
22.57,22.57,65.10,79.35,76.46
23.64,23.64,65.10,79.52,74.21
27.81,27.81,65.70,80.13,75.61
21.08,21.08,64.27,81.07,74.59
14.63,14.63,64.71,80.79,75.06
14.80,14.80,65.07,79.04,75.69
15.29,15.29,59.22,79.77,75.19
14.60,14.60,52.44,80.01,75.80
13.56,13.56,48.18,78.08,74.09
14.09,14.09,44.28,78.89,75.05
12.71,12.71,38.51,79.13,71.89
15.50,15.50,34.82,77.54,70.35
20.37,20.37,37.03,62.60,67.43
26.61,26.61,36.97,64.68,63.74
29.39,29.39,36.19,65.84,62.29
30.57,30.57,28.75,61.86,59.17
30.93,30.93,28.00,61.32,54.56
30.65,30.65,33.95,57.93,54.40
31.52,31.52,37.67,62.52,49.85
32.10,32.10,39.94,62.86,47.13
27.90,27.90,36.18,60.89,43.06
29.10,29.10,39.21,57.17,39.87
28.51,28.51,31.98,45.01,38.53
34.49,34.49,29.63,52.08,44.46
27.54,27.54,42.65,55.37,51.31
11.31,11.31,54.36,62.22,59.74
6.54,6.54,67.76,69.17,70.08
9.05,9.05,84.96,71.99,70.98
18.41,18.41,83.32,74.34,71.37
17.39,17.39,73.23,79.78,72.08
15.51,15.51,72.40,79.42,74.23
19.56,19.56,71.98,78.73,74.44
20.38,20.38,72.86,77.78,75.06
16.86,16.86,70.60,78.13,74.71
21.33,21.33,69.17,76.62,73.79
15.39,15.39,67.38,78.33,75.23
5.79,5.79,67.57,78.32,76.25
15.99,15.99,66.70,78.46,74.63
17.99,17.99,64.80,78.70,74.98
15.02,15.02,63.79,79.22,73.96
17.74,17.74,65.83,80.21,73.85
16.22,16.22,62.35,81.07,73.30
14.37,14.37,52.69,79.59,73.61
14.22,14.22,48.16,79.07,72.43
15.86,15.86,47.71,78.16,72.97
14.17,14.17,49.07,72.74,71.29
13.51,13.51,54.59,71.08,74.33
14.82,14.82,49.41,66.87,73.63
11.39,11.39,50.25,65.72,71.72
14.54,14.54,55.71,57.57,70.56
14.57,14.57,45.77,61.29,67.41
15.58,15.58,44.53,61.95,69.52
18.53,18.53,44.65,59.69,71.42
22.28,22.28,54.09,56.28,73.90
22.62,22.62,59.53,52.74,75.87
21.74,21.74,58.77,46.66,73.66
18.53,18.53,54.13,52.58,75.75
17.40,17.40,49.48,50.94,73.62
15.95,15.95,44.74,60.38,73.55
11.33,11.33,46.53,57.93,73.59
6.50,6.50,62.58,66.86,75.47
7.09,7.09,69.41,76.64,75.68
8.67,8.67,83.34,79.06,73.59
8.04,8.04,81.34,75.59,72.77
12.93,12.93,73.82,76.51,73.29
16.67,16.67,70.87,77.87,74.56
14.29,14.29,72.90,78.40,72.69
13.05,13.05,70.08,78.22,74.23
21.96,21.96,67.73,77.35,74.77
24.20,24.20,65.78,77.08,75.66
16.95,16.95,65.36,77.73,76.58
10.19,10.19,67.66,80.40,74.83
3.37,3.37,66.01,79.95,74.90
5.55,5.55,64.16,80.00,73.64
7.80,7.80,63.03,80.47,73.77
10.95,10.95,64.19,82.64,72.89
12.30,12.30,63.43,81.50,73.83
13.33,13.33,57.11,79.84,73.33
11.31,11.31,48.15,81.19,74.11
14.36,14.36,45.88,75.94,73.56
15.07,15.07,50.58,66.86,73.60
13.58,13.58,56.42,64.26,74.75
11.58,11.58,58.46,65.09,74.01
10.60,10.60,56.92,61.69,75.31
11.47,11.47,52.59,66.94,74.31
14.75,14.75,50.03,69.06,73.92
14.25,14.25,44.48,65.56,73.66
12.72,12.72,47.64,56.07,73.84
12.74,12.74,55.27,55.68,73.38
12.11,12.11,51.88,55.18,75.27
15.32,15.32,53.43,53.82,74.38
14.49,14.49,53.37,41.98,75.32
13.23,13.23,49.89,51.19,75.83
14.00,14.00,41.42,64.44,74.71
11.74,11.74,49.34,61.89,73.31
7.48,7.48,59.90,59.74,74.42
9.62,9.62,74.67,72.49,73.02
14.52,14.52,83.75,72.63,71.03
14.65,14.65,76.80,76.23,72.34
13.75,13.75,72.82,80.82,73.29
19.60,19.60,69.09,78.40,73.84
17.09,17.09,73.86,79.07,74.38
22.77,22.77,66.87,78.42,75.44
29.15,29.15,65.21,78.54,74.24
31.55,31.55,65.10,80.48,72.72
28.66,28.66,64.31,80.37,72.74
21.29,21.29,63.40,81.32,73.04
17.66,17.66,65.07,80.90,75.13
17.95,17.95,62.92,80.31,75.35
16.27,16.27,63.04,79.95,74.10
16.71,16.71,62.02,81.01,74.18
15.37,15.37,53.80,80.93,75.58
17.14,17.14,47.62,80.09,75.07
15.52,15.52,44.47,80.58,73.90
15.55,15.55,41.03,80.76,73.44
14.43,14.43,36.96,75.97,69.94
14.28,14.28,41.45,64.92,65.60
18.49,18.49,46.17,58.99,63.51
24.03,24.03,48.92,59.30,64.77
26.97,26.97,44.40,54.80,63.14
29.64,29.64,37.73,59.88,60.86
27.94,27.94,34.86,57.08,60.24
24.01,24.01,40.52,57.82,58.82
26.68,26.68,45.61,57.87,56.07
26.24,26.24,41.68,51.79,54.96
22.91,22.91,38.99,52.74,55.55
22.91,22.91,35.97,53.21,53.94
23.43,23.43,30.78,47.25,53.72
31.83,31.83,29.86,49.05,54.33
20.61,20.61,43.04,62.31,57.59
12.22,12.22,64.30,65.45,65.02
7.34,7.34,73.23,74.40,68.13
15.20,15.20,83.48,78.28,70.11
14.50,14.50,81.90,72.82,72.33
12.80,12.80,73.73,71.96,73.90
18.03,18.03,73.83,75.47,73.51
24.29,24.29,72.30,78.47,73.38
29.93,29.93,69.75,77.46,73.78
35.59,35.59,66.61,76.79,75.45
33.52,33.52,64.79,78.39,74.24
22.59,22.59,63.65,79.24,74.28
13.47,13.47,64.66,79.18,74.92
17.61,17.61,64.57,78.01,74.32
19.62,19.62,63.16,78.63,75.53
19.95,19.95,61.90,78.14,74.27
22.49,22.49,64.36,80.62,74.68
20.53,20.53,59.45,79.94,74.03
16.96,16.96,51.34,78.23,73.52
15.34,15.34,47.37,79.40,74.59
16.87,16.87,41.84,79.78,72.84
13.77,13.77,39.08,78.61,68.43
16.49,16.49,39.61,80.06,65.88
24.24,24.24,34.21,69.22,61.03
27.28,27.28,39.13,67.67,59.28
30.34,30.34,42.73,66.05,57.12
28.82,28.82,36.32,59.40,56.41
31.50,31.50,36.78,63.31,55.79
30.46,30.46,32.21,63.92,54.05
28.64,28.64,35.68,59.94,53.66
28.10,28.10,31.43,52.50,50.86
28.81,28.81,38.00,51.12,50.09
28.84,28.84,46.82,49.07,47.32
27.10,27.10,47.62,44.81,43.06
35.31,35.31,38.31,41.72,49.53
35.20,35.20,37.11,52.80,52.55
25.93,25.93,48.72,56.84,60.86
9.32,9.32,60.12,57.74,63.64
11.08,11.08,71.46,64.76,72.34
17.17,17.17,85.38,65.29,71.53
25.41,25.41,83.80,73.04,73.59
33.51,33.51,74.09,78.86,75.32
31.50,31.50,70.66,79.29,74.76
24.15,24.15,71.51,77.96,74.89
24.33,24.33,72.23,80.07,76.18
17.48,17.48,67.39,79.49,75.39
16.30,16.30,66.30,80.58,75.18
15.78,15.78,66.21,80.36,75.70
17.18,17.18,65.70,78.18,75.80
19.22,19.22,64.25,79.17,75.50
21.91,21.91,64.18,79.59,74.95
20.68,20.68,63.31,79.84,73.49
19.22,19.22,63.32,78.65,74.05
16.40,16.40,62.79,77.52,73.49
15.94,15.94,54.49,78.75,71.77
15.50,15.50,48.39,78.88,70.16
15.31,15.31,46.38,76.20,71.64
14.40,14.40,40.40,71.42,71.11
15.31,15.31,42.34,68.77,72.82
15.66,15.66,47.93,61.90,73.41
16.39,16.39,44.18,59.00,71.22
16.53,16.53,41.18,55.83,66.99
14.78,14.78,46.76,55.54,65.86
18.93,18.93,42.42,50.15,67.50
20.22,20.22,42.38,51.38,71.86
22.04,22.04,43.89,54.31,72.56
19.77,19.77,43.77,48.10,74.66
18.72,18.72,41.75,51.98,75.07
23.88,23.88,39.81,49.08,73.84
33.81,33.81,39.78,53.07,73.86
34.04,34.04,41.27,53.23,73.84
26.48,26.48,50.43,51.07,75.67
17.20,17.20,57.30,52.12,75.93
14.68,14.68,70.12,68.42,75.94
14.98,14.98,84.93,70.97,73.07
19.31,19.31,81.97,77.24,70.70
14.33,14.33,72.70,81.52,71.18
19.96,19.96,71.45,80.20,72.57
16.14,16.14,72.69,77.87,72.75
19.00,19.00,70.64,78.25,74.50
19.55,19.55,67.08,77.82,74.57
14.82,14.82,66.17,78.84,74.29
12.18,12.18,66.88,79.83,74.90
22.18,22.18,65.64,78.53,74.79
23.34,23.34,63.54,80.40,75.91
21.81,21.81,63.43,81.39,76.18
16.60,16.60,63.03,80.54,74.21
15.43,15.43,62.98,79.28,74.80
18.05,18.05,62.16,78.72,75.86
16.12,16.12,55.42,79.55,74.26
16.15,16.15,53.81,78.27,73.75
15.85,15.85,52.04,75.64,73.98
15.43,15.43,48.65,77.79,74.18
12.82,12.82,42.41,76.22,73.54
12.74,12.74,43.88,71.23,74.79
15.92,15.92,46.67,67.41,74.21
18.83,18.83,49.79,64.44,74.96
18.35,18.35,53.93,62.94,75.31
16.12,16.12,49.84,61.90,74.38
14.67,14.67,38.85,59.91,74.18
14.95,14.95,38.31,55.76,74.28
13.47,13.47,37.74,58.46,74.17
13.41,13.41,34.21,55.38,73.37
14.16,14.16,36.39,69.41,74.83
13.64,13.64,32.48,71.13,73.55
14.31,14.31,42.24,69.12,74.15
12.15,12.15,54.07,61.02,75.29
9.73,9.73,60.46,57.69,74.60
11.84,11.84,71.33,70.74,75.78
12.50,12.50,84.31,68.74,73.51
19.88,19.88,76.83,67.13,76.31
11.46,11.46,74.11,74.07,76.35
16.96,16.96,71.32,77.28,75.42
18.06,18.06,71.65,80.54,74.26
21.18,21.18,71.72,82.04,75.45
20.45,20.45,67.73,82.52,75.74
18.38,18.38,67.24,80.73,74.63
16.40,16.40,67.17,79.52,75.35
21.73,21.73,67.92,80.14,75.82
20.02,20.02,66.51,82.27,75.29
12.73,12.73,65.65,81.89,73.33
16.43,16.43,65.92,79.63,73.24
14.51,14.51,64.63,80.04,73.98
17.87,17.87,64.75,78.68,74.28
17.46,17.46,64.49,80.19,73.25
23.29,23.29,63.90,80.74,74.55
23.77,23.77,64.44,81.35,73.85
20.39,20.39,64.10,80.75,73.45
26.26,26.26,62.48,80.50,74.38
25.38,25.38,61.83,79.53,74.45
16.97,16.97,62.35,80.31,73.93
13.97,13.97,61.12,80.91,74.47
19.85,19.85,61.72,79.15,74.99
19.24,19.24,61.36,80.01,75.06
24.60,24.60,58.40,78.79,73.52
29.00,29.00,57.37,81.43,74.55
29.44,29.44,59.11,82.13,74.29
24.06,24.06,60.06,80.91,74.66
21.42,21.42,60.50,81.27,75.41
18.52,18.52,58.36,81.29,73.68
19.19,19.19,58.49,80.24,72.95
17.98,17.98,57.87,80.95,73.39
17.37,17.37,58.83,80.13,73.60
16.43,16.43,57.88,78.98,73.53
18.71,18.71,56.41,81.27,71.97
21.28,21.28,57.14,80.50,73.69
23.76,23.76,56.19,81.27,73.72
23.87,23.87,55.94,80.97,73.36
23.12,23.12,56.61,81.10,72.07
21.88,21.88,54.52,81.10,73.55
22.37,22.37,53.13,81.98,72.80
24.98,24.98,51.83,82.38,72.72
23.91,23.91,52.33,81.13,73.60
23.43,23.43,50.68,80.90,73.45
21.91,21.91,49.83,77.12,74.23
22.33,22.33,49.04,78.49,74.31
24.56,24.56,48.75,78.62,76.15
24.97,24.97,47.78,77.88,75.16
23.30,23.30,47.33,79.68,74.26
24.58,24.58,46.58,78.59,74.86
24.65,24.65,44.83,77.46,75.79
23.72,23.72,44.10,76.92,75.41
24.03,24.03,43.75,75.77,74.86
25.53,25.53,42.93,75.39,73.40
24.52,24.52,41.59,78.05,73.65
22.14,22.14,40.03,76.77,74.23
21.66,21.66,38.71,78.65,72.64
22.33,22.33,37.09,78.63,74.42
22.51,22.51,37.62,78.52,73.96
21.72,21.72,35.72,78.09,74.92
21.39,21.39,33.65,78.99,75.51
22.61,22.61,35.42,76.81,75.54
21.60,21.60,34.97,78.70,76.29
22.21,22.21,35.45,79.56,74.63
22.95,22.95,35.82,79.54,73.62
21.12,21.12,35.67,81.04,73.86
19.24,19.24,32.73,81.54,74.98
20.01,20.01,32.87,81.91,74.75
22.32,22.32,33.83,79.64,77.51
19.82,19.82,31.55,78.97,78.23
20.34,20.34,32.93,77.34,77.08
19.50,19.50,33.39,80.68,77.48
22.03,22.03,33.90,82.31,76.16
20.68,20.68,33.94,81.46,74.71
19.41,19.41,34.64,82.14,74.24
18.39,18.39,33.97,81.86,75.67
19.09,19.09,35.07,82.09,75.41
19.18,19.18,35.06,82.74,78.08
19.63,19.63,32.39,81.25,76.79
20.77,20.77,34.17,79.96,75.50
20.05,20.05,32.02,79.38,75.88
21.47,21.47,32.98,79.89,77.24
21.97,21.97,34.07,79.73,76.04
20.94,20.94,32.26,80.20,78.64
21.62,21.62,33.01,79.58,78.09
21.47,21.47,32.62,80.65,76.28
21.89,21.89,33.19,81.59,76.81
20.16,20.16,32.46,81.56,74.30
20.42,20.42,31.32,80.04,75.05
22.59,22.59,32.94,78.85,76.65
23.67,23.67,34.37,76.91,75.93
24.16,24.16,32.93,76.91,78.53
24.63,24.63,33.10,77.51,77.44
24.95,24.95,34.30,77.11,76.01
25.24,25.24,35.53,78.72,77.14
24.11,24.11,33.95,79.43,75.36
24.05,24.05,32.38,80.35,74.81
24.44,24.44,30.76,80.46,76.77
27.01,27.01,32.26,80.14,76.48
27.36,27.36,33.55,79.44,78.01
26.31,26.31,32.92,79.24,77.84
27.13,27.13,33.53,78.81,77.36
26.82,26.82,33.05,78.39,78.74
27.49,27.49,33.07,77.08,77.23
26.59,26.59,31.86,78.34,76.28
26.56,26.56,32.64,79.55,77.33
26.16,26.16,32.31,81.03,75.12
26.71,26.71,32.48,80.47,76.92
26.94,26.94,32.42,80.22,75.60
27.10,27.10,32.01,80.20,72.59
27.44,27.44,33.44,80.41,73.62
26.20,26.20,31.45,81.14,73.78
27.08,27.08,32.85,80.41,73.16
27.22,27.22,33.32,79.11,75.68
27.81,27.81,32.97,78.99,73.90
27.17,27.17,32.40,80.64,75.39
28.01,28.01,31.57,82.04,74.38
29.14,29.14,33.18,81.04,72.18
28.31,28.31,32.75,81.30,73.80
31.36,31.36,33.71,81.10,74.23
30.97,30.97,32.45,81.01,73.11
31.09,31.09,32.38,82.02,75.75
33.56,33.56,33.34,80.87,72.76
33.48,33.48,35.22,78.78,75.42
31.81,31.81,35.96,78.60,75.23
32.70,32.70,36.52,78.45,72.95
33.82,33.82,36.28,79.63,76.16
32.22,32.22,35.63,79.50,74.69
31.44,31.44,34.50,79.26,74.71
33.91,33.91,32.86,79.37,74.54
33.56,33.56,33.94,79.80,72.23
33.26,33.26,33.64,80.42,75.05
34.58,34.58,33.94,79.30,75.81
35.54,35.54,33.62,79.01,74.76
35.98,35.98,33.48,76.99,77.67
37.30,37.30,33.28,77.64,75.62
35.32,35.32,33.65,78.95,75.99
35.81,35.81,33.09,78.58,76.66
36.50,36.50,34.31,79.41,74.18
37.52,37.52,35.71,80.26,76.73
35.67,35.67,34.35,80.98,75.18
34.69,34.69,34.53,81.53,73.46
33.05,33.05,33.59,80.42,75.90
34.33,34.33,33.93,79.58,74.60
34.60,34.60,33.84,79.09,75.62
37.99,37.99,36.09,78.66,76.48
36.39,36.39,33.39,78.83,74.05
38.46,38.46,34.59,78.42,76.17
38.36,38.36,35.14,79.06,76.54
37.06,37.06,35.28,79.69,75.25
36.51,36.51,35.89,80.90,77.26
35.55,35.55,35.45,81.04,76.16
35.98,35.98,34.73,80.50,74.13
37.04,37.04,35.88,80.34,73.85
36.28,36.28,36.86,80.67,71.13
35.57,35.57,36.30,81.11,73.04
35.76,35.76,36.10,80.64,74.71
37.58,37.58,35.43,79.41,72.60
37.49,37.49,36.97,79.07,74.75
38.62,38.62,37.71,80.83,74.96
38.15,38.15,36.82,82.13,72.68
36.58,36.58,36.44,81.38,75.44
38.14,38.14,38.87,81.23,72.51
36.85,36.85,36.51,80.89,72.57
35.95,35.95,37.07,80.92,74.32
37.11,37.11,38.67,81.72,71.26
36.71,36.71,38.55,80.92,72.90
37.59,37.59,37.75,78.99,74.03
38.48,38.48,39.01,79.42,72.25
36.75,36.75,35.59,80.34,73.08
36.77,36.77,36.48,81.54,72.50
37.65,37.65,36.91,80.85,73.12
38.01,38.01,35.89,80.42,73.52
37.01,37.01,36.95,80.89,73.49
35.55,35.55,36.06,80.99,74.26
37.11,37.11,38.09,81.54,73.26
35.70,35.70,36.22,79.91,74.22
35.02,35.02,35.87,78.94,74.47
37.09,37.09,37.22,77.02,75.54
37.47,37.47,37.31,78.64,75.56
37.71,37.71,35.88,79.61,75.62
37.65,37.65,36.96,78.78,75.30
37.01,37.01,36.92,79.58,73.31
36.91,36.91,37.15,79.81,75.44
36.35,36.35,37.51,79.69,73.96
35.61,35.61,37.08,80.33,73.63
36.43,36.43,36.51,79.42,76.21
36.59,36.59,36.87,78.19,75.30
38.23,38.23,37.75,78.06,77.28
37.41,37.41,36.01,77.22,76.99
38.34,38.34,35.94,78.63,75.04
38.11,38.11,35.57,79.20,75.16
38.36,38.36,35.94,79.73,72.87
36.96,36.96,34.64,80.70,72.63
34.81,34.81,34.44,81.83,74.52
34.22,34.22,34.82,82.62,74.08
33.55,33.55,35.76,81.53,76.14
34.51,34.51,35.06,81.35,75.93
35.23,35.23,36.53,80.46,74.82
37.30,37.30,36.39,81.20,77.12
36.76,36.76,35.96,80.69,76.58
37.14,37.14,37.23,80.16,76.98
36.26,36.26,37.76,81.69,76.83
34.41,34.41,36.31,82.22,77.22
35.62,35.62,36.94,82.96,75.48
35.89,35.89,36.72,81.67,77.26
37.57,37.57,37.15,80.56,75.54
38.20,38.20,36.83,78.89,76.99
37.35,37.35,37.00,79.00,77.05
36.71,36.71,36.94,78.34,77.42
37.97,37.97,37.20,75.63,76.86
37.03,37.03,36.71,76.45,77.65
38.02,38.02,36.05,76.85,76.36
39.19,39.19,36.08,78.12,75.18
37.26,37.26,34.61,78.82,74.66
37.36,37.36,35.22,78.66,75.62
36.74,36.74,34.90,78.07,75.98
37.07,37.07,35.42,78.85,75.06
37.58,37.58,35.26,78.86,76.46
37.31,37.31,33.78,79.29,73.56
38.00,38.00,34.61,78.96,74.66
37.68,37.68,35.05,78.52,75.32
38.84,38.84,37.16,78.87,72.82
37.41,37.41,36.14,80.96,74.94
35.97,35.97,34.25,82.41,74.19
35.84,35.84,34.59,81.42,74.66
35.87,35.87,34.55,82.31,75.31
36.03,36.03,35.51,82.31,72.44
35.46,35.46,35.04,82.98,72.50
34.98,34.98,33.74,84.08,72.99
38.74,38.74,35.32,82.28,73.78
37.36,37.36,34.58,81.25,74.18
36.80,36.80,33.04,82.36,74.20
36.25,36.25,31.87,83.85,74.78
35.18,35.18,29.00,82.94,74.53
34.62,34.62,30.53,83.00,72.52
36.19,36.19,31.12,82.29,73.77
37.21,37.21,33.82,82.66,73.73
36.39,36.39,33.74,83.00,73.26
35.10,35.10,33.23,81.58,74.00
34.99,34.99,33.40,80.90,73.59
36.01,36.01,32.68,78.17,73.24
35.60,35.60,32.15,70.93,74.04
38.17,38.17,31.97,72.29,72.27
38.02,38.02,32.66,72.65,72.47
37.86,37.86,32.43,74.18,72.76
36.34,36.34,32.38,75.48,73.22
35.72,35.72,31.77,77.12,75.65
37.53,37.53,33.98,75.24,75.08
38.74,38.74,36.69,79.35,74.82
36.24,36.24,36.48,80.62,72.96
35.09,35.09,36.26,80.59,71.89
34.31,34.31,36.09,81.13,70.78
33.97,33.97,36.87,82.38,74.33
33.54,33.54,36.92,81.96,74.37
31.73,31.73,34.37,83.81,74.85
32.58,32.58,34.30,83.27,73.74
31.16,31.16,34.09,82.61,71.88
33.07,33.07,36.04,82.57,71.23
33.37,33.37,35.80,83.11,73.62
34.60,34.60,36.43,83.22,73.27
34.58,34.58,35.14,81.24,75.25
37.10,37.10,36.62,80.91,75.18
37.40,37.40,36.44,78.26,74.34
38.34,38.34,35.29,79.32,76.05
37.29,37.29,33.12,78.84,74.53
38.90,38.90,33.80,77.82,75.30
39.74,39.74,34.12,77.88,75.62
40.06,40.06,33.55,78.27,75.42
39.49,39.49,33.81,77.20,76.14
38.68,38.68,33.10,77.19,76.24
40.30,40.30,34.77,76.96,74.39
40.48,40.48,34.06,77.14,74.91
37.42,37.42,35.63,77.29,70.82
36.39,36.39,34.57,79.45,73.93
35.43,35.43,35.32,80.27,72.37
37.54,37.54,35.02,82.05,68.16
35.58,35.58,34.28,82.55,69.82
36.38,36.38,34.96,82.73,70.18
34.92,34.92,33.26,82.43,71.27
32.41,32.41,29.78,83.46,73.04
34.49,34.49,31.95,83.74,72.46
35.64,35.64,33.09,84.50,72.93
33.94,33.94,31.96,83.35,73.57
36.32,36.32,34.60,83.20,72.79
34.32,34.32,31.02,82.05,74.02
36.59,36.59,32.40,82.62,73.37
36.49,36.49,32.81,81.40,72.53
36.91,36.91,31.72,80.23,72.58
37.40,37.40,32.35,81.24,71.58
36.69,36.69,32.76,81.28,72.61
37.04,37.04,32.47,81.36,72.80
36.77,36.77,33.19,80.72,72.89
36.88,36.88,32.97,79.67,70.93
37.52,37.52,32.88,77.88,68.15
37.67,37.67,31.73,77.66,69.87
36.75,36.75,33.25,76.99,70.69
37.30,37.30,32.86,77.59,69.47
37.62,37.62,34.56,77.57,73.19
36.56,36.56,34.18,78.88,72.47
35.97,35.97,33.29,79.66,73.85
35.23,35.23,34.60,80.95,71.67
35.59,35.59,32.42,82.28,71.52
35.44,35.44,34.10,83.60,70.99
36.19,36.19,34.65,83.31,71.41
34.46,34.46,32.31,83.12,70.62
37.21,37.21,34.31,82.30,69.83
35.24,35.24,32.52,82.53,70.74
37.33,37.33,34.68,82.90,71.59
36.76,36.76,34.25,81.59,70.25
37.13,37.13,35.74,81.96,71.82
35.84,35.84,36.66,83.16,70.64
35.50,35.50,35.72,84.42,69.60
35.08,35.08,34.50,83.69,70.30
35.97,35.97,35.44,83.14,67.42
36.39,36.39,36.99,83.04,68.69
35.35,35.35,38.07,82.83,67.56
35.39,35.39,39.79,83.35,67.82
34.15,34.15,38.56,81.52,67.02
36.23,36.23,39.32,79.66,68.79
35.76,35.76,38.14,78.06,62.96
36.97,36.97,38.29,77.71,66.04
36.63,36.63,39.10,77.23,62.80
35.26,35.26,39.01,77.13,64.71
35.73,35.73,38.49,77.46,62.23
36.86,36.86,40.38,78.86,62.97
36.75,36.75,39.83,77.90,65.15
34.78,34.78,37.39,79.71,63.79
34.27,34.27,36.91,79.33,62.49
33.10,33.10,35.58,79.96,63.53
34.14,34.14,35.48,79.89,63.65
34.50,34.50,37.45,80.33,63.35
34.25,34.25,35.89,81.60,60.92
33.36,33.36,35.14,83.04,63.55
34.68,34.68,35.82,84.41,67.17
35.30,35.30,36.48,83.23,66.91
33.07,33.07,34.23,83.97,67.58
33.66,33.66,34.70,83.77,66.91
33.94,33.94,36.01,84.64,68.98
33.24,33.24,35.28,84.87,69.76
32.25,32.25,36.07,83.63,66.74
30.94,30.94,36.90,82.62,64.11
29.19,29.19,36.53,82.71,68.66
28.56,28.56,35.28,81.75,68.80
31.13,31.13,34.77,81.69,71.12
31.78,31.78,35.11,80.04,70.42
34.54,34.54,35.59,78.58,70.06
35.37,35.37,35.18,75.64,69.94
35.38,35.38,34.79,72.01,69.64
34.60,34.60,34.73,70.30,69.19
36.77,36.77,34.98,67.50,69.53
36.77,36.77,35.93,72.98,68.67
37.07,37.07,37.12,74.75,68.51
37.77,37.77,36.54,73.42,67.09
34.95,34.95,35.79,77.80,65.97
33.85,33.85,37.41,79.82,66.46
33.10,33.10,38.42,81.12,67.74
32.86,32.86,39.27,81.57,69.90
33.38,33.38,36.66,81.97,70.01
33.60,33.60,36.63,81.86,72.20
34.03,34.03,35.67,84.00,70.49
32.85,32.85,36.50,84.06,69.84
31.35,31.35,35.50,83.37,69.02
31.53,31.53,36.07,83.99,68.52
32.42,32.42,36.33,83.94,71.15
32.58,32.58,35.96,84.41,69.87
33.08,33.08,38.03,83.37,70.06
32.75,32.75,38.29,83.20,70.15
34.41,34.41,38.54,81.81,68.77
34.22,34.22,38.34,83.03,69.11
34.29,34.29,38.47,83.38,67.70
35.71,35.71,39.65,81.20,67.70
37.36,37.36,40.78,81.59,69.47
38.87,38.87,40.56,80.96,69.15
40.17,40.17,39.38,81.34,69.80
40.96,40.96,39.85,80.54,71.06
40.50,40.50,41.19,79.25,68.08
41.93,41.93,42.18,77.72,69.64
42.49,42.49,42.20,78.20,67.57
46.78,46.78,42.50,76.57,68.47
53.41,53.41,43.95,74.22,68.86
53.37,53.37,43.84,72.80,69.55
47.94,47.94,42.24,69.90,69.09
45.46,45.46,42.15,71.70,67.77
44.62,44.62,42.38,69.40,66.23
42.23,42.23,40.81,70.77,68.37
40.11,40.11,41.32,69.00,67.21
39.16,39.16,41.57,70.82,69.26
38.38,38.38,40.41,71.87,71.76
36.61,36.61,38.86,69.03,70.69
36.94,36.94,40.53,71.97,72.00
35.74,35.74,40.20,72.39,73.15
35.01,35.01,40.14,69.41,71.59
34.95,34.95,39.60,72.61,72.43
33.88,33.88,37.71,72.27,71.57
35.84,35.84,39.83,71.04,69.45
35.75,35.75,39.61,73.30,71.26
33.01,33.01,37.51,71.69,70.63
33.51,33.51,39.13,71.85,70.17
32.85,32.85,38.95,71.97,71.68
31.80,31.80,38.27,70.75,68.94
32.84,32.84,38.26,72.17,71.33
33.08,33.08,39.16,73.12,71.69
33.28,33.28,39.85,71.72,69.51
31.84,31.84,38.61,73.57,69.87
30.91,30.91,38.63,72.70,70.05
30.72,30.72,39.26,72.42,69.06
30.83,30.83,38.90,73.32,70.38
30.56,30.56,38.93,71.25,69.30
30.90,30.90,38.46,72.55,70.52
30.71,30.71,38.68,73.30,70.28
31.07,31.07,38.51,72.29,67.76
31.12,31.12,39.48,73.44,69.38
29.86,29.86,38.83,73.43,70.06
29.76,29.76,39.68,71.63,69.62
31.68,31.68,39.64,73.45,70.91
31.03,31.03,41.48,71.76,69.20
30.88,30.88,39.82,73.33,70.96
29.96,29.96,39.40,73.02,71.10
29.62,29.62,39.01,72.60,68.05
30.51,30.51,40.91,72.75,70.25
29.71,29.71,40.93,72.66,70.36
29.56,29.56,40.34,70.47,69.74
30.04,30.04,39.14,72.87,71.24
28.85,28.85,39.57,70.97,69.31
29.91,29.91,40.91,72.66,70.88
29.98,29.98,40.29,71.34,71.09
31.10,31.10,41.10,70.10,67.67
30.17,30.17,41.35,69.69,70.05
29.24,29.24,41.27,65.80,70.96
29.02,29.02,41.19,65.49,69.63
28.72,28.72,41.40,65.38,70.21
28.30,28.30,39.26,64.43,70.70
30.16,30.16,40.57,62.55,70.10
28.52,28.52,38.53,65.08,69.81
29.30,29.30,40.08,63.52,67.19
30.29,30.29,40.69,64.53,68.62
28.50,28.50,39.50,68.07,69.45
29.40,29.40,40.88,61.33,65.37
26.99,26.99,37.28,65.98,69.07
28.57,28.57,38.12,65.31,69.17
28.77,28.77,39.04,64.23,67.29
29.68,29.68,40.00,65.79,69.20
29.25,29.25,40.34,63.11,67.26
29.60,29.60,40.40,64.31,68.59
29.04,29.04,39.20,64.97,69.10
30.45,30.45,40.46,62.11,65.96
30.97,30.97,40.02,65.44,69.82
27.48,27.48,37.77,64.40,69.73
28.96,28.96,39.04,62.29,67.42
29.06,29.06,39.90,63.29,69.23
27.53,27.53,38.56,61.23,67.23
25.89,25.89,37.93,62.43,67.73
25.80,25.80,38.38,64.36,68.89
27.49,27.49,37.08,61.76,65.20
27.38,27.38,39.13,63.72,69.14
27.71,27.71,38.00,62.78,68.11
26.26,26.26,38.41,60.75,64.92
25.75,25.75,35.58,61.08,67.84
26.58,26.58,35.02,60.18,65.11
26.32,26.32,35.78,60.42,66.15
25.50,25.50,36.14,62.94,69.06
26.76,26.76,36.84,62.12,65.42
25.84,25.84,35.68,63.19,66.62
25.18,25.18,34.92,62.00,68.04
26.32,26.32,36.44,61.30,65.23
27.08,27.08,36.43,59.62,67.68
26.50,26.50,34.74,58.93,67.32
24.52,24.52,33.90,58.94,65.06
23.97,23.97,34.58,62.42,68.84
23.53,23.53,34.76,60.47,66.02
26.52,26.52,34.55,61.90,67.42
27.22,27.22,34.97,60.65,68.04
28.64,28.64,34.39,58.49,65.98
26.67,26.67,33.37,57.74,67.54
25.75,25.75,33.20,56.88,67.40
26.49,26.49,33.59,57.60,65.84
24.87,24.87,32.79,59.88,67.70
24.63,24.63,31.61,59.03,64.57
25.78,25.78,32.58,59.45,66.04
23.38,23.38,30.90,58.05,66.43
22.52,22.52,29.96,55.21,64.30
23.38,23.38,30.32,56.69,66.21
23.33,23.33,30.79,55.00,65.55
24.45,24.45,32.39,56.49,63.62
23.63,23.63,31.34,56.43,65.93
22.69,22.69,31.50,55.74,63.84
22.58,22.58,31.05,55.59,65.01
22.19,22.19,31.37,53.77,65.66
24.22,24.22,32.13,51.50,63.07
22.20,22.20,30.24,53.14,65.11
21.31,21.31,29.96,51.90,65.19
20.67,20.67,29.34,53.08,63.17
22.76,22.76,29.94,53.18,65.14
22.05,22.05,30.57,51.78,62.43
20.99,20.99,28.20,51.52,62.73
22.97,22.97,27.09,49.67,64.46
19.65,19.65,29.45,48.45,62.66
22.01,22.01,26.64,49.84,62.77
18.99,18.99,27.64,50.13,63.30
19.51,19.51,27.50,49.32,60.61
21.34,21.34,27.95,49.61,63.34
20.27,20.27,31.39,48.22,61.00
21.18,21.18,28.52,48.10,61.26
19.05,19.05,27.93,45.71,62.29
17.95,17.95,29.86,46.53,59.58
18.29,18.29,27.28,47.69,62.31
14.66,14.66,29.61,48.55,62.04
16.19,16.19,28.67,46.75,59.13
19.04,19.04,28.49,48.36,62.36
19.00,19.00,29.85,45.26,59.87
18.77,18.77,28.04,45.38,58.75
20.03,20.03,30.21,44.10,62.02
17.93,17.93,28.26,43.66,58.18
16.50,16.50,28.74,47.13,61.99
16.64,16.64,27.33,46.92,62.11
19.49,19.49,27.76,45.13,59.52
16.73,16.73,27.92,46.15,62.61
20.33,20.33,26.59,43.72,60.76
18.12,18.12,26.80,43.54,59.76
18.38,18.38,25.39,44.99,62.24
17.62,17.62,26.03,45.35,59.33
21.47,21.47,30.58,48.50,62.18
28.59,28.59,36.51,48.33,62.23
26.04,26.04,36.07,47.07,58.35
20.99,20.99,32.11,45.74,62.03
17.17,17.17,31.85,44.16,60.93
17.00,17.00,31.97,45.94,60.47
16.94,16.94,26.86,47.56,62.82
16.56,16.56,28.35,47.39,60.29
18.59,18.59,30.09,49.51,62.55
18.28,18.28,28.24,49.35,62.79
18.14,18.14,27.73,48.24,59.84
18.07,18.07,28.08,46.75,62.08
18.40,18.40,29.13,45.90,60.49
17.01,17.01,27.14,46.93,60.36
16.42,16.42,27.32,49.10,62.25
16.51,16.51,28.58,49.64,59.91
15.65,15.65,28.34,49.34,61.65
15.32,15.32,27.94,49.40,62.10
17.73,17.73,28.19,46.88,61.14
16.91,16.91,27.97,47.36,62.90
16.00,16.00,28.42,46.38,61.89
14.55,14.55,28.47,48.26,60.40
13.72,13.72,27.19,49.72,62.40
11.12,11.12,29.14,50.27,61.30
10.89,10.89,27.50,49.65,61.68
14.20,14.20,28.14,49.82,62.19
14.88,14.88,29.00,48.37,61.48
14.03,14.03,27.34,48.35,62.16
10.44,10.44,28.97,48.96,61.83
12.86,12.86,30.02,50.27,61.57
12.25,12.25,27.63,50.34,62.26
11.53,11.53,30.62,50.86,60.87
10.72,10.72,28.75,49.26,60.79
10.99,10.99,30.00,49.85,61.41
11.44,11.44,28.35,48.31,60.91
9.74,9.74,28.34,48.95,60.64
10.60,10.60,29.43,49.74,60.60
10.00,10.00,30.13,50.32,60.69
11.52,11.52,30.52,50.65,60.78
9.27,9.27,30.93,50.04,59.23
8.00,8.00,29.04,49.33,59.81
5.52,5.52,30.05,49.54,60.60
7.08,7.08,29.42,48.27,58.99
6.78,6.78,28.39,49.73,59.72
6.01,6.01,30.89,50.50,59.38
8.28,8.28,28.90,48.40,59.44
8.34,8.34,29.47,50.20,59.37
8.09,8.09,29.91,48.35,57.88
8.83,8.83,26.88,47.61,59.27
9.25,9.25,28.61,47.17,59.27
9.00,9.00,26.98,45.17,57.29
10.19,10.19,27.71,48.74,58.62
9.40,9.40,29.12,49.31,58.65
9.13,9.13,27.94,47.12,57.76
8.49,8.49,30.89,49.28,57.97
7.25,7.25,31.37,46.26,56.83
7.22,7.22,30.38,46.41,58.08
6.58,6.58,32.00,47.56,57.59
7.14,7.14,33.45,45.57,55.59
5.90,5.90,33.77,48.39,57.09
4.34,4.34,32.82,49.54,57.64
5.22,5.22,35.90,47.78,54.75
5.40,5.40,34.97,48.89,56.11
6.31,6.31,36.49,48.18,55.55
4.80,4.80,34.84,46.40,55.76
6.27,6.27,36.12,48.87,55.48
7.05,7.05,37.33,47.85,53.51
4.34,4.34,36.64,49.53,55.37
3.92,3.92,37.94,50.08,54.51
3.54,3.54,38.86,47.26,52.29
3.43,3.43,36.43,49.62,53.95
3.71,3.71,37.94,48.92,54.67
5.14,5.14,35.54,46.90,52.81
4.32,4.32,38.29,50.45,53.26
4.24,4.24,38.60,48.95,52.84
4.39,4.39,35.78,49.58,53.57
4.26,4.26,38.87,51.03,52.29
3.58,3.58,38.53,46.07,51.37
3.60,3.60,35.50,49.82,52.45
3.19,3.19,39.11,49.08,52.14
2.73,2.73,38.44,46.45,50.59
2.22,2.22,38.62,50.27,50.55
4.13,4.13,39.07,47.69,51.05
5.63,5.63,38.28,47.24,49.70
5.70,5.70,39.99,49.65,48.71
7.37,7.37,37.84,48.82,48.33
9.32,9.32,38.38,51.12,49.01
9.61,9.61,38.74,51.92,47.28
10.20,10.20,38.76,48.71,46.38
10.96,10.96,38.21,51.72,46.13
12.23,12.23,39.44,50.60,46.62
12.21,12.21,37.67,48.70,44.64
12.62,12.62,37.98,51.38,44.12
13.60,13.60,35.97,50.96,44.30
15.73,15.73,36.74,51.31,44.35
17.66,17.66,36.61,51.75,42.71
15.89,15.89,37.84,48.17,41.93
11.76,11.76,43.01,47.67,40.96
7.81,7.81,46.24,45.51,37.22
9.16,9.16,45.52,43.28,33.57
9.82,9.82,48.91,45.61,31.34
11.70,11.70,49.77,43.57,31.14
10.39,10.39,49.48,42.90,30.25
8.82,8.82,50.16,41.93,26.55
9.79,9.79,49.60,37.43,26.27
9.61,9.61,50.74,38.80,21.60
8.93,8.93,50.27,37.32,18.57
9.99,9.99,49.11,33.14,12.42
9.54,9.54,50.53,35.89,16.85
9.67,9.67,50.85,32.76,24.10
8.22,8.22,49.08,33.50,23.29
8.02,8.02,49.93,34.35,22.71
9.41,9.41,49.23,31.41,20.68
9.48,9.48,48.91,32.85,18.44
8.87,8.87,48.76,32.55,15.60
9.14,9.14,48.17,27.78,10.74
9.25,9.25,49.40,28.30,13.14
12.25,12.25,48.24,27.26,18.47
13.91,13.91,31.00,23.33,12.70
2.53,2.53,15.04,13.72,6.71
0.01,0.01,2.61,4.87,1.97
